identity/LineItemId,identity/TimeInterval,lineItem/UsageStartDate,lineItem/UsageEndDate,lineItem/ProductCode,lineItem/UsageType,lineItem/Operation,lineItem/UsageAmount,lineItem/UnblendedCost,lineItem/BlendedCost,lineItem/LineItemType,product/region,resourceTags/user:Service,resourceTags/user:Team,resourceTags/user:Env
b75e7726-6e8d-4554-e9b9-3517e244858b,2026-02-17T00:00:00Z/2026-02-18T00:00:00Z,2026-02-17T00:00:00Z,2026-02-18T00:00:00Z,AmazonEKS,AmazonEKS-Hours:perCluster,RunInstances,10.9647,5.037651,4.954639,Usage,us-east-1,,,prod
65cb194f-ddad-5bfd-601e-ef8dc726aab1,2026-02-17T00:00:00Z/2026-02-18T00:00:00Z,2026-02-17T00:00:00Z,2026-02-18T00:00:00Z,AmazonEC2,BoxUsage:m5.2xlarge,RunInstances,14.8017,4.820132,4.723222,Usage,us-east-1,,,prod
9d57760d-a350-93be-488e-644cd3de19d2,2026-02-17T00:00:00Z/2026-02-18T00:00:00Z,2026-02-17T00:00:00Z,2026-02-18T00:00:00Z,AmazonEC2,BoxUsage:m5.2xlarge,RunInstances,22.8037,5.942248,5.949108,Usage,us-east-1,,,prod
0d14158e-194e-25e0-cecc-3ec0bdd950c5,2026-02-17T00:00:00Z/2026-02-18T00:00:00Z,2026-02-17T00:00:00Z,2026-02-18T00:00:00Z,AmazonEC2,BoxUsage:m5.2xlarge,RunInstances,4.1518,5.438728,5.665121,Usage,us-east-1,,,prod
bd20ed19-8a4c-8f4c-db4c-5c6f18c852c8,2026-02-17T00:00:00Z/2026-02-18T00:00:00Z,2026-02-17T00:00:00Z,2026-02-18T00:00:00Z,AmazonEC2,BoxUsage:m5.2xlarge,RunInstances,2.3435,4.764975,4.860575,Usage,us-east-1,,,prod
add03c70-e795-9b17-e895-e44e33b939d0,2026-02-17T00:00:00Z/2026-02-18T00:00:00Z,2026-02-17T00:00:00Z,2026-02-18T00:00:00Z,AmazonEC2,BoxUsage:m5.2xlarge,RunInstances,11.1807,5.469295,5.28046,Usage,us-east-1,,,prod
b4d07d0f-3fea-bdcc-89d7-ee58b3ab3bfd,2026-02-17T00:00:00Z/2026-02-18T00:00:00Z,2026-02-17T00:00:00Z,2026-02-18T00:00:00Z,AmazonEC2,BoxUsage:m5.2xlarge,RunInstances,7.8923,4.768873,4.545722,Usage,us-east-1,,,prod
389400de-1bc3-37e3-ef8f-14b5cc30dd70,2026-02-17T00:00:00Z/2026-02-18T00:00:00Z,2026-02-17T00:00:00Z,2026-02-18T00:00:00Z,AmazonEC2,BoxUsage:m5.2xlarge,RunInstances,16.9298,5.326154,5.137629,Usage,us-east-1,,,prod
a47a723f-7da4-8116-af66-fd2a9bec1bce,2026-02-17T00:00:00Z/2026-02-18T00:00:00Z,2026-02-17T00:00:00Z,2026-02-18T00:00:00Z,AmazonEC2,BoxUsage:m5.2xlarge,RunInstances,7.7531,5.146282,5.005981,Usage,us-east-1,,,prod
d41ec681-d933-b816-c72d-00cf10406e69,2026-02-17T00:00:00Z/2026-02-18T00:00:00Z,2026-02-17T00:00:00Z,2026-02-18T00:00:00Z,AmazonEC2,BoxUsage:m5.2xlarge,RunInstances,14.9356,5.477614,5.351751,Usage,us-east-1,,,prod
d784998b-b145-648b-106b-bea2155bcd41,2026-02-17T00:00:00Z/2026-02-18T00:00:00Z,2026-02-17T00:00:00Z,2026-02-18T00:00:00Z,AmazonEC2,BoxUsage:m5.2xlarge,RunInstances,8.2557,4.987771,5.157533,Usage,us-east-1,,,prod
22820adc-83e9-d3d2-c279-ee09a840346c,2026-02-17T00:00:00Z/2026-02-18T00:00:00Z,2026-02-17T00:00:00Z,2026-02-18T00:00:00Z,AmazonEC2,BoxUsage:m5.2xlarge,RunInstances,4.3202,4.879262,4.953346,Usage,us-east-1,,,prod
e4a5db24-fc70-9c4f-3e35-61f7a1e8a3fd,2026-02-17T00:00:00Z/2026-02-18T00:00:00Z,2026-02-17T00:00:00Z,2026-02-18T00:00:00Z,AmazonEC2,BoxUsage:m5.2xlarge,RunInstances,20.1782,5.399081,5.474516,Usage,us-east-1,,,prod
53f3675f-29e0-2987-425a-2711041f5282,2026-02-17T00:00:00Z/2026-02-18T00:00:00Z,2026-02-17T00:00:00Z,2026-02-18T00:00:00Z,AmazonEC2,BoxUsage:m5.2xlarge,RunInstances,4.771,5.69833,5.831561,Usage,us-east-1,,,prod
c3af2dc4-a71b-9946-89ea-cdd3686d0078,2026-02-17T00:00:00Z/2026-02-18T00:00:00Z,2026-02-17T00:00:00Z,2026-02-18T00:00:00Z,AmazonEC2,BoxUsage:m5.2xlarge,RunInstances,14.0307,5.255597,5.271956,Usage,us-east-1,,,prod
264071ab-2726-e2d3-a952-7e82eb886193,2026-02-17T00:00:00Z/2026-02-18T00:00:00Z,2026-02-17T00:00:00Z,2026-02-18T00:00:00Z,AmazonEC2,BoxUsage:m5.2xlarge,RunInstances,8.7317,5.925544,6.039086,Usage,us-east-1,,,prod
5326b423-aa1c-6c43-6168-340128cfa11a,2026-02-17T00:00:00Z/2026-02-18T00:00:00Z,2026-02-17T00:00:00Z,2026-02-18T00:00:00Z,AmazonEC2,BoxUsage:m5.2xlarge,RunInstances,16.821,6.025354,6.23184,Usage,us-east-1,,,prod
c8080c35-84a2-d4ad-f3ee-52b48362a90d,2026-02-17T00:00:00Z/2026-02-18T00:00:00Z,2026-02-17T00:00:00Z,2026-02-18T00:00:00Z,AmazonEC2,BoxUsage:m5.2xlarge,RunInstances,1.6258,5.758058,5.843232,Usage,us-east-1,,,prod
638698af-af92-9e48-0a0f-09eb84e3c6cf,2026-02-17T00:00:00Z/2026-02-18T00:00:00Z,2026-02-17T00:00:00Z,2026-02-18T00:00:00Z,AmazonEC2,BoxUsage:m5.2xlarge,RunInstances,20.1397,5.271941,5.335916,Usage,us-east-1,,,prod
4f5e5eec-3a3a-f2d4-5588-9b42afc66c12,2026-02-17T00:00:00Z/2026-02-18T00:00:00Z,2026-02-17T00:00:00Z,2026-02-18T00:00:00Z,AmazonEC2,BoxUsage:m5.2xlarge,RunInstances,15.6122,5.835947,5.958039,Usage,us-east-1,,,prod
466b1152-aa6f-f464-1196-3a10cbdafea7,2026-02-17T00:00:00Z/2026-02-18T00:00:00Z,2026-02-17T00:00:00Z,2026-02-18T00:00:00Z,AmazonEC2,BoxUsage:m5.2xlarge,RunInstances,1.6373,4.717126,4.949883,Usage,us-east-1,,,prod
3280e72b-3e79-2928-b8a1-75783a4a05a1,2026-02-17T00:00:00Z/2026-02-18T00:00:00Z,2026-02-17T00:00:00Z,2026-02-18T00:00:00Z,AmazonEC2,BoxUsage:m5.xlarge,RunInstances,12.8638,238.80854,237.238387,Usage,us-east-1,,,prod
9590eca5-915f-242b-d65f-425d1df55fe4,2026-02-17T00:00:00Z/2026-02-18T00:00:00Z,2026-02-17T00:00:00Z,2026-02-18T00:00:00Z,AmazonEC2,BoxUsage:m5.xlarge,RunInstances,23.7493,298.637349,287.333012,Usage,us-east-1,,,prod
03b132fe-96e1-2a1a-6320-86bb0d942711,2026-02-17T00:00:00Z/2026-02-18T00:00:00Z,2026-02-17T00:00:00Z,2026-02-18T00:00:00Z,AmazonEC2,BoxUsage:m5.xlarge,RunInstances,7.0995,254.229149,265.720787,Usage,us-east-1,,,prod
902a8bdb-39ca-2a06-eaa6-9bcef8bcade9,2026-02-17T00:00:00Z/2026-02-18T00:00:00Z,2026-02-17T00:00:00Z,2026-02-18T00:00:00Z,AmazonEC2,BoxUsage:m5.xlarge,RunInstances,9.6269,231.642811,221.187583,Usage,us-east-1,,,prod
818c6d1f-93ec-2da4-342d-082558fccbaf,2026-02-17T00:00:00Z/2026-02-18T00:00:00Z,2026-02-17T00:00:00Z,2026-02-18T00:00:00Z,AmazonEC2,BoxUsage:m5.xlarge,RunInstances,19.2889,298.298165,296.418324,Usage,us-east-1,,,prod
bb1b7a50-ee82-cbb1-4d97-b0489ddc8c2a,2026-02-18T00:00:00Z/2026-02-19T00:00:00Z,2026-02-18T00:00:00Z,2026-02-19T00:00:00Z,AmazonEKS,AmazonEKS-Hours:perCluster,RunInstances,8.8215,4.855215,4.982434,Usage,us-east-1,,,prod
cf4aff31-ae49-4954-7055-5d4fb76f6189,2026-02-18T00:00:00Z/2026-02-19T00:00:00Z,2026-02-18T00:00:00Z,2026-02-19T00:00:00Z,AmazonEC2,BoxUsage:m5.2xlarge,RunInstances,11.1601,5.264844,5.107282,Usage,us-east-1,,,prod
3af331ba-2fe8-2699-9787-76577c3d5bc8,2026-02-18T00:00:00Z/2026-02-19T00:00:00Z,2026-02-18T00:00:00Z,2026-02-19T00:00:00Z,AmazonEC2,BoxUsage:m5.2xlarge,RunInstances,3.5988,5.516811,5.319363,Usage,us-east-1,,,prod
838d1c25-d9b9-ef8c-a2d3-bd2efc0c56c8,2026-02-18T00:00:00Z/2026-02-19T00:00:00Z,2026-02-18T00:00:00Z,2026-02-19T00:00:00Z,AmazonEC2,BoxUsage:m5.2xlarge,RunInstances,19.8221,5.553199,5.662304,Usage,us-east-1,,,prod
e3e588de-7e13-0f84-4b34-4523506533ec,2026-02-18T00:00:00Z/2026-02-19T00:00:00Z,2026-02-18T00:00:00Z,2026-02-19T00:00:00Z,AmazonEC2,BoxUsage:m5.2xlarge,RunInstances,15.6802,4.872569,4.977284,Usage,us-east-1,,,prod
12816374-fbda-f804-ef58-9158a8a2f679,2026-02-18T00:00:00Z/2026-02-19T00:00:00Z,2026-02-18T00:00:00Z,2026-02-19T00:00:00Z,AmazonEC2,BoxUsage:m5.2xlarge,RunInstances,15.1747,4.647379,4.594945,Usage,us-east-1,,,prod
106f8b61-5b6e-b7d7-3dba-2220679929d0,2026-02-18T00:00:00Z/2026-02-19T00:00:00Z,2026-02-18T00:00:00Z,2026-02-19T00:00:00Z,AmazonEC2,BoxUsage:m5.2xlarge,RunInstances,3.0148,6.052393,5.968915,Usage,us-east-1,,,prod
67b0adac-05ea-a505-4d77-e28898d910c3,2026-02-18T00:00:00Z/2026-02-19T00:00:00Z,2026-02-18T00:00:00Z,2026-02-19T00:00:00Z,AmazonEC2,BoxUsage:m5.2xlarge,RunInstances,23.1661,4.707989,4.501171,Usage,us-east-1,,,prod
075e2f3b-7347-f390-6dd3-4980effd73f6,2026-02-18T00:00:00Z/2026-02-19T00:00:00Z,2026-02-18T00:00:00Z,2026-02-19T00:00:00Z,AmazonEC2,BoxUsage:m5.2xlarge,RunInstances,13.975,5.150403,5.138573,Usage,us-east-1,,,prod
dbe70d68-228d-9114-a81d-e02eac8f68b2,2026-02-18T00:00:00Z/2026-02-19T00:00:00Z,2026-02-18T00:00:00Z,2026-02-19T00:00:00Z,AmazonEC2,BoxUsage:m5.2xlarge,RunInstances,10.6555,5.176831,5.040043,Usage,us-east-1,,,prod
f0fcaa02-8b42-7c12-94fc-8788c8f326b6,2026-02-18T00:00:00Z/2026-02-19T00:00:00Z,2026-02-18T00:00:00Z,2026-02-19T00:00:00Z,AmazonEC2,BoxUsage:m5.2xlarge,RunInstances,6.3605,5.075635,5.256766,Usage,us-east-1,,,prod
d3c277db-c319-22ed-8414-fefd4d8af2b2,2026-02-18T00:00:00Z/2026-02-19T00:00:00Z,2026-02-18T00:00:00Z,2026-02-19T00:00:00Z,AmazonEC2,BoxUsage:m5.2xlarge,RunInstances,19.9809,4.588112,4.496745,Usage,us-east-1,,,prod
f324a997-2c25-1673-83eb-9635b37d046e,2026-02-18T00:00:00Z/2026-02-19T00:00:00Z,2026-02-18T00:00:00Z,2026-02-19T00:00:00Z,AmazonEC2,BoxUsage:m5.2xlarge,RunInstances,1.6135,5.359505,5.470333,Usage,us-east-1,,,prod
a263efbc-bda8-9ef4-fddc-0e354203e87e,2026-02-18T00:00:00Z/2026-02-19T00:00:00Z,2026-02-18T00:00:00Z,2026-02-19T00:00:00Z,AmazonEC2,BoxUsage:m5.2xlarge,RunInstances,5.6704,5.866691,5.832111,Usage,us-east-1,,,prod
a74a051d-2d00-b94e-5ca2-41c027641da5,2026-02-18T00:00:00Z/2026-02-19T00:00:00Z,2026-02-18T00:00:00Z,2026-02-19T00:00:00Z,AmazonEC2,BoxUsage:m5.2xlarge,RunInstances,8.1038,4.597702,4.784952,Usage,us-east-1,,,prod
aeaea7c1-0f81-44a2-6c87-f9d40829c4d7,2026-02-18T00:00:00Z/2026-02-19T00:00:00Z,2026-02-18T00:00:00Z,2026-02-19T00:00:00Z,AmazonEC2,BoxUsage:m5.2xlarge,RunInstances,14.728,5.670421,5.629922,Usage,us-east-1,,,prod
78b2b3ee-15f1-3c75-0d97-4fd82ad5ec76,2026-02-18T00:00:00Z/2026-02-19T00:00:00Z,2026-02-18T00:00:00Z,2026-02-19T00:00:00Z,AmazonEC2,BoxUsage:m5.2xlarge,RunInstances,9.1464,4.845957,4.669098,Usage,us-east-1,,,prod
5b668799-a9a3-3b08-4985-4ecdb8e17d64,2026-02-18T00:00:00Z/2026-02-19T00:00:00Z,2026-02-18T00:00:00Z,2026-02-19T00:00:00Z,AmazonEC2,BoxUsage:m5.2xlarge,RunInstances,10.7922,5.168848,5.02678,Usage,us-east-1,,,prod
88cc0642-71f9-8e0a-b2ce-3aba107437b0,2026-02-18T00:00:00Z/2026-02-19T00:00:00Z,2026-02-18T00:00:00Z,2026-02-19T00:00:00Z,AmazonEC2,BoxUsage:m5.2xlarge,RunInstances,2.9342,5.126173,5.179658,Usage,us-east-1,,,prod
6a7e5e7e-132a-2745-0c2a-a11a11d97967,2026-02-18T00:00:00Z/2026-02-19T00:00:00Z,2026-02-18T00:00:00Z,2026-02-19T00:00:00Z,AmazonEC2,BoxUsage:m5.2xlarge,RunInstances,20.9132,5.611174,5.768975,Usage,us-east-1,,,prod
6ad2fc69-5133-839a-2ac9-baadf3445e40,2026-02-18T00:00:00Z/2026-02-19T00:00:00Z,2026-02-18T00:00:00Z,2026-02-19T00:00:00Z,AmazonEC2,BoxUsage:m5.2xlarge,RunInstances,18.6642,5.714284,5.474808,Usage,us-east-1,,,prod
2f7bd802-2aba-6ea1-59e5-806749e6a1e7,2026-02-18T00:00:00Z/2026-02-19T00:00:00Z,2026-02-18T00:00:00Z,2026-02-19T00:00:00Z,AmazonEC2,BoxUsage:m5.xlarge,RunInstances,4.5665,284.754074,297.353889,Usage,us-east-1,,,prod
89a33c61-51f3-874a-6cf2-38ac78fada08,2026-02-18T00:00:00Z/2026-02-19T00:00:00Z,2026-02-18T00:00:00Z,2026-02-19T00:00:00Z,AmazonEC2,BoxUsage:m5.xlarge,RunInstances,20.7195,259.070092,263.176625,Usage,us-east-1,,,prod
5aa0e3e0-a3b6-56f1-7818-bf3b3159e89e,2026-02-18T00:00:00Z/2026-02-19T00:00:00Z,2026-02-18T00:00:00Z,2026-02-19T00:00:00Z,AmazonEC2,BoxUsage:m5.xlarge,RunInstances,3.6405,242.923908,249.236224,Usage,us-east-1,,,prod
bfea501d-6715-4ec6-c928-3902aabeea40,2026-02-18T00:00:00Z/2026-02-19T00:00:00Z,2026-02-18T00:00:00Z,2026-02-19T00:00:00Z,AmazonEC2,BoxUsage:m5.xlarge,RunInstances,9.9816,274.826162,274.673506,Usage,us-east-1,,,prod
87f7f3c3-76c4-ac03-949e-8bdee445a6b2,2026-02-18T00:00:00Z/2026-02-19T00:00:00Z,2026-02-18T00:00:00Z,2026-02-19T00:00:00Z,AmazonEC2,BoxUsage:m5.xlarge,RunInstances,2.9777,267.153347,255.710717,Usage,us-east-1,,,prod
d6bdb15e-46a2-60e1-6d64-4d083a3b1587,2026-02-19T00:00:00Z/2026-02-20T00:00:00Z,2026-02-19T00:00:00Z,2026-02-20T00:00:00Z,AmazonEKS,AmazonEKS-Hours:perCluster,RunInstances,6.7955,4.654415,4.494473,Usage,us-east-1,,,prod
6f0c37f3-0715-874c-f1ef-ccb399a57930,2026-02-19T00:00:00Z/2026-02-20T00:00:00Z,2026-02-19T00:00:00Z,2026-02-20T00:00:00Z,AmazonEC2,BoxUsage:m5.2xlarge,RunInstances,19.8588,4.6434,4.501021,Usage,us-east-1,,,prod
c563475a-5517-903d-1f76-3bce57decd07,2026-02-19T00:00:00Z/2026-02-20T00:00:00Z,2026-02-19T00:00:00Z,2026-02-20T00:00:00Z,AmazonEC2,BoxUsage:m5.2xlarge,RunInstances,4.1644,5.922853,5.817226,Usage,us-east-1,,,prod
a7203c08-db79-8e5e-35c3-71be568be62b,2026-02-19T00:00:00Z/2026-02-20T00:00:00Z,2026-02-19T00:00:00Z,2026-02-20T00:00:00Z,AmazonEC2,BoxUsage:m5.2xlarge,RunInstances,9.7514,4.844158,4.813871,Usage,us-east-1,,,prod
8319e66b-0723-5e63-7226-c3e08801679d,2026-02-19T00:00:00Z/2026-02-20T00:00:00Z,2026-02-19T00:00:00Z,2026-02-20T00:00:00Z,AmazonEC2,BoxUsage:m5.2xlarge,RunInstances,14.9099,5.462102,5.574798,Usage,us-east-1,,,prod
d351be36-ef2e-59ba-4c73-e1e3ec41f66a,2026-02-19T00:00:00Z/2026-02-20T00:00:00Z,2026-02-19T00:00:00Z,2026-02-20T00:00:00Z,AmazonEC2,BoxUsage:m5.2xlarge,RunInstances,22.696,4.540541,4.359374,Usage,us-east-1,,,prod
6e7482a5-6a13-ad9c-50ab-539a54e9e991,2026-02-19T00:00:00Z/2026-02-20T00:00:00Z,2026-02-19T00:00:00Z,2026-02-20T00:00:00Z,AmazonEC2,BoxUsage:m5.2xlarge,RunInstances,10.2286,4.754446,4.528658,Usage,us-east-1,,,prod
7e643178-ed30-5f2e-9fd2-acd542fa6a6f,2026-02-19T00:00:00Z/2026-02-20T00:00:00Z,2026-02-19T00:00:00Z,2026-02-20T00:00:00Z,AmazonEC2,BoxUsage:m5.2xlarge,RunInstances,8.6894,5.977605,6.08059,Usage,us-east-1,,,prod
8ed2d127-940d-e5ae-1334-af49b209aaa6,2026-02-19T00:00:00Z/2026-02-20T00:00:00Z,2026-02-19T00:00:00Z,2026-02-20T00:00:00Z,AmazonEC2,BoxUsage:m5.2xlarge,RunInstances,21.5241,4.735885,4.859168,Usage,us-east-1,,,prod
f4ccdf0a-3367-8c2d-60c0-cfba63d566ce,2026-02-19T00:00:00Z/2026-02-20T00:00:00Z,2026-02-19T00:00:00Z,2026-02-20T00:00:00Z,AmazonEC2,BoxUsage:m5.2xlarge,RunInstances,8.332,5.749737,5.729905,Usage,us-east-1,,,prod
2197764c-8f17-cbac-c10a-651a90b9f689,2026-02-19T00:00:00Z/2026-02-20T00:00:00Z,2026-02-19T00:00:00Z,2026-02-20T00:00:00Z,AmazonEC2,BoxUsage:m5.2xlarge,RunInstances,1.4386,5.284735,5.53909,Usage,us-east-1,,,prod
fbfbaa15-0ab8-4950-7d54-98721aa733b5,2026-02-19T00:00:00Z/2026-02-20T00:00:00Z,2026-02-19T00:00:00Z,2026-02-20T00:00:00Z,AmazonEC2,BoxUsage:m5.2xlarge,RunInstances,12.4331,4.992499,5.014495,Usage,us-east-1,,,prod
28253ec9-fedf-cb50-a10e-240acb5b9e11,2026-02-19T00:00:00Z/2026-02-20T00:00:00Z,2026-02-19T00:00:00Z,2026-02-20T00:00:00Z,AmazonEC2,BoxUsage:m5.2xlarge,RunInstances,8.3195,4.710601,4.814651,Usage,us-east-1,,,prod
2eec446a-95e7-eb98-0688-8968955525b3,2026-02-19T00:00:00Z/2026-02-20T00:00:00Z,2026-02-19T00:00:00Z,2026-02-20T00:00:00Z,AmazonEC2,BoxUsage:m5.2xlarge,RunInstances,8.236,5.223583,5.153394,Usage,us-east-1,,,prod
9aef711a-aa81-c18b-de3b-934d810aa9f0,2026-02-19T00:00:00Z/2026-02-20T00:00:00Z,2026-02-19T00:00:00Z,2026-02-20T00:00:00Z,AmazonEC2,BoxUsage:m5.2xlarge,RunInstances,16.8772,5.45073,5.481876,Usage,us-east-1,,,prod
bb662bd8-9ecd-acc6-b294-d35883111ab2,2026-02-19T00:00:00Z/2026-02-20T00:00:00Z,2026-02-19T00:00:00Z,2026-02-20T00:00:00Z,AmazonEC2,BoxUsage:m5.2xlarge,RunInstances,21.7607,5.199297,5.2558,Usage,us-east-1,,,prod
7f8e6853-15f0-4ee7-a9c1-5c0102f1ebce,2026-02-19T00:00:00Z/2026-02-20T00:00:00Z,2026-02-19T00:00:00Z,2026-02-20T00:00:00Z,AmazonEC2,BoxUsage:m5.2xlarge,RunInstances,8.7313,5.089388,5.043965,Usage,us-east-1,,,prod
58bfa2c8-7533-faa6-cf5e-c69da4f83539,2026-02-19T00:00:00Z/2026-02-20T00:00:00Z,2026-02-19T00:00:00Z,2026-02-20T00:00:00Z,AmazonEC2,BoxUsage:m5.2xlarge,RunInstances,3.1739,5.589945,5.373986,Usage,us-east-1,,,prod
e1c67d45-a4ec-613c-75d8-87d3d7aaf9ee,2026-02-19T00:00:00Z/2026-02-20T00:00:00Z,2026-02-19T00:00:00Z,2026-02-20T00:00:00Z,AmazonEC2,BoxUsage:m5.2xlarge,RunInstances,23.5181,4.968813,4.728439,Usage,us-east-1,,,prod
52a7fc0f-a646-8b04-aa6e-cc0acee76b61,2026-02-19T00:00:00Z/2026-02-20T00:00:00Z,2026-02-19T00:00:00Z,2026-02-20T00:00:00Z,AmazonEC2,BoxUsage:m5.2xlarge,RunInstances,15.1648,5.105379,5.046744,Usage,us-east-1,,,prod
5d125f9b-0192-2822-8a29-dd4f7be1ba43,2026-02-19T00:00:00Z/2026-02-20T00:00:00Z,2026-02-19T00:00:00Z,2026-02-20T00:00:00Z,AmazonEC2,BoxUsage:m5.2xlarge,RunInstances,2.7427,5.48044,5.370148,Usage,us-east-1,,,prod
57179976-0c2c-f847-19cc-b80d4fa55583,2026-02-19T00:00:00Z/2026-02-20T00:00:00Z,2026-02-19T00:00:00Z,2026-02-20T00:00:00Z,AmazonEC2,BoxUsage:m5.xlarge,RunInstances,14.9971,303.800083,302.487932,Usage,us-east-1,,,prod
50495e04-9207-0474-8af4-2462806d8c3d,2026-02-19T00:00:00Z/2026-02-20T00:00:00Z,2026-02-19T00:00:00Z,2026-02-20T00:00:00Z,AmazonEC2,BoxUsage:m5.xlarge,RunInstances,5.4269,295.438733,308.302824,Usage,us-east-1,,,prod
db248758-054b-a990-02b9-dff579130233,2026-02-19T00:00:00Z/2026-02-20T00:00:00Z,2026-02-19T00:00:00Z,2026-02-20T00:00:00Z,AmazonEC2,BoxUsage:m5.xlarge,RunInstances,1.8189,252.694313,256.902445,Usage,us-east-1,,,prod
05ee413c-1914-1212-1307-f9da528499aa,2026-02-19T00:00:00Z/2026-02-20T00:00:00Z,2026-02-19T00:00:00Z,2026-02-20T00:00:00Z,AmazonEC2,BoxUsage:m5.xlarge,RunInstances,10.3214,263.410134,263.617183,Usage,us-east-1,,,prod
2f18e28d-83c5-d383-d3cd-868a8ec74455,2026-02-19T00:00:00Z/2026-02-20T00:00:00Z,2026-02-19T00:00:00Z,2026-02-20T00:00:00Z,AmazonEC2,BoxUsage:m5.xlarge,RunInstances,3.3829,235.64709,226.693254,Usage,us-east-1,,,prod
15049a17-8940-dee1-7887-e4c929be5fe0,2026-02-20T00:00:00Z/2026-02-21T00:00:00Z,2026-02-20T00:00:00Z,2026-02-21T00:00:00Z,AmazonEKS,AmazonEKS-Hours:perCluster,RunInstances,5.462,6.056948,5.887994,Usage,us-east-1,,,prod
e80a149f-cfa9-63ec-3360-bf74035d6229,2026-02-20T00:00:00Z/2026-02-21T00:00:00Z,2026-02-20T00:00:00Z,2026-02-21T00:00:00Z,AmazonEC2,BoxUsage:m5.2xlarge,RunInstances,16.8921,6.115451,5.87482,Usage,us-east-1,,,prod
93fa5208-9b4c-a82e-e555-410185423297,2026-02-20T00:00:00Z/2026-02-21T00:00:00Z,2026-02-20T00:00:00Z,2026-02-21T00:00:00Z,AmazonEC2,BoxUsage:m5.2xlarge,RunInstances,16.023,5.670157,5.805685,Usage,us-east-1,,,prod
f2e3b2da-3780-789c-8988-554a5f923efd,2026-02-20T00:00:00Z/2026-02-21T00:00:00Z,2026-02-20T00:00:00Z,2026-02-21T00:00:00Z,AmazonEC2,BoxUsage:m5.2xlarge,RunInstances,8.8936,5.529466,5.557934,Usage,us-east-1,,,prod
1744f1ae-ebe4-b587-f1da-3905e059f861,2026-02-20T00:00:00Z/2026-02-21T00:00:00Z,2026-02-20T00:00:00Z,2026-02-21T00:00:00Z,AmazonEC2,BoxUsage:m5.2xlarge,RunInstances,17.0823,4.833016,4.669819,Usage,us-east-1,,,prod
23b5a46b-b19f-62fa-0e13-8023f491aee6,2026-02-20T00:00:00Z/2026-02-21T00:00:00Z,2026-02-20T00:00:00Z,2026-02-21T00:00:00Z,AmazonEC2,BoxUsage:m5.2xlarge,RunInstances,4.9684,5.30621,5.317049,Usage,us-east-1,,,prod
87733162-d0a7-c749-ee60-a542546d2d36,2026-02-20T00:00:00Z/2026-02-21T00:00:00Z,2026-02-20T00:00:00Z,2026-02-21T00:00:00Z,AmazonEC2,BoxUsage:m5.2xlarge,RunInstances,6.8347,4.543727,4.531721,Usage,us-east-1,,,prod
8e87cf25-c1d7-0d62-458d-83f7d760cb24,2026-02-20T00:00:00Z/2026-02-21T00:00:00Z,2026-02-20T00:00:00Z,2026-02-21T00:00:00Z,AmazonEC2,BoxUsage:m5.2xlarge,RunInstances,12.4132,5.481129,5.218933,Usage,us-east-1,,,prod
208c1f35-4f5e-c561-b653-e9bd21b393c7,2026-02-20T00:00:00Z/2026-02-21T00:00:00Z,2026-02-20T00:00:00Z,2026-02-21T00:00:00Z,AmazonEC2,BoxUsage:m5.2xlarge,RunInstances,13.6364,4.996025,4.823902,Usage,us-east-1,,,prod
f01a6859-d04e-50c9-4be0-7de7cc896b20,2026-02-20T00:00:00Z/2026-02-21T00:00:00Z,2026-02-20T00:00:00Z,2026-02-21T00:00:00Z,AmazonEC2,BoxUsage:m5.2xlarge,RunInstances,11.931,5.064336,4.938558,Usage,us-east-1,,,prod
892d2176-8963-e1e8-839a-c9dda9818363,2026-02-20T00:00:00Z/2026-02-21T00:00:00Z,2026-02-20T00:00:00Z,2026-02-21T00:00:00Z,AmazonEC2,BoxUsage:m5.2xlarge,RunInstances,4.0093,4.872937,5.036159,Usage,us-east-1,,,prod
edd92374-fe50-60bb-249b-f0b55e50deaa,2026-02-20T00:00:00Z/2026-02-21T00:00:00Z,2026-02-20T00:00:00Z,2026-02-21T00:00:00Z,AmazonEC2,BoxUsage:m5.2xlarge,RunInstances,12.2135,6.028284,6.325399,Usage,us-east-1,,,prod
492f38c9-919a-1363-ae19-c354ceb7e2ad,2026-02-20T00:00:00Z/2026-02-21T00:00:00Z,2026-02-20T00:00:00Z,2026-02-21T00:00:00Z,AmazonEC2,BoxUsage:m5.2xlarge,RunInstances,4.1853,5.124017,5.267505,Usage,us-east-1,,,prod
e47f0acf-d00d-5f35-44e0-4adb114ad4ec,2026-02-20T00:00:00Z/2026-02-21T00:00:00Z,2026-02-20T00:00:00Z,2026-02-21T00:00:00Z,AmazonEC2,BoxUsage:m5.2xlarge,RunInstances,18.9257,5.422663,5.515446,Usage,us-east-1,,,prod
c2f576c1-2aa2-1f07-0763-5c00befbcad3,2026-02-20T00:00:00Z/2026-02-21T00:00:00Z,2026-02-20T00:00:00Z,2026-02-21T00:00:00Z,AmazonEC2,BoxUsage:m5.2xlarge,RunInstances,1.1443,5.720164,5.721819,Usage,us-east-1,,,prod
e7400362-541b-2ec3-fcd2-9195faa3779c,2026-02-20T00:00:00Z/2026-02-21T00:00:00Z,2026-02-20T00:00:00Z,2026-02-21T00:00:00Z,AmazonEC2,BoxUsage:m5.2xlarge,RunInstances,11.3566,4.546582,4.514658,Usage,us-east-1,,,prod
d1c3168b-570e-bb57-f26f-1af631808773,2026-02-20T00:00:00Z/2026-02-21T00:00:00Z,2026-02-20T00:00:00Z,2026-02-21T00:00:00Z,AmazonEC2,BoxUsage:m5.2xlarge,RunInstances,23.7441,4.969855,4.733901,Usage,us-east-1,,,prod
8335859e-34a2-909e-9770-f00104fc6a02,2026-02-20T00:00:00Z/2026-02-21T00:00:00Z,2026-02-20T00:00:00Z,2026-02-21T00:00:00Z,AmazonEC2,BoxUsage:m5.2xlarge,RunInstances,5.49,4.590042,4.551862,Usage,us-east-1,,,prod
4d9c64d3-c337-8658-6d8c-fc7456c7ba3d,2026-02-20T00:00:00Z/2026-02-21T00:00:00Z,2026-02-20T00:00:00Z,2026-02-21T00:00:00Z,AmazonEC2,BoxUsage:m5.2xlarge,RunInstances,5.5574,5.859851,5.643918,Usage,us-east-1,,,prod
174e7d5c-2acb-d2ea-1b90-62db5abf2db7,2026-02-20T00:00:00Z/2026-02-21T00:00:00Z,2026-02-20T00:00:00Z,2026-02-21T00:00:00Z,AmazonEC2,BoxUsage:m5.2xlarge,RunInstances,22.4473,5.636546,5.455183,Usage,us-east-1,,,prod
8b779712-e6ba-459c-cc01-211869cbb26a,2026-02-20T00:00:00Z/2026-02-21T00:00:00Z,2026-02-20T00:00:00Z,2026-02-21T00:00:00Z,AmazonEC2,BoxUsage:m5.2xlarge,RunInstances,12.9117,6.093768,6.226063,Usage,us-east-1,,,prod
d48123f8-5fc4-2cf3-eb63-842e1025877b,2026-02-20T00:00:00Z/2026-02-21T00:00:00Z,2026-02-20T00:00:00Z,2026-02-21T00:00:00Z,AmazonEC2,BoxUsage:m5.xlarge,RunInstances,4.53,259.49397,254.95848,Usage,us-east-1,,,prod
6c4e39df-281b-0678-b5f8-a5e0437d96e3,2026-02-20T00:00:00Z/2026-02-21T00:00:00Z,2026-02-20T00:00:00Z,2026-02-21T00:00:00Z,AmazonEC2,BoxUsage:m5.xlarge,RunInstances,6.7985,283.577221,281.265398,Usage,us-east-1,,,prod
b3ff9f47-b123-44fd-bebe-c926e9a08db5,2026-02-20T00:00:00Z/2026-02-21T00:00:00Z,2026-02-20T00:00:00Z,2026-02-21T00:00:00Z,AmazonEC2,BoxUsage:m5.xlarge,RunInstances,4.9826,265.378449,262.391594,Usage,us-east-1,,,prod
ae8a6215-cd2c-d134-6a04-43581863a1a6,2026-02-20T00:00:00Z/2026-02-21T00:00:00Z,2026-02-20T00:00:00Z,2026-02-21T00:00:00Z,AmazonEC2,BoxUsage:m5.xlarge,RunInstances,21.5996,243.656767,242.422205,Usage,us-east-1,,,prod
25be64ad-2d22-c0e1-b0f8-2d634f956cca,2026-02-20T00:00:00Z/2026-02-21T00:00:00Z,2026-02-20T00:00:00Z,2026-02-21T00:00:00Z,AmazonEC2,BoxUsage:m5.xlarge,RunInstances,12.3036,260.261704,266.708264,Usage,us-east-1,,,prod
95e780bf-90c5-1d7c-9cab-4bc0bd6d6b2f,2026-02-21T00:00:00Z/2026-02-22T00:00:00Z,2026-02-21T00:00:00Z,2026-02-22T00:00:00Z,AmazonEKS,AmazonEKS-Hours:perCluster,RunInstances,5.8301,4.831818,4.943143,Usage,us-east-1,,,prod
e7bb19f4-3ccd-7c1f-b9ff-55dd8d4901c7,2026-02-21T00:00:00Z/2026-02-22T00:00:00Z,2026-02-21T00:00:00Z,2026-02-22T00:00:00Z,AmazonEC2,BoxUsage:m5.2xlarge,RunInstances,22.7711,4.85065,4.751545,Usage,us-east-1,,,prod
7b15947a-9bdf-2376-7aa5-9f176895b7be,2026-02-21T00:00:00Z/2026-02-22T00:00:00Z,2026-02-21T00:00:00Z,2026-02-22T00:00:00Z,AmazonEC2,BoxUsage:m5.2xlarge,RunInstances,22.6616,4.808842,4.965583,Usage,us-east-1,,,prod
86876b97-da2d-afdc-54dc-065e02727ebc,2026-02-21T00:00:00Z/2026-02-22T00:00:00Z,2026-02-21T00:00:00Z,2026-02-22T00:00:00Z,AmazonEC2,BoxUsage:m5.2xlarge,RunInstances,11.2945,6.089525,5.846566,Usage,us-east-1,,,prod
6b96c465-59ef-352e-874b-e10b65b99197,2026-02-21T00:00:00Z/2026-02-22T00:00:00Z,2026-02-21T00:00:00Z,2026-02-22T00:00:00Z,AmazonEC2,BoxUsage:m5.2xlarge,RunInstances,8.719,4.839831,4.854633,Usage,us-east-1,,,prod
d7050fb7-8705-e27d-09f1-8ca238471a15,2026-02-21T00:00:00Z/2026-02-22T00:00:00Z,2026-02-21T00:00:00Z,2026-02-22T00:00:00Z,AmazonEC2,BoxUsage:m5.2xlarge,RunInstances,11.9655,5.61622,5.853414,Usage,us-east-1,,,prod
ee0853dc-4399-b096-d256-e2c398432d24,2026-02-21T00:00:00Z/2026-02-22T00:00:00Z,2026-02-21T00:00:00Z,2026-02-22T00:00:00Z,AmazonEC2,BoxUsage:m5.2xlarge,RunInstances,1.8159,5.690225,5.745681,Usage,us-east-1,,,prod
c9b93c7d-716f-eb1d-cfc1-9d25d9963a03,2026-02-21T00:00:00Z/2026-02-22T00:00:00Z,2026-02-21T00:00:00Z,2026-02-22T00:00:00Z,AmazonEC2,BoxUsage:m5.2xlarge,RunInstances,11.8807,6.085828,6.098607,Usage,us-east-1,,,prod
5bdb0504-e387-1318-ead8-05ff928caec5,2026-02-21T00:00:00Z/2026-02-22T00:00:00Z,2026-02-21T00:00:00Z,2026-02-22T00:00:00Z,AmazonEC2,BoxUsage:m5.2xlarge,RunInstances,8.8416,5.064979,5.22951,Usage,us-east-1,,,prod
75f4bfd7-6f8d-1a8f-3136-8c0c1e2e87a4,2026-02-21T00:00:00Z/2026-02-22T00:00:00Z,2026-02-21T00:00:00Z,2026-02-22T00:00:00Z,AmazonEC2,BoxUsage:m5.2xlarge,RunInstances,7.219,4.938327,5.067673,Usage,us-east-1,,,prod
fffd40e1-56a4-1ba4-8071-ce4f19a702ab,2026-02-21T00:00:00Z/2026-02-22T00:00:00Z,2026-02-21T00:00:00Z,2026-02-22T00:00:00Z,AmazonEC2,BoxUsage:m5.2xlarge,RunInstances,3.3535,4.71674,4.644327,Usage,us-east-1,,,prod
fbbb0a96-7197-67d9-5611-20a7c088b35e,2026-02-21T00:00:00Z/2026-02-22T00:00:00Z,2026-02-21T00:00:00Z,2026-02-22T00:00:00Z,AmazonEC2,BoxUsage:m5.2xlarge,RunInstances,5.1992,5.685856,5.77743,Usage,us-east-1,,,prod
b68eed6f-dd43-fe0d-4321-962a37d0cc00,2026-02-21T00:00:00Z/2026-02-22T00:00:00Z,2026-02-21T00:00:00Z,2026-02-22T00:00:00Z,AmazonEC2,BoxUsage:m5.2xlarge,RunInstances,2.1453,4.634011,4.459029,Usage,us-east-1,,,prod
5ace8598-5263-09fc-e91b-472e7c1fa980,2026-02-21T00:00:00Z/2026-02-22T00:00:00Z,2026-02-21T00:00:00Z,2026-02-22T00:00:00Z,AmazonEC2,BoxUsage:m5.2xlarge,RunInstances,17.3976,5.349854,5.146853,Usage,us-east-1,,,prod
258a6559-f467-b4c4-7c68-5da921b1af15,2026-02-21T00:00:00Z/2026-02-22T00:00:00Z,2026-02-21T00:00:00Z,2026-02-22T00:00:00Z,AmazonEC2,BoxUsage:m5.2xlarge,RunInstances,6.412,4.869554,4.774852,Usage,us-east-1,,,prod
f93ed048-a86c-c791-e7c8-6ee809837834,2026-02-21T00:00:00Z/2026-02-22T00:00:00Z,2026-02-21T00:00:00Z,2026-02-22T00:00:00Z,AmazonEC2,BoxUsage:m5.2xlarge,RunInstances,9.3707,5.903123,5.905261,Usage,us-east-1,,,prod
50d3ac0b-7d15-e157-b832-b646c0701b89,2026-02-21T00:00:00Z/2026-02-22T00:00:00Z,2026-02-21T00:00:00Z,2026-02-22T00:00:00Z,AmazonEC2,BoxUsage:m5.2xlarge,RunInstances,3.8249,6.036101,6.213906,Usage,us-east-1,,,prod
52a3b517-0baf-b8eb-6ef6-494b79b12752,2026-02-21T00:00:00Z/2026-02-22T00:00:00Z,2026-02-21T00:00:00Z,2026-02-22T00:00:00Z,AmazonEC2,BoxUsage:m5.2xlarge,RunInstances,21.2932,5.573425,5.486505,Usage,us-east-1,,,prod
779d0482-0e9b-6044-1098-d09717b30704,2026-02-21T00:00:00Z/2026-02-22T00:00:00Z,2026-02-21T00:00:00Z,2026-02-22T00:00:00Z,AmazonEC2,BoxUsage:m5.2xlarge,RunInstances,13.4312,5.619721,5.833836,Usage,us-east-1,,,prod
84959613-abed-892d-2e54-30bddc4a7278,2026-02-21T00:00:00Z/2026-02-22T00:00:00Z,2026-02-21T00:00:00Z,2026-02-22T00:00:00Z,AmazonEC2,BoxUsage:m5.2xlarge,RunInstances,3.9991,4.899975,4.750411,Usage,us-east-1,,,prod
de40fcd2-93c0-c9f1-240b-7f177ff2ee8e,2026-02-21T00:00:00Z/2026-02-22T00:00:00Z,2026-02-21T00:00:00Z,2026-02-22T00:00:00Z,AmazonEC2,BoxUsage:m5.2xlarge,RunInstances,18.5996,5.886621,5.706934,Usage,us-east-1,,,prod
9afc0dfd-4a1a-428f-9c14-c02bae9de535,2026-02-21T00:00:00Z/2026-02-22T00:00:00Z,2026-02-21T00:00:00Z,2026-02-22T00:00:00Z,AmazonEC2,BoxUsage:m5.xlarge,RunInstances,20.1457,298.390708,299.618445,Usage,us-east-1,,,prod
e9301de9-9505-85d1-a155-104c5d4ebd88,2026-02-21T00:00:00Z/2026-02-22T00:00:00Z,2026-02-21T00:00:00Z,2026-02-22T00:00:00Z,AmazonEC2,BoxUsage:m5.xlarge,RunInstances,13.9559,288.064836,276.365903,Usage,us-east-1,,,prod
006055b7-fd2a-64f5-1e14-25f79d392932,2026-02-21T00:00:00Z/2026-02-22T00:00:00Z,2026-02-21T00:00:00Z,2026-02-22T00:00:00Z,AmazonEC2,BoxUsage:m5.xlarge,RunInstances,17.7739,245.932925,235.12634,Usage,us-east-1,,,prod
fc7a5f02-18ea-b11e-8940-cb4b4ebcc982,2026-02-21T00:00:00Z/2026-02-22T00:00:00Z,2026-02-21T00:00:00Z,2026-02-22T00:00:00Z,AmazonEC2,BoxUsage:m5.xlarge,RunInstances,2.8125,229.614171,230.599146,Usage,us-east-1,,,prod
799275e0-d571-68ab-0643-bed1424c5f59,2026-02-21T00:00:00Z/2026-02-22T00:00:00Z,2026-02-21T00:00:00Z,2026-02-22T00:00:00Z,AmazonEC2,BoxUsage:m5.xlarge,RunInstances,7.1511,234.690908,239.911413,Usage,us-east-1,,,prod
b535c96b-e56e-7b8a-2820-5e862d530c6e,2026-02-22T00:00:00Z/2026-02-23T00:00:00Z,2026-02-22T00:00:00Z,2026-02-23T00:00:00Z,AmazonEKS,AmazonEKS-Hours:perCluster,RunInstances,2.1476,6.121903,6.389197,Usage,us-east-1,,,prod
176bfe75-1e01-323d-bfce-4c5eecbba45d,2026-02-22T00:00:00Z/2026-02-23T00:00:00Z,2026-02-22T00:00:00Z,2026-02-23T00:00:00Z,AmazonEC2,BoxUsage:m5.2xlarge,RunInstances,17.8171,4.594366,4.456586,Usage,us-east-1,,,prod
e0330515-c3e8-6696-aade-b39880c8e547,2026-02-22T00:00:00Z/2026-02-23T00:00:00Z,2026-02-22T00:00:00Z,2026-02-23T00:00:00Z,AmazonEC2,BoxUsage:m5.2xlarge,RunInstances,12.1827,5.966344,5.671599,Usage,us-east-1,,,prod
07d3952c-9cbf-296b-7a68-df99c56589ab,2026-02-22T00:00:00Z/2026-02-23T00:00:00Z,2026-02-22T00:00:00Z,2026-02-23T00:00:00Z,AmazonEC2,BoxUsage:m5.2xlarge,RunInstances,8.1605,5.21138,5.066813,Usage,us-east-1,,,prod
f4f2316f-dec4-68ac-12b1-6ebf29cb0f53,2026-02-22T00:00:00Z/2026-02-23T00:00:00Z,2026-02-22T00:00:00Z,2026-02-23T00:00:00Z,AmazonEC2,BoxUsage:m5.2xlarge,RunInstances,4.3052,5.598481,5.678796,Usage,us-east-1,,,prod
f754b1b0-e23f-727a-1ad0-f1e6b852f7ab,2026-02-22T00:00:00Z/2026-02-23T00:00:00Z,2026-02-22T00:00:00Z,2026-02-23T00:00:00Z,AmazonEC2,BoxUsage:m5.2xlarge,RunInstances,19.1834,5.556336,5.43993,Usage,us-east-1,,,prod
602d947e-f2b2-efdc-7d19-823749c40ec1,2026-02-22T00:00:00Z/2026-02-23T00:00:00Z,2026-02-22T00:00:00Z,2026-02-23T00:00:00Z,AmazonEC2,BoxUsage:m5.2xlarge,RunInstances,7.6998,5.372659,5.556827,Usage,us-east-1,,,prod
00509f31-9eba-2bcf-abca-d9cfa4c841b0,2026-02-22T00:00:00Z/2026-02-23T00:00:00Z,2026-02-22T00:00:00Z,2026-02-23T00:00:00Z,AmazonEC2,BoxUsage:m5.2xlarge,RunInstances,17.5022,5.884531,5.808654,Usage,us-east-1,,,prod
20fa9552-ef99-7b94-4a03-f269d8fcaad2,2026-02-22T00:00:00Z/2026-02-23T00:00:00Z,2026-02-22T00:00:00Z,2026-02-23T00:00:00Z,AmazonEC2,BoxUsage:m5.2xlarge,RunInstances,1.0809,4.875758,4.679683,Usage,us-east-1,,,prod
156dd432-487f-2b8e-dfc1-e41e925dc3a9,2026-02-22T00:00:00Z/2026-02-23T00:00:00Z,2026-02-22T00:00:00Z,2026-02-23T00:00:00Z,AmazonEC2,BoxUsage:m5.2xlarge,RunInstances,3.0771,6.021759,6.149197,Usage,us-east-1,,,prod
ba54e179-a635-1773-b5c0-881372f513e0,2026-02-22T00:00:00Z/2026-02-23T00:00:00Z,2026-02-22T00:00:00Z,2026-02-23T00:00:00Z,AmazonEC2,BoxUsage:m5.2xlarge,RunInstances,20.0499,4.972281,5.138285,Usage,us-east-1,,,prod
4577a824-4f8f-7c0f-a1a9-ffc7fe44cb01,2026-02-22T00:00:00Z/2026-02-23T00:00:00Z,2026-02-22T00:00:00Z,2026-02-23T00:00:00Z,AmazonEC2,BoxUsage:m5.2xlarge,RunInstances,18.0711,4.670507,4.727436,Usage,us-east-1,,,prod
3f2ae72c-b02a-caf3-a200-8cb8a178d9e2,2026-02-22T00:00:00Z/2026-02-23T00:00:00Z,2026-02-22T00:00:00Z,2026-02-23T00:00:00Z,AmazonEC2,BoxUsage:m5.2xlarge,RunInstances,8.3289,5.15038,5.33733,Usage,us-east-1,,,prod
664ef51f-2b52-e0a8-1407-fb26a55a7524,2026-02-22T00:00:00Z/2026-02-23T00:00:00Z,2026-02-22T00:00:00Z,2026-02-23T00:00:00Z,AmazonEC2,BoxUsage:m5.2xlarge,RunInstances,2.2779,5.126157,5.208271,Usage,us-east-1,,,prod
4dd460aa-e329-04bb-7071-c9822b45c777,2026-02-22T00:00:00Z/2026-02-23T00:00:00Z,2026-02-22T00:00:00Z,2026-02-23T00:00:00Z,AmazonEC2,BoxUsage:m5.2xlarge,RunInstances,22.9199,5.435335,5.401,Usage,us-east-1,,,prod
edfe7d32-670a-d2e3-b06a-5b415c0ceb4e,2026-02-22T00:00:00Z/2026-02-23T00:00:00Z,2026-02-22T00:00:00Z,2026-02-23T00:00:00Z,AmazonEC2,BoxUsage:m5.2xlarge,RunInstances,11.0529,4.82845,4.632653,Usage,us-east-1,,,prod
bca6ac3a-f8c7-7683-600a-22bb3a392bed,2026-02-22T00:00:00Z/2026-02-23T00:00:00Z,2026-02-22T00:00:00Z,2026-02-23T00:00:00Z,AmazonEC2,BoxUsage:m5.2xlarge,RunInstances,22.4376,5.760783,5.603928,Usage,us-east-1,,,prod
0d771911-a435-5d65-fb5d-2a3e72890be8,2026-02-22T00:00:00Z/2026-02-23T00:00:00Z,2026-02-22T00:00:00Z,2026-02-23T00:00:00Z,AmazonEC2,BoxUsage:m5.2xlarge,RunInstances,11.7724,5.212629,5.358598,Usage,us-east-1,,,prod
2ca9fa69-6e4f-0002-d3c7-3f1b22cb5214,2026-02-22T00:00:00Z/2026-02-23T00:00:00Z,2026-02-22T00:00:00Z,2026-02-23T00:00:00Z,AmazonEC2,BoxUsage:m5.2xlarge,RunInstances,17.6162,5.975788,6.007893,Usage,us-east-1,,,prod
df8b7e81-adcd-ece5-5f75-d5bff379ebbf,2026-02-22T00:00:00Z/2026-02-23T00:00:00Z,2026-02-22T00:00:00Z,2026-02-23T00:00:00Z,AmazonEC2,BoxUsage:m5.2xlarge,RunInstances,18.1368,5.310956,5.147471,Usage,us-east-1,,,prod
f8b561d7-7a81-6ae3-0373-2be0ffc7ec30,2026-02-22T00:00:00Z/2026-02-23T00:00:00Z,2026-02-22T00:00:00Z,2026-02-23T00:00:00Z,AmazonEC2,BoxUsage:m5.2xlarge,RunInstances,15.6591,5.116416,5.030234,Usage,us-east-1,,,prod
2e4cb072-c5bc-9e9e-d495-a14cbe398f1f,2026-02-22T00:00:00Z/2026-02-23T00:00:00Z,2026-02-22T00:00:00Z,2026-02-23T00:00:00Z,AmazonEC2,BoxUsage:m5.xlarge,RunInstances,13.8295,250.165223,239.872564,Usage,us-east-1,,,prod
ecc9be2c-5512-a458-a0f9-68e56b12df68,2026-02-22T00:00:00Z/2026-02-23T00:00:00Z,2026-02-22T00:00:00Z,2026-02-23T00:00:00Z,AmazonEC2,BoxUsage:m5.xlarge,RunInstances,2.6086,247.223468,246.401939,Usage,us-east-1,,,prod
cc76067f-2627-6452-196c-94026b3c4a86,2026-02-22T00:00:00Z/2026-02-23T00:00:00Z,2026-02-22T00:00:00Z,2026-02-23T00:00:00Z,AmazonEC2,BoxUsage:m5.xlarge,RunInstances,15.4447,286.044878,297.19784,Usage,us-east-1,,,prod
d9fbdb18-1ee7-63cc-2ef8-cd25e816cdb4,2026-02-22T00:00:00Z/2026-02-23T00:00:00Z,2026-02-22T00:00:00Z,2026-02-23T00:00:00Z,AmazonEC2,BoxUsage:m5.xlarge,RunInstances,13.5108,243.175338,242.952833,Usage,us-east-1,,,prod
8c664ee0-2181-2585-e121-c509269451f3,2026-02-22T00:00:00Z/2026-02-23T00:00:00Z,2026-02-22T00:00:00Z,2026-02-23T00:00:00Z,AmazonEC2,BoxUsage:m5.xlarge,RunInstances,9.4187,230.846009,229.142204,Usage,us-east-1,,,prod
374c0692-b8e0-0d3b-e2aa-023122aeceb8,2026-02-23T00:00:00Z/2026-02-24T00:00:00Z,2026-02-23T00:00:00Z,2026-02-24T00:00:00Z,AmazonEKS,AmazonEKS-Hours:perCluster,RunInstances,14.1647,4.843753,4.711517,Usage,us-east-1,,,prod
5dba3aac-d63e-1e5f-6d55-f18c56f0056d,2026-02-23T00:00:00Z/2026-02-24T00:00:00Z,2026-02-23T00:00:00Z,2026-02-24T00:00:00Z,AmazonEC2,BoxUsage:m5.2xlarge,RunInstances,12.6659,4.557554,4.669505,Usage,us-east-1,,,prod
257e4be6-f8bf-1388-d8a8-da0d5007a333,2026-02-23T00:00:00Z/2026-02-24T00:00:00Z,2026-02-23T00:00:00Z,2026-02-24T00:00:00Z,AmazonEC2,BoxUsage:m5.2xlarge,RunInstances,6.1664,5.169835,5.106915,Usage,us-east-1,,,prod
2b65d38a-da08-d818-7510-a61ca480c138,2026-02-23T00:00:00Z/2026-02-24T00:00:00Z,2026-02-23T00:00:00Z,2026-02-24T00:00:00Z,AmazonEC2,BoxUsage:m5.2xlarge,RunInstances,2.0304,6.010368,6.243864,Usage,us-east-1,,,prod
b0d53ad3-9eee-5ddd-971c-6e5de2129311,2026-02-23T00:00:00Z/2026-02-24T00:00:00Z,2026-02-23T00:00:00Z,2026-02-24T00:00:00Z,AmazonEC2,BoxUsage:m5.2xlarge,RunInstances,6.0599,5.833381,6.09086,Usage,us-east-1,,,prod
04efd7e0-6307-22d3-d62a-e7782a56f21f,2026-02-23T00:00:00Z/2026-02-24T00:00:00Z,2026-02-23T00:00:00Z,2026-02-24T00:00:00Z,AmazonEC2,BoxUsage:m5.2xlarge,RunInstances,14.4957,5.293943,5.412448,Usage,us-east-1,,,prod
212c9742-cfc4-2019-fb20-985299538276,2026-02-23T00:00:00Z/2026-02-24T00:00:00Z,2026-02-23T00:00:00Z,2026-02-24T00:00:00Z,AmazonEC2,BoxUsage:m5.2xlarge,RunInstances,19.2194,5.866712,5.678165,Usage,us-east-1,,,prod
5da9933a-a39f-e67f-0247-a472ace084d1,2026-02-23T00:00:00Z/2026-02-24T00:00:00Z,2026-02-23T00:00:00Z,2026-02-24T00:00:00Z,AmazonEC2,BoxUsage:m5.2xlarge,RunInstances,9.4091,5.067242,5.257011,Usage,us-east-1,,,prod
a50af7e3-0fb1-1d3c-a264-adc85b8228e0,2026-02-23T00:00:00Z/2026-02-24T00:00:00Z,2026-02-23T00:00:00Z,2026-02-24T00:00:00Z,AmazonEC2,BoxUsage:m5.2xlarge,RunInstances,15.8471,4.781362,4.842204,Usage,us-east-1,,,prod
f7252c71-5d54-43f4-d56e-2fa0506c2bbf,2026-02-23T00:00:00Z/2026-02-24T00:00:00Z,2026-02-23T00:00:00Z,2026-02-24T00:00:00Z,AmazonEC2,BoxUsage:m5.2xlarge,RunInstances,10.0968,5.049168,4.855899,Usage,us-east-1,,,prod
0d3586a0-8d59-afae-2cbe-edf0407b8278,2026-02-23T00:00:00Z/2026-02-24T00:00:00Z,2026-02-23T00:00:00Z,2026-02-24T00:00:00Z,AmazonEC2,BoxUsage:m5.2xlarge,RunInstances,12.422,5.372439,5.490093,Usage,us-east-1,,,prod
771daad0-b734-d961-32aa-ac6e7cd69180,2026-02-23T00:00:00Z/2026-02-24T00:00:00Z,2026-02-23T00:00:00Z,2026-02-24T00:00:00Z,AmazonEC2,BoxUsage:m5.2xlarge,RunInstances,8.3614,5.400288,5.306803,Usage,us-east-1,,,prod
f29c2062-60da-12f9-1e03-0ed346eac105,2026-02-23T00:00:00Z/2026-02-24T00:00:00Z,2026-02-23T00:00:00Z,2026-02-24T00:00:00Z,AmazonEC2,BoxUsage:m5.2xlarge,RunInstances,9.6233,5.180654,5.08568,Usage,us-east-1,,,prod
6e6ce1f8-9877-2349-eef4-1355fe8ef0c1,2026-02-23T00:00:00Z/2026-02-24T00:00:00Z,2026-02-23T00:00:00Z,2026-02-24T00:00:00Z,AmazonEC2,BoxUsage:m5.2xlarge,RunInstances,5.9803,5.642839,5.775703,Usage,us-east-1,,,prod
ff307e1d-9ef2-37c9-fa63-a3d1ae5fce4c,2026-02-23T00:00:00Z/2026-02-24T00:00:00Z,2026-02-23T00:00:00Z,2026-02-24T00:00:00Z,AmazonEC2,BoxUsage:m5.2xlarge,RunInstances,15.7313,5.813145,5.811355,Usage,us-east-1,,,prod
0856bb0c-f53c-e4ef-c25a-cddd8209c866,2026-02-23T00:00:00Z/2026-02-24T00:00:00Z,2026-02-23T00:00:00Z,2026-02-24T00:00:00Z,AmazonEC2,BoxUsage:m5.2xlarge,RunInstances,2.0816,6.104921,6.384894,Usage,us-east-1,,,prod
06ff2dc9-216a-b4fc-71fa-f8eed5d57603,2026-02-23T00:00:00Z/2026-02-24T00:00:00Z,2026-02-23T00:00:00Z,2026-02-24T00:00:00Z,AmazonEC2,BoxUsage:m5.2xlarge,RunInstances,2.054,4.795614,5.011846,Usage,us-east-1,,,prod
93ddf4b4-7cc9-158a-bb1e-e0987589dc0a,2026-02-23T00:00:00Z/2026-02-24T00:00:00Z,2026-02-23T00:00:00Z,2026-02-24T00:00:00Z,AmazonEC2,BoxUsage:m5.2xlarge,RunInstances,9.1842,5.041921,4.913785,Usage,us-east-1,,,prod
5053e83d-7088-8d6e-9799-bbf11b00a21f,2026-02-23T00:00:00Z/2026-02-24T00:00:00Z,2026-02-23T00:00:00Z,2026-02-24T00:00:00Z,AmazonEC2,BoxUsage:m5.2xlarge,RunInstances,17.0806,6.0552,5.976426,Usage,us-east-1,,,prod
df42fe3c-580f-9ee5-5ad6-9f9eccc656f0,2026-02-23T00:00:00Z/2026-02-24T00:00:00Z,2026-02-23T00:00:00Z,2026-02-24T00:00:00Z,AmazonEC2,BoxUsage:m5.2xlarge,RunInstances,19.2045,5.205197,4.991523,Usage,us-east-1,,,prod
cac8c857-a875-d66b-b3fd-444b9a9cc5cc,2026-02-23T00:00:00Z/2026-02-24T00:00:00Z,2026-02-23T00:00:00Z,2026-02-24T00:00:00Z,AmazonEC2,BoxUsage:m5.2xlarge,RunInstances,22.6703,5.094805,5.348914,Usage,us-east-1,,,prod
afcfa88b-e719-f462-1c78-f09184311981,2026-02-23T00:00:00Z/2026-02-24T00:00:00Z,2026-02-23T00:00:00Z,2026-02-24T00:00:00Z,AmazonEC2,BoxUsage:m5.xlarge,RunInstances,1.4737,273.233714,270.14493,Usage,us-east-1,,,prod
d4ca8ce1-ba1f-e56e-0ad0-5cf69d2bfff3,2026-02-23T00:00:00Z/2026-02-24T00:00:00Z,2026-02-23T00:00:00Z,2026-02-24T00:00:00Z,AmazonEC2,BoxUsage:m5.xlarge,RunInstances,23.2962,300.652513,298.624627,Usage,us-east-1,,,prod
42d1694e-712e-ebf4-d89b-8bc7d716a743,2026-02-23T00:00:00Z/2026-02-24T00:00:00Z,2026-02-23T00:00:00Z,2026-02-24T00:00:00Z,AmazonEC2,BoxUsage:m5.xlarge,RunInstances,18.4352,282.916121,286.871321,Usage,us-east-1,,,prod
1e2a4ae8-4e85-2145-c80a-43181020ca67,2026-02-23T00:00:00Z/2026-02-24T00:00:00Z,2026-02-23T00:00:00Z,2026-02-24T00:00:00Z,AmazonEC2,BoxUsage:m5.xlarge,RunInstances,19.9967,288.96119,281.468193,Usage,us-east-1,,,prod
f64f6bae-78b9-91c2-9372-198693ca2e15,2026-02-23T00:00:00Z/2026-02-24T00:00:00Z,2026-02-23T00:00:00Z,2026-02-24T00:00:00Z,AmazonEC2,BoxUsage:m5.xlarge,RunInstances,7.0361,285.420681,299.586927,Usage,us-east-1,,,prod
b03c230a-57dc-cb9c-1b68-05adfe4e7bf3,2026-02-24T00:00:00Z/2026-02-25T00:00:00Z,2026-02-24T00:00:00Z,2026-02-25T00:00:00Z,AmazonEKS,AmazonEKS-Hours:perCluster,RunInstances,4.746,5.524856,5.637688,Usage,us-east-1,,,prod
b1aa8d6d-683e-8735-68f2-d66e76c79993,2026-02-24T00:00:00Z/2026-02-25T00:00:00Z,2026-02-24T00:00:00Z,2026-02-25T00:00:00Z,AmazonEC2,BoxUsage:m5.2xlarge,RunInstances,3.975,4.691114,4.494292,Usage,us-east-1,,,prod
e254bc68-ca53-a83b-2692-dcb4ebea8fe2,2026-02-24T00:00:00Z/2026-02-25T00:00:00Z,2026-02-24T00:00:00Z,2026-02-25T00:00:00Z,AmazonEC2,BoxUsage:m5.2xlarge,RunInstances,16.1107,5.18607,5.256235,Usage,us-east-1,,,prod
db2bf986-6a99-fc58-ec36-d238f6c615cb,2026-02-24T00:00:00Z/2026-02-25T00:00:00Z,2026-02-24T00:00:00Z,2026-02-25T00:00:00Z,AmazonEC2,BoxUsage:m5.2xlarge,RunInstances,4.4271,4.946843,4.816886,Usage,us-east-1,,,prod
204c3916-5bf7-a857-1b10-a9fbdc3f1258,2026-02-24T00:00:00Z/2026-02-25T00:00:00Z,2026-02-24T00:00:00Z,2026-02-25T00:00:00Z,AmazonEC2,BoxUsage:m5.2xlarge,RunInstances,13.6924,4.988253,5.189202,Usage,us-east-1,,,prod
59fa4b88-a557-c85b-e374-b1063088a330,2026-02-24T00:00:00Z/2026-02-25T00:00:00Z,2026-02-24T00:00:00Z,2026-02-25T00:00:00Z,AmazonEC2,BoxUsage:m5.2xlarge,RunInstances,9.0706,5.686508,5.922385,Usage,us-east-1,,,prod
22a6ae0b-135f-7005-637a-8ba8d7e5f71b,2026-02-24T00:00:00Z/2026-02-25T00:00:00Z,2026-02-24T00:00:00Z,2026-02-25T00:00:00Z,AmazonEC2,BoxUsage:m5.2xlarge,RunInstances,23.0436,5.335757,5.228008,Usage,us-east-1,,,prod
3411a010-4502-477d-d821-c63dcd611c22,2026-02-24T00:00:00Z/2026-02-25T00:00:00Z,2026-02-24T00:00:00Z,2026-02-25T00:00:00Z,AmazonEC2,BoxUsage:m5.2xlarge,RunInstances,14.6116,4.820056,4.882001,Usage,us-east-1,,,prod
4cc83e83-9f95-6548-5b47-659c0298ab1d,2026-02-24T00:00:00Z/2026-02-25T00:00:00Z,2026-02-24T00:00:00Z,2026-02-25T00:00:00Z,AmazonEC2,BoxUsage:m5.2xlarge,RunInstances,1.5749,4.677626,4.583238,Usage,us-east-1,,,prod
c9f03e28-fd03-e259-112b-fc3d5ef1587f,2026-02-24T00:00:00Z/2026-02-25T00:00:00Z,2026-02-24T00:00:00Z,2026-02-25T00:00:00Z,AmazonEC2,BoxUsage:m5.2xlarge,RunInstances,14.5012,5.617879,5.852111,Usage,us-east-1,,,prod
bd783179-ca76-5753-e923-459904b10638,2026-02-24T00:00:00Z/2026-02-25T00:00:00Z,2026-02-24T00:00:00Z,2026-02-25T00:00:00Z,AmazonEC2,BoxUsage:m5.2xlarge,RunInstances,10.2927,5.128871,5.137476,Usage,us-east-1,,,prod
5404eb76-75d7-0f06-ab29-7ec5f74abc5c,2026-02-24T00:00:00Z/2026-02-25T00:00:00Z,2026-02-24T00:00:00Z,2026-02-25T00:00:00Z,AmazonEC2,BoxUsage:m5.2xlarge,RunInstances,21.4433,5.3587,5.10377,Usage,us-east-1,,,prod
a273a18e-1229-f07b-c3e4-1a8bbc446f64,2026-02-24T00:00:00Z/2026-02-25T00:00:00Z,2026-02-24T00:00:00Z,2026-02-25T00:00:00Z,AmazonEC2,BoxUsage:m5.2xlarge,RunInstances,13.0171,5.285959,5.377332,Usage,us-east-1,,,prod
d11b0831-3941-2738-f46d-29d306ec6e57,2026-02-24T00:00:00Z/2026-02-25T00:00:00Z,2026-02-24T00:00:00Z,2026-02-25T00:00:00Z,AmazonEC2,BoxUsage:m5.2xlarge,RunInstances,11.439,4.666827,4.533447,Usage,us-east-1,,,prod
0ce241c6-23fb-6095-3e0a-e687ff475239,2026-02-24T00:00:00Z/2026-02-25T00:00:00Z,2026-02-24T00:00:00Z,2026-02-25T00:00:00Z,AmazonEC2,BoxUsage:m5.2xlarge,RunInstances,9.7555,5.647519,5.436047,Usage,us-east-1,,,prod
b8f500a1-de0c-c245-8515-e2442c3cf4d4,2026-02-24T00:00:00Z/2026-02-25T00:00:00Z,2026-02-24T00:00:00Z,2026-02-25T00:00:00Z,AmazonEC2,BoxUsage:m5.2xlarge,RunInstances,16.407,5.648682,5.705056,Usage,us-east-1,,,prod
2059bcc1-c214-2909-7df4-d5fde1c5d2c2,2026-02-24T00:00:00Z/2026-02-25T00:00:00Z,2026-02-24T00:00:00Z,2026-02-25T00:00:00Z,AmazonEC2,BoxUsage:m5.2xlarge,RunInstances,10.0414,5.975974,6.26826,Usage,us-east-1,,,prod
4bb43560-8d2d-2086-f039-f10300af50ae,2026-02-24T00:00:00Z/2026-02-25T00:00:00Z,2026-02-24T00:00:00Z,2026-02-25T00:00:00Z,AmazonEC2,BoxUsage:m5.2xlarge,RunInstances,3.7238,5.211333,5.081633,Usage,us-east-1,,,prod
64bfa509-5312-0125-2461-75e8286234fa,2026-02-24T00:00:00Z/2026-02-25T00:00:00Z,2026-02-24T00:00:00Z,2026-02-25T00:00:00Z,AmazonEC2,BoxUsage:m5.2xlarge,RunInstances,9.5416,5.035508,4.835474,Usage,us-east-1,,,prod
9e68c9c5-b3d2-71ff-4996-db2392bd94e9,2026-02-24T00:00:00Z/2026-02-25T00:00:00Z,2026-02-24T00:00:00Z,2026-02-25T00:00:00Z,AmazonEC2,BoxUsage:m5.2xlarge,RunInstances,22.5893,4.658294,4.740693,Usage,us-east-1,,,prod
f33c5c34-c387-a113-1a16-9aad8abbf975,2026-02-24T00:00:00Z/2026-02-25T00:00:00Z,2026-02-24T00:00:00Z,2026-02-25T00:00:00Z,AmazonEC2,BoxUsage:m5.2xlarge,RunInstances,16.8877,4.650912,4.835726,Usage,us-east-1,,,prod
f972731a-d29c-fa1f-c03d-77a0727fe0eb,2026-02-24T00:00:00Z/2026-02-25T00:00:00Z,2026-02-24T00:00:00Z,2026-02-25T00:00:00Z,AmazonEC2,BoxUsage:m5.xlarge,RunInstances,9.0907,228.187351,226.654333,Usage,us-east-1,,,prod
03237e33-ea4a-16f0-30ec-0bdb63f6ddf5,2026-02-24T00:00:00Z/2026-02-25T00:00:00Z,2026-02-24T00:00:00Z,2026-02-25T00:00:00Z,AmazonEC2,BoxUsage:m5.xlarge,RunInstances,1.5764,275.339406,275.557061,Usage,us-east-1,,,prod
d5194f14-e734-33f3-4147-6e37ef901a56,2026-02-24T00:00:00Z/2026-02-25T00:00:00Z,2026-02-24T00:00:00Z,2026-02-25T00:00:00Z,AmazonEC2,BoxUsage:m5.xlarge,RunInstances,13.6093,282.275691,288.126658,Usage,us-east-1,,,prod
dc4e5228-5a7a-ffe3-4422-6e58bac11371,2026-02-24T00:00:00Z/2026-02-25T00:00:00Z,2026-02-24T00:00:00Z,2026-02-25T00:00:00Z,AmazonEC2,BoxUsage:m5.xlarge,RunInstances,3.094,247.271156,242.944574,Usage,us-east-1,,,prod
1b03adc1-055d-c849-e76c-9c6685e3a4e9,2026-02-24T00:00:00Z/2026-02-25T00:00:00Z,2026-02-24T00:00:00Z,2026-02-25T00:00:00Z,AmazonEC2,BoxUsage:m5.xlarge,RunInstances,3.8623,266.203195,274.010263,Usage,us-east-1,,,prod
11cc4f79-52c8-2b62-a4a5-99983e689aef,2026-02-25T00:00:00Z/2026-02-26T00:00:00Z,2026-02-25T00:00:00Z,2026-02-26T00:00:00Z,AmazonEKS,AmazonEKS-Hours:perCluster,RunInstances,1.1272,5.498831,5.620042,Usage,us-east-1,,,prod
a733f3d7-b07b-dcbd-00df-b5d4d2b8a732,2026-02-25T00:00:00Z/2026-02-26T00:00:00Z,2026-02-25T00:00:00Z,2026-02-26T00:00:00Z,AmazonEC2,BoxUsage:m5.2xlarge,RunInstances,17.6665,5.985438,5.971561,Usage,us-east-1,,,prod
b245e87d-5b4c-961a-c437-bb8804f77878,2026-02-25T00:00:00Z/2026-02-26T00:00:00Z,2026-02-25T00:00:00Z,2026-02-26T00:00:00Z,AmazonEC2,BoxUsage:m5.2xlarge,RunInstances,9.3956,5.335167,5.088779,Usage,us-east-1,,,prod
732bf72c-f190-a8b1-c0e4-aaa41f071964,2026-02-25T00:00:00Z/2026-02-26T00:00:00Z,2026-02-25T00:00:00Z,2026-02-26T00:00:00Z,AmazonEC2,BoxUsage:m5.2xlarge,RunInstances,7.1656,5.249712,5.342358,Usage,us-east-1,,,prod
54f9e345-5528-813c-c904-6ff5e39dbb51,2026-02-25T00:00:00Z/2026-02-26T00:00:00Z,2026-02-25T00:00:00Z,2026-02-26T00:00:00Z,AmazonEC2,BoxUsage:m5.2xlarge,RunInstances,11.2397,4.766604,4.771189,Usage,us-east-1,,,prod
6b8f21be-daa7-3d0b-92b1-5e00370e0185,2026-02-25T00:00:00Z/2026-02-26T00:00:00Z,2026-02-25T00:00:00Z,2026-02-26T00:00:00Z,AmazonEC2,BoxUsage:m5.2xlarge,RunInstances,17.1879,5.854512,6.061738,Usage,us-east-1,,,prod
e88dd5bd-c8d3-87f4-ff58-98905bc87b15,2026-02-25T00:00:00Z/2026-02-26T00:00:00Z,2026-02-25T00:00:00Z,2026-02-26T00:00:00Z,AmazonEC2,BoxUsage:m5.2xlarge,RunInstances,11.7674,5.365336,5.485689,Usage,us-east-1,,,prod
fd5c573a-831a-b452-2c28-29524af5aee5,2026-02-25T00:00:00Z/2026-02-26T00:00:00Z,2026-02-25T00:00:00Z,2026-02-26T00:00:00Z,AmazonEC2,BoxUsage:m5.2xlarge,RunInstances,1.3663,4.581294,4.381022,Usage,us-east-1,,,prod
f69507e8-0b41-9204-15b3-12edd322a81f,2026-02-25T00:00:00Z/2026-02-26T00:00:00Z,2026-02-25T00:00:00Z,2026-02-26T00:00:00Z,AmazonEC2,BoxUsage:m5.2xlarge,RunInstances,22.4441,4.82201,4.924128,Usage,us-east-1,,,prod
239316a9-ea04-5840-2db8-b74d3480956e,2026-02-25T00:00:00Z/2026-02-26T00:00:00Z,2026-02-25T00:00:00Z,2026-02-26T00:00:00Z,AmazonEC2,BoxUsage:m5.2xlarge,RunInstances,13.3107,5.549843,5.768904,Usage,us-east-1,,,prod
ee704cc7-869c-676e-9e17-d5aabcceb880,2026-02-25T00:00:00Z/2026-02-26T00:00:00Z,2026-02-25T00:00:00Z,2026-02-26T00:00:00Z,AmazonEC2,BoxUsage:m5.2xlarge,RunInstances,16.9528,4.604804,4.593964,Usage,us-east-1,,,prod
cf016b8e-4aaf-6a21-dbe2-a4beafdc105a,2026-02-25T00:00:00Z/2026-02-26T00:00:00Z,2026-02-25T00:00:00Z,2026-02-26T00:00:00Z,AmazonEC2,BoxUsage:m5.2xlarge,RunInstances,4.5989,5.713688,5.682586,Usage,us-east-1,,,prod
15dd2f75-51e8-30ae-b3f7-f097c13cc03d,2026-02-25T00:00:00Z/2026-02-26T00:00:00Z,2026-02-25T00:00:00Z,2026-02-26T00:00:00Z,AmazonEC2,BoxUsage:m5.2xlarge,RunInstances,11.3459,4.544721,4.606997,Usage,us-east-1,,,prod
354d990b-5066-f5fa-b842-987b1e6f388f,2026-02-25T00:00:00Z/2026-02-26T00:00:00Z,2026-02-25T00:00:00Z,2026-02-26T00:00:00Z,AmazonEC2,BoxUsage:m5.2xlarge,RunInstances,6.0774,4.827194,4.945006,Usage,us-east-1,,,prod
5456931a-40e1-c25e-4804-5558b1f22188,2026-02-25T00:00:00Z/2026-02-26T00:00:00Z,2026-02-25T00:00:00Z,2026-02-26T00:00:00Z,AmazonEC2,BoxUsage:m5.2xlarge,RunInstances,3.7708,5.379165,5.329493,Usage,us-east-1,,,prod
f0d791b6-df7a-9342-b8c3-da339b4c8b05,2026-02-25T00:00:00Z/2026-02-26T00:00:00Z,2026-02-25T00:00:00Z,2026-02-26T00:00:00Z,AmazonEC2,BoxUsage:m5.2xlarge,RunInstances,16.7002,4.728095,4.872308,Usage,us-east-1,,,prod
8473f7e0-4d4a-641e-b960-c5af3ed5ec92,2026-02-25T00:00:00Z/2026-02-26T00:00:00Z,2026-02-25T00:00:00Z,2026-02-26T00:00:00Z,AmazonEC2,BoxUsage:m5.2xlarge,RunInstances,23.7901,6.030929,5.773277,Usage,us-east-1,,,prod
ff21fadb-f1d5-e960-e7e8-542ac4a3f8c0,2026-02-25T00:00:00Z/2026-02-26T00:00:00Z,2026-02-25T00:00:00Z,2026-02-26T00:00:00Z,AmazonEC2,BoxUsage:m5.2xlarge,RunInstances,1.832,5.648958,5.451443,Usage,us-east-1,,,prod
4421b0a8-6dd5-1b62-00c7-347b6f8e71ae,2026-02-25T00:00:00Z/2026-02-26T00:00:00Z,2026-02-25T00:00:00Z,2026-02-26T00:00:00Z,AmazonEC2,BoxUsage:m5.2xlarge,RunInstances,8.3029,5.737966,5.592367,Usage,us-east-1,,,prod
e1bba53e-394a-44b5-6a0d-3d6d15934b21,2026-02-25T00:00:00Z/2026-02-26T00:00:00Z,2026-02-25T00:00:00Z,2026-02-26T00:00:00Z,AmazonEC2,BoxUsage:m5.2xlarge,RunInstances,22.1638,5.847442,5.726371,Usage,us-east-1,,,prod
d8c84ca3-429e-635d-04a5-ff52bfd6b7e8,2026-02-25T00:00:00Z/2026-02-26T00:00:00Z,2026-02-25T00:00:00Z,2026-02-26T00:00:00Z,AmazonEC2,BoxUsage:m5.2xlarge,RunInstances,7.5951,5.783312,5.962089,Usage,us-east-1,,,prod
b4eb37f3-2fdf-4e02-cbfd-119318c3d0be,2026-02-25T00:00:00Z/2026-02-26T00:00:00Z,2026-02-25T00:00:00Z,2026-02-26T00:00:00Z,AmazonEC2,BoxUsage:m5.xlarge,RunInstances,17.1692,290.209058,296.748835,Usage,us-east-1,,,prod
96e13439-95a0-25ef-a92c-8ca449bb4e85,2026-02-25T00:00:00Z/2026-02-26T00:00:00Z,2026-02-25T00:00:00Z,2026-02-26T00:00:00Z,AmazonEC2,BoxUsage:m5.xlarge,RunInstances,18.3406,262.1326,265.443681,Usage,us-east-1,,,prod
5d2fa016-c7f4-f77b-7925-827412ea084d,2026-02-25T00:00:00Z/2026-02-26T00:00:00Z,2026-02-25T00:00:00Z,2026-02-26T00:00:00Z,AmazonEC2,BoxUsage:m5.xlarge,RunInstances,20.6318,294.026598,280.86551,Usage,us-east-1,,,prod
6762c920-b934-8417-1cde-6ea23452d406,2026-02-25T00:00:00Z/2026-02-26T00:00:00Z,2026-02-25T00:00:00Z,2026-02-26T00:00:00Z,AmazonEC2,BoxUsage:m5.xlarge,RunInstances,23.447,254.581153,259.923676,Usage,us-east-1,,,prod
45f791ef-a532-e229-4210-75116b5a18a0,2026-02-25T00:00:00Z/2026-02-26T00:00:00Z,2026-02-25T00:00:00Z,2026-02-26T00:00:00Z,AmazonEC2,BoxUsage:m5.xlarge,RunInstances,10.1886,259.004877,252.117157,Usage,us-east-1,,,prod
bc6591d4-7c06-a211-06ee-df3011e738bf,2026-02-26T00:00:00Z/2026-02-27T00:00:00Z,2026-02-26T00:00:00Z,2026-02-27T00:00:00Z,AmazonEKS,AmazonEKS-Hours:perCluster,RunInstances,8.6183,4.788877,4.845206,Usage,us-east-1,,,prod
d1cb858b-5584-9676-b1a8-2da4c60ffd50,2026-02-26T00:00:00Z/2026-02-27T00:00:00Z,2026-02-26T00:00:00Z,2026-02-27T00:00:00Z,AmazonEC2,BoxUsage:m5.2xlarge,RunInstances,7.4841,5.853464,5.812492,Usage,us-east-1,,,prod
c486c26d-a439-1037-03a6-f17b5199439e,2026-02-26T00:00:00Z/2026-02-27T00:00:00Z,2026-02-26T00:00:00Z,2026-02-27T00:00:00Z,AmazonEC2,BoxUsage:m5.2xlarge,RunInstances,17.0971,4.750386,4.84447,Usage,us-east-1,,,prod
b20f3da0-e439-e9c4-a0a2-d4bf890aa2fb,2026-02-26T00:00:00Z/2026-02-27T00:00:00Z,2026-02-26T00:00:00Z,2026-02-27T00:00:00Z,AmazonEC2,BoxUsage:m5.2xlarge,RunInstances,10.0929,5.008831,5.169134,Usage,us-east-1,,,prod
a882a527-77aa-872e-88f1-bdcfbb739241,2026-02-26T00:00:00Z/2026-02-27T00:00:00Z,2026-02-26T00:00:00Z,2026-02-27T00:00:00Z,AmazonEC2,BoxUsage:m5.2xlarge,RunInstances,21.4315,4.862225,4.861912,Usage,us-east-1,,,prod
d92d13d3-0056-ad3e-ea21-0c90d700665d,2026-02-26T00:00:00Z/2026-02-27T00:00:00Z,2026-02-26T00:00:00Z,2026-02-27T00:00:00Z,AmazonEC2,BoxUsage:m5.2xlarge,RunInstances,13.4475,6.057105,6.320237,Usage,us-east-1,,,prod
33051cfb-162b-71bf-4a5f-1876b0267e98,2026-02-26T00:00:00Z/2026-02-27T00:00:00Z,2026-02-26T00:00:00Z,2026-02-27T00:00:00Z,AmazonEC2,BoxUsage:m5.2xlarge,RunInstances,13.7908,5.255995,5.420139,Usage,us-east-1,,,prod
17cb7316-f40d-714a-90c4-4b91d50c80b0,2026-02-26T00:00:00Z/2026-02-27T00:00:00Z,2026-02-26T00:00:00Z,2026-02-27T00:00:00Z,AmazonEC2,BoxUsage:m5.2xlarge,RunInstances,2.4497,4.639325,4.61131,Usage,us-east-1,,,prod
0bfed002-f420-f155-d6aa-bc18ec46044e,2026-02-26T00:00:00Z/2026-02-27T00:00:00Z,2026-02-26T00:00:00Z,2026-02-27T00:00:00Z,AmazonEC2,BoxUsage:m5.2xlarge,RunInstances,12.7084,4.766682,4.788297,Usage,us-east-1,,,prod
a6530913-258d-d5be-8dc6-5c43e40871e1,2026-02-26T00:00:00Z/2026-02-27T00:00:00Z,2026-02-26T00:00:00Z,2026-02-27T00:00:00Z,AmazonEC2,BoxUsage:m5.2xlarge,RunInstances,16.5458,5.100943,5.236552,Usage,us-east-1,,,prod
d94c6f82-2626-0a94-23d0-b5fb61b6807d,2026-02-26T00:00:00Z/2026-02-27T00:00:00Z,2026-02-26T00:00:00Z,2026-02-27T00:00:00Z,AmazonEC2,BoxUsage:m5.2xlarge,RunInstances,1.6286,5.957004,5.969194,Usage,us-east-1,,,prod
694ede37-e3f7-a053-90e8-023b557b2ad4,2026-02-26T00:00:00Z/2026-02-27T00:00:00Z,2026-02-26T00:00:00Z,2026-02-27T00:00:00Z,AmazonEC2,BoxUsage:m5.2xlarge,RunInstances,17.9981,5.696598,5.800977,Usage,us-east-1,,,prod
3b27fe62-cbc4-dd3f-601d-ea3101643fbf,2026-02-26T00:00:00Z/2026-02-27T00:00:00Z,2026-02-26T00:00:00Z,2026-02-27T00:00:00Z,AmazonEC2,BoxUsage:m5.2xlarge,RunInstances,17.922,5.193511,5.341856,Usage,us-east-1,,,prod
bf189b60-cf15-d8b2-919b-906865d674a9,2026-02-26T00:00:00Z/2026-02-27T00:00:00Z,2026-02-26T00:00:00Z,2026-02-27T00:00:00Z,AmazonEC2,BoxUsage:m5.2xlarge,RunInstances,6.1968,5.977691,5.727983,Usage,us-east-1,,,prod
fc9e2581-749a-47ff-1711-53c58b92b7d2,2026-02-26T00:00:00Z/2026-02-27T00:00:00Z,2026-02-26T00:00:00Z,2026-02-27T00:00:00Z,AmazonEC2,BoxUsage:m5.2xlarge,RunInstances,22.1783,5.744159,5.457158,Usage,us-east-1,,,prod
1dc18587-c43f-5a93-308a-da7bfdf0cab4,2026-02-26T00:00:00Z/2026-02-27T00:00:00Z,2026-02-26T00:00:00Z,2026-02-27T00:00:00Z,AmazonEC2,BoxUsage:m5.2xlarge,RunInstances,22.6938,4.784345,4.614411,Usage,us-east-1,,,prod
bf969419-88bd-d139-baab-d6ca9cb7e6bc,2026-02-26T00:00:00Z/2026-02-27T00:00:00Z,2026-02-26T00:00:00Z,2026-02-27T00:00:00Z,AmazonEC2,BoxUsage:m5.2xlarge,RunInstances,8.5268,5.828211,6.011008,Usage,us-east-1,,,prod
eb76d75e-4335-aba4-0f8d-4128887a507f,2026-02-26T00:00:00Z/2026-02-27T00:00:00Z,2026-02-26T00:00:00Z,2026-02-27T00:00:00Z,AmazonEC2,BoxUsage:m5.2xlarge,RunInstances,19.3808,4.608648,4.396356,Usage,us-east-1,,,prod
a6e9d5db-24a7-5f99-1775-75f97d47b532,2026-02-26T00:00:00Z/2026-02-27T00:00:00Z,2026-02-26T00:00:00Z,2026-02-27T00:00:00Z,AmazonEC2,BoxUsage:m5.2xlarge,RunInstances,16.3767,5.637375,5.725184,Usage,us-east-1,,,prod
fd4a0381-cc36-6485-e5c2-bda2deac8c84,2026-02-26T00:00:00Z/2026-02-27T00:00:00Z,2026-02-26T00:00:00Z,2026-02-27T00:00:00Z,AmazonEC2,BoxUsage:m5.2xlarge,RunInstances,10.2747,4.614557,4.802171,Usage,us-east-1,,,prod
211d30ac-c3c1-42c8-e3e8-b67c7363510c,2026-02-26T00:00:00Z/2026-02-27T00:00:00Z,2026-02-26T00:00:00Z,2026-02-27T00:00:00Z,AmazonEC2,BoxUsage:m5.2xlarge,RunInstances,18.199,5.969585,5.801798,Usage,us-east-1,,,prod
175ed582-f4c7-06c4-70ae-b73150b72ed4,2026-02-26T00:00:00Z/2026-02-27T00:00:00Z,2026-02-26T00:00:00Z,2026-02-27T00:00:00Z,AmazonEC2,BoxUsage:m5.xlarge,RunInstances,8.1099,273.158985,261.893393,Usage,us-east-1,,,prod
6b9bb55e-e54a-574f-bfc1-9d631dc374ab,2026-02-26T00:00:00Z/2026-02-27T00:00:00Z,2026-02-26T00:00:00Z,2026-02-27T00:00:00Z,AmazonEC2,BoxUsage:m5.xlarge,RunInstances,11.5596,272.444383,285.839361,Usage,us-east-1,,,prod
41f000a8-e8fc-b964-1acc-440dabab49b1,2026-02-26T00:00:00Z/2026-02-27T00:00:00Z,2026-02-26T00:00:00Z,2026-02-27T00:00:00Z,AmazonEC2,BoxUsage:m5.xlarge,RunInstances,12.8845,293.577217,305.20891,Usage,us-east-1,,,prod
12519138-dc0c-38f7-85c6-16774f5dc0d4,2026-02-26T00:00:00Z/2026-02-27T00:00:00Z,2026-02-26T00:00:00Z,2026-02-27T00:00:00Z,AmazonEC2,BoxUsage:m5.xlarge,RunInstances,2.4271,296.372738,309.954456,Usage,us-east-1,,,prod
6f9890bb-7812-c376-2ac3-67f017a8482e,2026-02-26T00:00:00Z/2026-02-27T00:00:00Z,2026-02-26T00:00:00Z,2026-02-27T00:00:00Z,AmazonEC2,BoxUsage:m5.xlarge,RunInstances,20.4449,273.739344,264.516809,Usage,us-east-1,,,prod
d89ab2c8-7fb5-79c4-d9c7-02ed3916a06b,2026-02-27T00:00:00Z/2026-02-28T00:00:00Z,2026-02-27T00:00:00Z,2026-02-28T00:00:00Z,AmazonEKS,AmazonEKS-Hours:perCluster,RunInstances,13.2782,4.778506,4.715339,Usage,us-east-1,,,prod
ccab6ca4-6bb3-5673-5485-ffdb84d09c7f,2026-02-27T00:00:00Z/2026-02-28T00:00:00Z,2026-02-27T00:00:00Z,2026-02-28T00:00:00Z,AmazonEC2,BoxUsage:m5.2xlarge,RunInstances,22.935,6.017683,6.127646,Usage,us-east-1,,,prod
2ecc7ad0-0b99-a9b6-7899-b865f52f0404,2026-02-27T00:00:00Z/2026-02-28T00:00:00Z,2026-02-27T00:00:00Z,2026-02-28T00:00:00Z,AmazonEC2,BoxUsage:m5.2xlarge,RunInstances,3.5642,5.079463,4.892292,Usage,us-east-1,,,prod
092f4d7a-307a-08fa-9e50-25dee69541f3,2026-02-27T00:00:00Z/2026-02-28T00:00:00Z,2026-02-27T00:00:00Z,2026-02-28T00:00:00Z,AmazonEC2,BoxUsage:m5.2xlarge,RunInstances,11.3598,5.676334,5.44791,Usage,us-east-1,,,prod
7eff8302-ef01-cce7-2bdd-1f0d1cc569d3,2026-02-27T00:00:00Z/2026-02-28T00:00:00Z,2026-02-27T00:00:00Z,2026-02-28T00:00:00Z,AmazonEC2,BoxUsage:m5.2xlarge,RunInstances,10.5729,4.707171,4.766977,Usage,us-east-1,,,prod
9bb9730b-bb81-1c46-8cf7-803b67c68a1b,2026-02-27T00:00:00Z/2026-02-28T00:00:00Z,2026-02-27T00:00:00Z,2026-02-28T00:00:00Z,AmazonEC2,BoxUsage:m5.2xlarge,RunInstances,18.9153,4.729486,4.882278,Usage,us-east-1,,,prod
e3d5306a-4f49-edcf-a78c-844de43aabe7,2026-02-27T00:00:00Z/2026-02-28T00:00:00Z,2026-02-27T00:00:00Z,2026-02-28T00:00:00Z,AmazonEC2,BoxUsage:m5.2xlarge,RunInstances,23.9491,5.699179,5.480074,Usage,us-east-1,,,prod
ce3b48df-5b2f-c392-8e00-f3de64994a75,2026-02-27T00:00:00Z/2026-02-28T00:00:00Z,2026-02-27T00:00:00Z,2026-02-28T00:00:00Z,AmazonEC2,BoxUsage:m5.2xlarge,RunInstances,5.6063,5.761253,5.662121,Usage,us-east-1,,,prod
f6dfea86-120b-19f6-058d-be8bcaaf29e3,2026-02-27T00:00:00Z/2026-02-28T00:00:00Z,2026-02-27T00:00:00Z,2026-02-28T00:00:00Z,AmazonEC2,BoxUsage:m5.2xlarge,RunInstances,7.2821,5.217846,5.194832,Usage,us-east-1,,,prod
713458e2-e5f0-a75a-ae96-3e497d46f9c9,2026-02-27T00:00:00Z/2026-02-28T00:00:00Z,2026-02-27T00:00:00Z,2026-02-28T00:00:00Z,AmazonEC2,BoxUsage:m5.2xlarge,RunInstances,16.2812,4.955503,5.030852,Usage,us-east-1,,,prod
c00616b0-313a-eb71-aafe-c5f560d33c53,2026-02-27T00:00:00Z/2026-02-28T00:00:00Z,2026-02-27T00:00:00Z,2026-02-28T00:00:00Z,AmazonEC2,BoxUsage:m5.2xlarge,RunInstances,10.5493,5.386063,5.300917,Usage,us-east-1,,,prod
0a9eb8e7-ad88-5a72-8d3e-a9a1ff778314,2026-02-27T00:00:00Z/2026-02-28T00:00:00Z,2026-02-27T00:00:00Z,2026-02-28T00:00:00Z,AmazonEC2,BoxUsage:m5.2xlarge,RunInstances,19.7978,5.408605,5.59923,Usage,us-east-1,,,prod
2678c415-9192-773a-0175-de2191f50ebb,2026-02-27T00:00:00Z/2026-02-28T00:00:00Z,2026-02-27T00:00:00Z,2026-02-28T00:00:00Z,AmazonEC2,BoxUsage:m5.2xlarge,RunInstances,18.7314,5.309335,5.395839,Usage,us-east-1,,,prod
7ed6226f-47c8-f36f-13a2-522c698a64f3,2026-02-27T00:00:00Z/2026-02-28T00:00:00Z,2026-02-27T00:00:00Z,2026-02-28T00:00:00Z,AmazonEC2,BoxUsage:m5.2xlarge,RunInstances,18.1689,5.612779,5.812874,Usage,us-east-1,,,prod
49b892b7-9281-1abc-a121-3eeb439862fb,2026-02-27T00:00:00Z/2026-02-28T00:00:00Z,2026-02-27T00:00:00Z,2026-02-28T00:00:00Z,AmazonEC2,BoxUsage:m5.2xlarge,RunInstances,20.4326,4.758604,4.619414,Usage,us-east-1,,,prod
c87ae512-41bf-d17b-d9d3-dbd33b916628,2026-02-27T00:00:00Z/2026-02-28T00:00:00Z,2026-02-27T00:00:00Z,2026-02-28T00:00:00Z,AmazonEC2,BoxUsage:m5.2xlarge,RunInstances,5.8507,5.307154,5.316626,Usage,us-east-1,,,prod
bdfd3ff3-88ef-0021-e595-870bb3018409,2026-02-27T00:00:00Z/2026-02-28T00:00:00Z,2026-02-27T00:00:00Z,2026-02-28T00:00:00Z,AmazonEC2,BoxUsage:m5.2xlarge,RunInstances,6.8863,5.324838,5.537584,Usage,us-east-1,,,prod
b1126c0f-e30f-86ec-03c8-7e5bfc8c60fa,2026-02-27T00:00:00Z/2026-02-28T00:00:00Z,2026-02-27T00:00:00Z,2026-02-28T00:00:00Z,AmazonEC2,BoxUsage:m5.2xlarge,RunInstances,14.54,5.253885,5.038869,Usage,us-east-1,,,prod
7b6cc161-f928-7a08-fca8-67aec6c3047a,2026-02-27T00:00:00Z/2026-02-28T00:00:00Z,2026-02-27T00:00:00Z,2026-02-28T00:00:00Z,AmazonEC2,BoxUsage:m5.2xlarge,RunInstances,9.886,5.251798,5.039179,Usage,us-east-1,,,prod
e804be38-2ad7-8bac-4171-733eb9a847aa,2026-02-27T00:00:00Z/2026-02-28T00:00:00Z,2026-02-27T00:00:00Z,2026-02-28T00:00:00Z,AmazonEC2,BoxUsage:m5.2xlarge,RunInstances,23.0605,5.850817,6.126626,Usage,us-east-1,,,prod
56d7d554-f267-8dbc-d8a8-052d2030f761,2026-02-27T00:00:00Z/2026-02-28T00:00:00Z,2026-02-27T00:00:00Z,2026-02-28T00:00:00Z,AmazonEC2,BoxUsage:m5.2xlarge,RunInstances,1.8845,5.105766,5.08946,Usage,us-east-1,,,prod
6ea6b2bd-c99d-43cc-01ee-957484a94545,2026-02-27T00:00:00Z/2026-02-28T00:00:00Z,2026-02-27T00:00:00Z,2026-02-28T00:00:00Z,AmazonEC2,BoxUsage:m5.xlarge,RunInstances,23.101,248.283554,244.53354,Usage,us-east-1,,,prod
d1a7fd68-962c-6dc3-7838-580c2dde1dc0,2026-02-27T00:00:00Z/2026-02-28T00:00:00Z,2026-02-27T00:00:00Z,2026-02-28T00:00:00Z,AmazonEC2,BoxUsage:m5.xlarge,RunInstances,19.0384,270.462374,267.374379,Usage,us-east-1,,,prod
75f3e598-965c-5755-fdf7-b528a249c0d1,2026-02-27T00:00:00Z/2026-02-28T00:00:00Z,2026-02-27T00:00:00Z,2026-02-28T00:00:00Z,AmazonEC2,BoxUsage:m5.xlarge,RunInstances,12.3372,283.611085,284.391712,Usage,us-east-1,,,prod
7135e5f6-0909-c9c1-d72a-415bdde44fec,2026-02-27T00:00:00Z/2026-02-28T00:00:00Z,2026-02-27T00:00:00Z,2026-02-28T00:00:00Z,AmazonEC2,BoxUsage:m5.xlarge,RunInstances,2.8492,293.488496,287.831516,Usage,us-east-1,,,prod
536b3277-eb71-9a2f-0b75-d19acea0911d,2026-02-27T00:00:00Z/2026-02-28T00:00:00Z,2026-02-27T00:00:00Z,2026-02-28T00:00:00Z,AmazonEC2,BoxUsage:m5.xlarge,RunInstances,2.1142,262.578827,262.810809,Usage,us-east-1,,,prod
c0d00f27-c6e8-791c-d343-60e51534606f,2026-02-28T00:00:00Z/2026-03-01T00:00:00Z,2026-02-28T00:00:00Z,2026-03-01T00:00:00Z,AmazonEKS,AmazonEKS-Hours:perCluster,RunInstances,16.5937,5.374981,5.153692,Usage,us-east-1,,,prod
cb24046b-f193-1190-75ae-9e4e1884a72e,2026-02-28T00:00:00Z/2026-03-01T00:00:00Z,2026-02-28T00:00:00Z,2026-03-01T00:00:00Z,AmazonEC2,BoxUsage:m5.2xlarge,RunInstances,17.5447,5.606141,5.600361,Usage,us-east-1,,,prod
9e5b23d3-a583-ec4d-6843-cf64e57638f9,2026-02-28T00:00:00Z/2026-03-01T00:00:00Z,2026-02-28T00:00:00Z,2026-03-01T00:00:00Z,AmazonEC2,BoxUsage:m5.2xlarge,RunInstances,7.1929,5.305753,5.435314,Usage,us-east-1,,,prod
029ede9e-0f3c-a97a-7124-dab40d96e451,2026-02-28T00:00:00Z/2026-03-01T00:00:00Z,2026-02-28T00:00:00Z,2026-03-01T00:00:00Z,AmazonEC2,BoxUsage:m5.2xlarge,RunInstances,23.7327,4.811472,4.878622,Usage,us-east-1,,,prod
beb5ff2a-6708-78cd-4377-59b68c8f260d,2026-02-28T00:00:00Z/2026-03-01T00:00:00Z,2026-02-28T00:00:00Z,2026-03-01T00:00:00Z,AmazonEC2,BoxUsage:m5.2xlarge,RunInstances,17.5312,5.093901,4.894759,Usage,us-east-1,,,prod
16f299b6-46ad-e24d-89c4-95f4b9578a38,2026-02-28T00:00:00Z/2026-03-01T00:00:00Z,2026-02-28T00:00:00Z,2026-03-01T00:00:00Z,AmazonEC2,BoxUsage:m5.2xlarge,RunInstances,12.0638,5.704554,5.963388,Usage,us-east-1,,,prod
b0d1b5fe-94b7-3308-62e5-e2915684c6fe,2026-02-28T00:00:00Z/2026-03-01T00:00:00Z,2026-02-28T00:00:00Z,2026-03-01T00:00:00Z,AmazonEC2,BoxUsage:m5.2xlarge,RunInstances,3.149,4.655378,4.871997,Usage,us-east-1,,,prod
9615e554-29a4-e3fe-b425-111d10af4034,2026-02-28T00:00:00Z/2026-03-01T00:00:00Z,2026-02-28T00:00:00Z,2026-03-01T00:00:00Z,AmazonEC2,BoxUsage:m5.2xlarge,RunInstances,22.799,6.069693,6.289354,Usage,us-east-1,,,prod
eb55ddad-387d-fb98-1794-78c2d4630bc8,2026-02-28T00:00:00Z/2026-03-01T00:00:00Z,2026-02-28T00:00:00Z,2026-03-01T00:00:00Z,AmazonEC2,BoxUsage:m5.2xlarge,RunInstances,19.9168,4.652764,4.844497,Usage,us-east-1,,,prod
50942a80-901c-a9ec-8cc8-b0702c9bb6ca,2026-02-28T00:00:00Z/2026-03-01T00:00:00Z,2026-02-28T00:00:00Z,2026-03-01T00:00:00Z,AmazonEC2,BoxUsage:m5.2xlarge,RunInstances,10.2806,5.339914,5.380842,Usage,us-east-1,,,prod
a81ee8d6-706c-1e99-c8f3-ccfb61ad1fc1,2026-02-28T00:00:00Z/2026-03-01T00:00:00Z,2026-02-28T00:00:00Z,2026-03-01T00:00:00Z,AmazonEC2,BoxUsage:m5.2xlarge,RunInstances,8.6259,5.944077,5.946224,Usage,us-east-1,,,prod
0c1a4e6b-9af3-0a3c-ab03-fffa0a9d1d77,2026-02-28T00:00:00Z/2026-03-01T00:00:00Z,2026-02-28T00:00:00Z,2026-03-01T00:00:00Z,AmazonEC2,BoxUsage:m5.2xlarge,RunInstances,5.3917,5.899502,6.159055,Usage,us-east-1,,,prod
1f95396b-533c-9b30-6753-f44f47cf26f0,2026-02-28T00:00:00Z/2026-03-01T00:00:00Z,2026-02-28T00:00:00Z,2026-03-01T00:00:00Z,AmazonEC2,BoxUsage:m5.2xlarge,RunInstances,16.8035,5.085919,5.077533,Usage,us-east-1,,,prod
e734f6e8-2d8a-8076-ef2f-bc7d5a1676dc,2026-02-28T00:00:00Z/2026-03-01T00:00:00Z,2026-02-28T00:00:00Z,2026-03-01T00:00:00Z,AmazonEC2,BoxUsage:m5.2xlarge,RunInstances,21.6066,4.645711,4.749807,Usage,us-east-1,,,prod
686c218b-56fe-01e8-27f2-fca2953e8b1f,2026-02-28T00:00:00Z/2026-03-01T00:00:00Z,2026-02-28T00:00:00Z,2026-03-01T00:00:00Z,AmazonEC2,BoxUsage:m5.2xlarge,RunInstances,8.6791,5.344798,5.603406,Usage,us-east-1,,,prod
865da707-9494-edc1-58a6-0253ac9f532a,2026-02-28T00:00:00Z/2026-03-01T00:00:00Z,2026-02-28T00:00:00Z,2026-03-01T00:00:00Z,AmazonEC2,BoxUsage:m5.2xlarge,RunInstances,15.9738,4.552967,4.505923,Usage,us-east-1,,,prod
fc10b4bc-e235-2ba2-6cae-887433e17a1f,2026-02-28T00:00:00Z/2026-03-01T00:00:00Z,2026-02-28T00:00:00Z,2026-03-01T00:00:00Z,AmazonEC2,BoxUsage:m5.2xlarge,RunInstances,13.6991,4.95073,4.712892,Usage,us-east-1,,,prod
b4c45d53-c2a7-cd0a-91ab-e31d3af64ae1,2026-02-28T00:00:00Z/2026-03-01T00:00:00Z,2026-02-28T00:00:00Z,2026-03-01T00:00:00Z,AmazonEC2,BoxUsage:m5.2xlarge,RunInstances,4.2924,5.475387,5.640497,Usage,us-east-1,,,prod
7288e676-6614-e302-d1f7-980af900a70b,2026-02-28T00:00:00Z/2026-03-01T00:00:00Z,2026-02-28T00:00:00Z,2026-03-01T00:00:00Z,AmazonEC2,BoxUsage:m5.2xlarge,RunInstances,19.4345,5.214013,5.225797,Usage,us-east-1,,,prod
4650a6e7-0d68-4c41-8464-fffbb62208ca,2026-02-28T00:00:00Z/2026-03-01T00:00:00Z,2026-02-28T00:00:00Z,2026-03-01T00:00:00Z,AmazonEC2,BoxUsage:m5.2xlarge,RunInstances,2.0708,5.775093,5.971483,Usage,us-east-1,,,prod
be2c054b-5a85-7cb7-b448-05668b567e64,2026-02-28T00:00:00Z/2026-03-01T00:00:00Z,2026-02-28T00:00:00Z,2026-03-01T00:00:00Z,AmazonEC2,BoxUsage:m5.2xlarge,RunInstances,2.7869,4.559076,4.387494,Usage,us-east-1,,,prod
7111ea1d-757a-f13d-027b-856be6dca5f7,2026-02-28T00:00:00Z/2026-03-01T00:00:00Z,2026-02-28T00:00:00Z,2026-03-01T00:00:00Z,AmazonEC2,BoxUsage:m5.xlarge,RunInstances,9.613,267.1836,258.223331,Usage,us-east-1,,,prod
33731448-cb65-b50f-007c-3a54c00b2ad5,2026-02-28T00:00:00Z/2026-03-01T00:00:00Z,2026-02-28T00:00:00Z,2026-03-01T00:00:00Z,AmazonEC2,BoxUsage:m5.xlarge,RunInstances,15.9798,227.817851,236.668186,Usage,us-east-1,,,prod
8f29ce8d-5cbd-c875-8245-6c648ee036e4,2026-02-28T00:00:00Z/2026-03-01T00:00:00Z,2026-02-28T00:00:00Z,2026-03-01T00:00:00Z,AmazonEC2,BoxUsage:m5.xlarge,RunInstances,5.77,238.308266,243.665342,Usage,us-east-1,,,prod
632fdcde-6810-8a29-1f57-41b4cf0cbefc,2026-02-28T00:00:00Z/2026-03-01T00:00:00Z,2026-02-28T00:00:00Z,2026-03-01T00:00:00Z,AmazonEC2,BoxUsage:m5.xlarge,RunInstances,7.7731,292.8826,280.338296,Usage,us-east-1,,,prod
ff973d91-eb93-0de4-d7e9-107fa7881e27,2026-02-28T00:00:00Z/2026-03-01T00:00:00Z,2026-02-28T00:00:00Z,2026-03-01T00:00:00Z,AmazonEC2,BoxUsage:m5.xlarge,RunInstances,15.1726,231.755147,230.853569,Usage,us-east-1,,,prod
9fdddd98-5062-a14b-57bf-a511c08072ed,2026-03-01T00:00:00Z/2026-03-02T00:00:00Z,2026-03-01T00:00:00Z,2026-03-02T00:00:00Z,AmazonEKS,AmazonEKS-Hours:perCluster,RunInstances,5.6084,5.002609,4.833561,Usage,us-east-1,,,prod
f8f2e292-3a74-6661-e850-92a73d0fd3e7,2026-03-01T00:00:00Z/2026-03-02T00:00:00Z,2026-03-01T00:00:00Z,2026-03-02T00:00:00Z,AmazonEC2,BoxUsage:m5.2xlarge,RunInstances,1.8251,6.102985,5.800194,Usage,us-east-1,,,prod
795bd275-40ce-f06d-34da-ff13eabb9bfb,2026-03-01T00:00:00Z/2026-03-02T00:00:00Z,2026-03-01T00:00:00Z,2026-03-02T00:00:00Z,AmazonEC2,BoxUsage:m5.2xlarge,RunInstances,17.5289,5.746826,5.712526,Usage,us-east-1,,,prod
5181eac2-330f-a8c2-964b-a297d706986e,2026-03-01T00:00:00Z/2026-03-02T00:00:00Z,2026-03-01T00:00:00Z,2026-03-02T00:00:00Z,AmazonEC2,BoxUsage:m5.2xlarge,RunInstances,5.6981,4.648523,4.660569,Usage,us-east-1,,,prod
7f6870f3-4b25-d2b1-1c44-526bfd46460e,2026-03-01T00:00:00Z/2026-03-02T00:00:00Z,2026-03-01T00:00:00Z,2026-03-02T00:00:00Z,AmazonEC2,BoxUsage:m5.2xlarge,RunInstances,8.2852,5.805711,5.633265,Usage,us-east-1,,,prod
740874b0-e933-ae38-362a-4a7434ff5a83,2026-03-01T00:00:00Z/2026-03-02T00:00:00Z,2026-03-01T00:00:00Z,2026-03-02T00:00:00Z,AmazonEC2,BoxUsage:m5.2xlarge,RunInstances,19.082,5.181752,4.975814,Usage,us-east-1,,,prod
1addfa04-5919-982f-c100-708b021303d4,2026-03-01T00:00:00Z/2026-03-02T00:00:00Z,2026-03-01T00:00:00Z,2026-03-02T00:00:00Z,AmazonEC2,BoxUsage:m5.2xlarge,RunInstances,22.331,5.715429,5.562814,Usage,us-east-1,,,prod
ce880203-fcaf-662a-abf7-741c3eb66d8d,2026-03-01T00:00:00Z/2026-03-02T00:00:00Z,2026-03-01T00:00:00Z,2026-03-02T00:00:00Z,AmazonEC2,BoxUsage:m5.2xlarge,RunInstances,3.0056,6.026526,5.994447,Usage,us-east-1,,,prod
230d3154-5049-a320-09bf-270db13b3d52,2026-03-01T00:00:00Z/2026-03-02T00:00:00Z,2026-03-01T00:00:00Z,2026-03-02T00:00:00Z,AmazonEC2,BoxUsage:m5.2xlarge,RunInstances,3.8601,5.309221,5.495151,Usage,us-east-1,,,prod
979fa95f-3729-6d03-ef1b-2faebace51e5,2026-03-01T00:00:00Z/2026-03-02T00:00:00Z,2026-03-01T00:00:00Z,2026-03-02T00:00:00Z,AmazonEC2,BoxUsage:m5.2xlarge,RunInstances,21.3396,4.980979,4.863575,Usage,us-east-1,,,prod
2c472d63-ca53-f439-0d5c-0a24183a261c,2026-03-01T00:00:00Z/2026-03-02T00:00:00Z,2026-03-01T00:00:00Z,2026-03-02T00:00:00Z,AmazonEC2,BoxUsage:m5.2xlarge,RunInstances,21.5086,5.803066,5.566898,Usage,us-east-1,,,prod
3845077e-5136-3acc-7d58-d1cff34db703,2026-03-01T00:00:00Z/2026-03-02T00:00:00Z,2026-03-01T00:00:00Z,2026-03-02T00:00:00Z,AmazonEC2,BoxUsage:m5.2xlarge,RunInstances,9.1335,5.587913,5.650279,Usage,us-east-1,,,prod
a3dfd476-6b0a-53a6-0715-a309605b1019,2026-03-01T00:00:00Z/2026-03-02T00:00:00Z,2026-03-01T00:00:00Z,2026-03-02T00:00:00Z,AmazonEC2,BoxUsage:m5.2xlarge,RunInstances,15.6014,5.116518,5.367805,Usage,us-east-1,,,prod
a1d418bf-3fb4-28fb-5c80-142e3da6d47d,2026-03-01T00:00:00Z/2026-03-02T00:00:00Z,2026-03-01T00:00:00Z,2026-03-02T00:00:00Z,AmazonEC2,BoxUsage:m5.2xlarge,RunInstances,22.8723,4.946146,5.173741,Usage,us-east-1,,,prod
f198fb35-2f82-e56f-83c9-6377ca139ae7,2026-03-01T00:00:00Z/2026-03-02T00:00:00Z,2026-03-01T00:00:00Z,2026-03-02T00:00:00Z,AmazonEC2,BoxUsage:m5.2xlarge,RunInstances,19.683,5.381953,5.374778,Usage,us-east-1,,,prod
9d059bab-de02-f285-daea-0d69410c234a,2026-03-01T00:00:00Z/2026-03-02T00:00:00Z,2026-03-01T00:00:00Z,2026-03-02T00:00:00Z,AmazonEC2,BoxUsage:m5.2xlarge,RunInstances,11.2094,5.504082,5.464401,Usage,us-east-1,,,prod
6ca5beb7-65d8-5ed2-ed37-be49b0f2df16,2026-03-01T00:00:00Z/2026-03-02T00:00:00Z,2026-03-01T00:00:00Z,2026-03-02T00:00:00Z,AmazonEC2,BoxUsage:m5.2xlarge,RunInstances,17.7892,5.596582,5.356475,Usage,us-east-1,,,prod
11e9faa3-6593-856d-e7b7-a457aaecdfe6,2026-03-01T00:00:00Z/2026-03-02T00:00:00Z,2026-03-01T00:00:00Z,2026-03-02T00:00:00Z,AmazonEC2,BoxUsage:m5.2xlarge,RunInstances,15.907,5.119804,5.246296,Usage,us-east-1,,,prod
de0a9e3f-3936-369b-7678-aff425211351,2026-03-01T00:00:00Z/2026-03-02T00:00:00Z,2026-03-01T00:00:00Z,2026-03-02T00:00:00Z,AmazonEC2,BoxUsage:m5.2xlarge,RunInstances,2.3984,5.596002,5.832075,Usage,us-east-1,,,prod
2c6ddc69-a541-7a3e-9c2c-6a85fb71c6aa,2026-03-01T00:00:00Z/2026-03-02T00:00:00Z,2026-03-01T00:00:00Z,2026-03-02T00:00:00Z,AmazonEC2,BoxUsage:m5.2xlarge,RunInstances,21.4096,6.04776,6.189322,Usage,us-east-1,,,prod
eab39b20-254b-ed8c-f00d-6f1447b4506e,2026-03-01T00:00:00Z/2026-03-02T00:00:00Z,2026-03-01T00:00:00Z,2026-03-02T00:00:00Z,AmazonEC2,BoxUsage:m5.2xlarge,RunInstances,7.2643,5.74843,5.543928,Usage,us-east-1,,,prod
65099c2a-c917-e92e-ad05-ba368a2c5d4c,2026-03-01T00:00:00Z/2026-03-02T00:00:00Z,2026-03-01T00:00:00Z,2026-03-02T00:00:00Z,AmazonEC2,BoxUsage:m5.xlarge,RunInstances,15.6731,300.073953,311.75901,Usage,us-east-1,,,prod
6dd2ed4b-a8c1-afbe-e718-d91044f519ed,2026-03-01T00:00:00Z/2026-03-02T00:00:00Z,2026-03-01T00:00:00Z,2026-03-02T00:00:00Z,AmazonEC2,BoxUsage:m5.xlarge,RunInstances,2.3795,306.437716,320.85304,Usage,us-east-1,,,prod
3130d3f6-d985-59f1-a8d2-cb0382dcce94,2026-03-01T00:00:00Z/2026-03-02T00:00:00Z,2026-03-01T00:00:00Z,2026-03-02T00:00:00Z,AmazonEC2,BoxUsage:m5.xlarge,RunInstances,21.6046,303.126155,292.586223,Usage,us-east-1,,,prod
4016871c-9b03-9297-64d5-3fb40ba8e8b0,2026-03-01T00:00:00Z/2026-03-02T00:00:00Z,2026-03-01T00:00:00Z,2026-03-02T00:00:00Z,AmazonEC2,BoxUsage:m5.xlarge,RunInstances,17.8763,286.776505,292.354924,Usage,us-east-1,,,prod
57709934-1461-4320-acf6-4b31ab8feb17,2026-03-01T00:00:00Z/2026-03-02T00:00:00Z,2026-03-01T00:00:00Z,2026-03-02T00:00:00Z,AmazonEC2,BoxUsage:m5.xlarge,RunInstances,17.7336,281.816675,275.477036,Usage,us-east-1,,,prod
576de0da-a779-1cd9-8b30-6dda25190e3d,2026-03-02T00:00:00Z/2026-03-03T00:00:00Z,2026-03-02T00:00:00Z,2026-03-03T00:00:00Z,AmazonEKS,AmazonEKS-Hours:perCluster,RunInstances,4.3051,5.34631,5.574254,Usage,us-east-1,,,prod
a3bbd9ef-40f0-b982-7334-40305d997d0d,2026-03-02T00:00:00Z/2026-03-03T00:00:00Z,2026-03-02T00:00:00Z,2026-03-03T00:00:00Z,AmazonEC2,BoxUsage:m5.2xlarge,RunInstances,14.3348,4.939805,5.133324,Usage,us-east-1,,,prod
2ecf5a33-8146-815e-4b28-6014e56af7d1,2026-03-02T00:00:00Z/2026-03-03T00:00:00Z,2026-03-02T00:00:00Z,2026-03-03T00:00:00Z,AmazonEC2,BoxUsage:m5.2xlarge,RunInstances,9.7047,5.460189,5.340146,Usage,us-east-1,,,prod
4b52ab37-7abd-20ad-ce1d-8cdc787e0fb5,2026-03-02T00:00:00Z/2026-03-03T00:00:00Z,2026-03-02T00:00:00Z,2026-03-03T00:00:00Z,AmazonEC2,BoxUsage:m5.2xlarge,RunInstances,2.8921,5.760853,5.923212,Usage,us-east-1,,,prod
fc751273-4ac0-bcff-3519-d29fa50424d4,2026-03-02T00:00:00Z/2026-03-03T00:00:00Z,2026-03-02T00:00:00Z,2026-03-03T00:00:00Z,AmazonEC2,BoxUsage:m5.2xlarge,RunInstances,20.6952,4.666285,4.793198,Usage,us-east-1,,,prod
2d8a8300-62fc-ab0e-88e4-1e40b9bf979e,2026-03-02T00:00:00Z/2026-03-03T00:00:00Z,2026-03-02T00:00:00Z,2026-03-03T00:00:00Z,AmazonEC2,BoxUsage:m5.2xlarge,RunInstances,5.624,4.684392,4.702243,Usage,us-east-1,,,prod
787afafe-7d22-db53-8b85-3aa8132861e3,2026-03-02T00:00:00Z/2026-03-03T00:00:00Z,2026-03-02T00:00:00Z,2026-03-03T00:00:00Z,AmazonEC2,BoxUsage:m5.2xlarge,RunInstances,17.1446,6.120817,6.304238,Usage,us-east-1,,,prod
e8853d48-26d6-e593-e8d0-f34eb4aa60c4,2026-03-02T00:00:00Z/2026-03-03T00:00:00Z,2026-03-02T00:00:00Z,2026-03-03T00:00:00Z,AmazonEC2,BoxUsage:m5.2xlarge,RunInstances,10.6922,4.915522,4.816689,Usage,us-east-1,,,prod
0f4389ec-2626-3a6c-48eb-0a4081806552,2026-03-02T00:00:00Z/2026-03-03T00:00:00Z,2026-03-02T00:00:00Z,2026-03-03T00:00:00Z,AmazonEC2,BoxUsage:m5.2xlarge,RunInstances,2.2445,5.892281,6.004013,Usage,us-east-1,,,prod
6ffc28cb-0b62-4a3d-d2b5-65cd4f084ac8,2026-03-02T00:00:00Z/2026-03-03T00:00:00Z,2026-03-02T00:00:00Z,2026-03-03T00:00:00Z,AmazonEC2,BoxUsage:m5.2xlarge,RunInstances,12.4072,4.653111,4.489189,Usage,us-east-1,,,prod
60bfe44d-f0a0-66eb-de77-4a2ab381f25a,2026-03-02T00:00:00Z/2026-03-03T00:00:00Z,2026-03-02T00:00:00Z,2026-03-03T00:00:00Z,AmazonEC2,BoxUsage:m5.2xlarge,RunInstances,15.407,5.737838,5.600859,Usage,us-east-1,,,prod
15d2ba67-75f5-8991-0f1d-f0f62691aceb,2026-03-02T00:00:00Z/2026-03-03T00:00:00Z,2026-03-02T00:00:00Z,2026-03-03T00:00:00Z,AmazonEC2,BoxUsage:m5.2xlarge,RunInstances,2.6427,4.879145,4.94983,Usage,us-east-1,,,prod
272b6e31-eccb-a3ea-5b6e-3c15035fb1af,2026-03-02T00:00:00Z/2026-03-03T00:00:00Z,2026-03-02T00:00:00Z,2026-03-03T00:00:00Z,AmazonEC2,BoxUsage:m5.2xlarge,RunInstances,14.9267,4.937076,5.004408,Usage,us-east-1,,,prod
d1f0ad41-2fc4-464f-ebca-8496be7edf8e,2026-03-02T00:00:00Z/2026-03-03T00:00:00Z,2026-03-02T00:00:00Z,2026-03-03T00:00:00Z,AmazonEC2,BoxUsage:m5.2xlarge,RunInstances,18.5354,5.375524,5.291443,Usage,us-east-1,,,prod
771a4219-854b-b8e1-ab5f-ef9f5e19ce3e,2026-03-02T00:00:00Z/2026-03-03T00:00:00Z,2026-03-02T00:00:00Z,2026-03-03T00:00:00Z,AmazonEC2,BoxUsage:m5.2xlarge,RunInstances,12.0105,4.719697,4.592117,Usage,us-east-1,,,prod
0d932c46-5556-55c2-88a4-61b6b9c2068d,2026-03-02T00:00:00Z/2026-03-03T00:00:00Z,2026-03-02T00:00:00Z,2026-03-03T00:00:00Z,AmazonEC2,BoxUsage:m5.2xlarge,RunInstances,8.0676,4.908496,4.700322,Usage,us-east-1,,,prod
660a9b82-1e8b-f2ad-3767-2a32694a0c2b,2026-03-02T00:00:00Z/2026-03-03T00:00:00Z,2026-03-02T00:00:00Z,2026-03-03T00:00:00Z,AmazonEC2,BoxUsage:m5.2xlarge,RunInstances,20.4174,5.888029,5.828209,Usage,us-east-1,,,prod
ef122814-05c6-f243-258c-626b23a2dee3,2026-03-02T00:00:00Z/2026-03-03T00:00:00Z,2026-03-02T00:00:00Z,2026-03-03T00:00:00Z,AmazonEC2,BoxUsage:m5.2xlarge,RunInstances,7.3678,5.439998,5.393827,Usage,us-east-1,,,prod
d1dc0b99-3144-564e-72ea-c0f92e73fead,2026-03-02T00:00:00Z/2026-03-03T00:00:00Z,2026-03-02T00:00:00Z,2026-03-03T00:00:00Z,AmazonEC2,BoxUsage:m5.2xlarge,RunInstances,23.7255,4.935702,5.180393,Usage,us-east-1,,,prod
6db433f3-16e4-f595-254c-5844c457ff40,2026-03-02T00:00:00Z/2026-03-03T00:00:00Z,2026-03-02T00:00:00Z,2026-03-03T00:00:00Z,AmazonEC2,BoxUsage:m5.2xlarge,RunInstances,17.7153,5.075462,5.024806,Usage,us-east-1,,,prod
18ab5303-3b0f-697e-22a8-3cbd6e8efaf8,2026-03-02T00:00:00Z/2026-03-03T00:00:00Z,2026-03-02T00:00:00Z,2026-03-03T00:00:00Z,AmazonEC2,BoxUsage:m5.2xlarge,RunInstances,2.2925,4.595855,4.672248,Usage,us-east-1,,,prod
851afc23-9cb7-7faf-f5d9-fef8ba3d128f,2026-03-02T00:00:00Z/2026-03-03T00:00:00Z,2026-03-02T00:00:00Z,2026-03-03T00:00:00Z,AmazonEC2,BoxUsage:m5.xlarge,RunInstances,13.1486,299.879959,292.423623,Usage,us-east-1,,,prod
8ecefc97-b395-6f5f-16f4-3abc18f89a6f,2026-03-02T00:00:00Z/2026-03-03T00:00:00Z,2026-03-02T00:00:00Z,2026-03-03T00:00:00Z,AmazonEC2,BoxUsage:m5.xlarge,RunInstances,6.433,269.504599,256.032135,Usage,us-east-1,,,prod
93d3da81-0c82-c4be-627b-af5e64319119,2026-03-02T00:00:00Z/2026-03-03T00:00:00Z,2026-03-02T00:00:00Z,2026-03-03T00:00:00Z,AmazonEC2,BoxUsage:m5.xlarge,RunInstances,6.7119,259.021899,246.297849,Usage,us-east-1,,,prod
db2d5efd-9328-95aa-c56d-dcc44b141c3b,2026-03-02T00:00:00Z/2026-03-03T00:00:00Z,2026-03-02T00:00:00Z,2026-03-03T00:00:00Z,AmazonEC2,BoxUsage:m5.xlarge,RunInstances,3.8318,294.717883,286.979781,Usage,us-east-1,,,prod
3fa2ed12-d01e-8400-004a-e133c9ce0687,2026-03-02T00:00:00Z/2026-03-03T00:00:00Z,2026-03-02T00:00:00Z,2026-03-03T00:00:00Z,AmazonEC2,BoxUsage:m5.xlarge,RunInstances,21.806,229.438579,234.65884,Usage,us-east-1,,,prod
d0058cc1-a9ac-5e4c-8c00-3899200de080,2026-03-03T00:00:00Z/2026-03-04T00:00:00Z,2026-03-03T00:00:00Z,2026-03-04T00:00:00Z,AmazonEKS,AmazonEKS-Hours:perCluster,RunInstances,10.2197,5.780035,5.708192,Usage,us-east-1,,,prod
6ad25e7a-d3bb-5f72-c6f0-388a827c4a7b,2026-03-03T00:00:00Z/2026-03-04T00:00:00Z,2026-03-03T00:00:00Z,2026-03-04T00:00:00Z,AmazonEC2,BoxUsage:m5.2xlarge,RunInstances,3.5026,5.312168,5.287391,Usage,us-east-1,,,prod
cbee1e5d-1882-7e24-16da-350fa3a55a57,2026-03-03T00:00:00Z/2026-03-04T00:00:00Z,2026-03-03T00:00:00Z,2026-03-04T00:00:00Z,AmazonEC2,BoxUsage:m5.2xlarge,RunInstances,10.057,6.11864,6.216287,Usage,us-east-1,,,prod
71af392a-e82d-e7b4-c850-3dc726b295a7,2026-03-03T00:00:00Z/2026-03-04T00:00:00Z,2026-03-03T00:00:00Z,2026-03-04T00:00:00Z,AmazonEC2,BoxUsage:m5.2xlarge,RunInstances,16.3684,4.646572,4.642531,Usage,us-east-1,,,prod
f1fc1289-973f-4a91-4d0f-79346b88614f,2026-03-03T00:00:00Z/2026-03-04T00:00:00Z,2026-03-03T00:00:00Z,2026-03-04T00:00:00Z,AmazonEC2,BoxUsage:m5.2xlarge,RunInstances,3.9057,5.290971,5.241893,Usage,us-east-1,,,prod
c5af05ab-9396-d1fe-c4e8-1a885dd62ef4,2026-03-03T00:00:00Z/2026-03-04T00:00:00Z,2026-03-03T00:00:00Z,2026-03-04T00:00:00Z,AmazonEC2,BoxUsage:m5.2xlarge,RunInstances,14.7908,5.06279,4.918715,Usage,us-east-1,,,prod
9b068899-29f6-5b5b-5088-73d5ebe7b5ac,2026-03-03T00:00:00Z/2026-03-04T00:00:00Z,2026-03-03T00:00:00Z,2026-03-04T00:00:00Z,AmazonEC2,BoxUsage:m5.2xlarge,RunInstances,13.3757,4.960998,5.034635,Usage,us-east-1,,,prod
fd99c505-22f8-73bd-e45c-9df32edc581f,2026-03-03T00:00:00Z/2026-03-04T00:00:00Z,2026-03-03T00:00:00Z,2026-03-04T00:00:00Z,AmazonEC2,BoxUsage:m5.2xlarge,RunInstances,14.8505,4.936284,4.983582,Usage,us-east-1,,,prod
b46ece0f-c784-7644-7752-be15f9894aae,2026-03-03T00:00:00Z/2026-03-04T00:00:00Z,2026-03-03T00:00:00Z,2026-03-04T00:00:00Z,AmazonEC2,BoxUsage:m5.2xlarge,RunInstances,17.7734,4.753962,4.694544,Usage,us-east-1,,,prod
eb51963b-186a-2678-ea9f-eabe248bb554,2026-03-03T00:00:00Z/2026-03-04T00:00:00Z,2026-03-03T00:00:00Z,2026-03-04T00:00:00Z,AmazonEC2,BoxUsage:m5.2xlarge,RunInstances,5.9405,4.987343,4.959269,Usage,us-east-1,,,prod
3cc13d71-38c4-98b6-5f38-d55da682f319,2026-03-03T00:00:00Z/2026-03-04T00:00:00Z,2026-03-03T00:00:00Z,2026-03-04T00:00:00Z,AmazonEC2,BoxUsage:m5.2xlarge,RunInstances,9.9526,5.988947,5.84938,Usage,us-east-1,,,prod
b8122da2-679d-3a02-5e01-fe51103810df,2026-03-03T00:00:00Z/2026-03-04T00:00:00Z,2026-03-03T00:00:00Z,2026-03-04T00:00:00Z,AmazonEC2,BoxUsage:m5.2xlarge,RunInstances,7.6952,5.890625,6.041111,Usage,us-east-1,,,prod
18112864-a66c-1dfd-a2fa-fbc7bca23602,2026-03-03T00:00:00Z/2026-03-04T00:00:00Z,2026-03-03T00:00:00Z,2026-03-04T00:00:00Z,AmazonEC2,BoxUsage:m5.2xlarge,RunInstances,20.9906,5.683782,5.823532,Usage,us-east-1,,,prod
45df19f9-e6d7-c67c-ba96-e28a5e319d25,2026-03-03T00:00:00Z/2026-03-04T00:00:00Z,2026-03-03T00:00:00Z,2026-03-04T00:00:00Z,AmazonEC2,BoxUsage:m5.2xlarge,RunInstances,11.9006,4.893829,5.007626,Usage,us-east-1,,,prod
28bcfdd3-1eb7-7718-b549-9887becad0a6,2026-03-03T00:00:00Z/2026-03-04T00:00:00Z,2026-03-03T00:00:00Z,2026-03-04T00:00:00Z,AmazonEC2,BoxUsage:m5.2xlarge,RunInstances,1.1364,5.336897,5.445033,Usage,us-east-1,,,prod
492dd7ea-de94-e033-bd60-90e7ec0924de,2026-03-03T00:00:00Z/2026-03-04T00:00:00Z,2026-03-03T00:00:00Z,2026-03-04T00:00:00Z,AmazonEC2,BoxUsage:m5.2xlarge,RunInstances,16.8055,4.595829,4.617199,Usage,us-east-1,,,prod
7fe6f59d-bd6e-6a6c-2940-3bf92c33ff07,2026-03-03T00:00:00Z/2026-03-04T00:00:00Z,2026-03-03T00:00:00Z,2026-03-04T00:00:00Z,AmazonEC2,BoxUsage:m5.2xlarge,RunInstances,6.6555,6.12468,5.965591,Usage,us-east-1,,,prod
9890b858-5936-2d34-cff3-f0aee8041c53,2026-03-03T00:00:00Z/2026-03-04T00:00:00Z,2026-03-03T00:00:00Z,2026-03-04T00:00:00Z,AmazonEC2,BoxUsage:m5.2xlarge,RunInstances,9.7108,4.689646,4.807116,Usage,us-east-1,,,prod
e75bda81-d8e9-1f99-67af-82418118ad57,2026-03-03T00:00:00Z/2026-03-04T00:00:00Z,2026-03-03T00:00:00Z,2026-03-04T00:00:00Z,AmazonEC2,BoxUsage:m5.2xlarge,RunInstances,21.8968,5.035909,5.145156,Usage,us-east-1,,,prod
6566deb0-4796-ccc3-e661-4d91322af4ae,2026-03-03T00:00:00Z/2026-03-04T00:00:00Z,2026-03-03T00:00:00Z,2026-03-04T00:00:00Z,AmazonEC2,BoxUsage:m5.2xlarge,RunInstances,7.8407,5.672071,5.714756,Usage,us-east-1,,,prod
9bae3266-beeb-96a0-e243-e9d96901ed22,2026-03-03T00:00:00Z/2026-03-04T00:00:00Z,2026-03-03T00:00:00Z,2026-03-04T00:00:00Z,AmazonEC2,BoxUsage:m5.2xlarge,RunInstances,3.6456,5.165917,5.042407,Usage,us-east-1,,,prod
f9382cb2-32d6-a802-d903-19e5a11c98f7,2026-03-03T00:00:00Z/2026-03-04T00:00:00Z,2026-03-03T00:00:00Z,2026-03-04T00:00:00Z,AmazonEC2,BoxUsage:m5.xlarge,RunInstances,22.131,294.462667,283.105135,Usage,us-east-1,,,prod
b1c44eaf-9d3d-a850-ba23-52c665142f0c,2026-03-03T00:00:00Z/2026-03-04T00:00:00Z,2026-03-03T00:00:00Z,2026-03-04T00:00:00Z,AmazonEC2,BoxUsage:m5.xlarge,RunInstances,20.8291,305.224489,295.783322,Usage,us-east-1,,,prod
af78bedd-d2b7-633f-2ee1-18819fc70c6c,2026-03-03T00:00:00Z/2026-03-04T00:00:00Z,2026-03-03T00:00:00Z,2026-03-04T00:00:00Z,AmazonEC2,BoxUsage:m5.xlarge,RunInstances,16.4365,306.306062,314.41996,Usage,us-east-1,,,prod
6d8b3add-23f6-583e-5d95-70d5b91596c8,2026-03-03T00:00:00Z/2026-03-04T00:00:00Z,2026-03-03T00:00:00Z,2026-03-04T00:00:00Z,AmazonEC2,BoxUsage:m5.xlarge,RunInstances,14.5935,256.653616,260.983092,Usage,us-east-1,,,prod
7dbbf009-d0c3-b0ff-a1de-d8305ed7f536,2026-03-03T00:00:00Z/2026-03-04T00:00:00Z,2026-03-03T00:00:00Z,2026-03-04T00:00:00Z,AmazonEC2,BoxUsage:m5.xlarge,RunInstances,6.1509,255.107109,254.149944,Usage,us-east-1,,,prod
dcc163a1-0d56-0b13-9998-9a7fdf4681a1,2026-03-04T00:00:00Z/2026-03-05T00:00:00Z,2026-03-04T00:00:00Z,2026-03-05T00:00:00Z,AmazonEKS,AmazonEKS-Hours:perCluster,RunInstances,1.2957,5.329464,5.514995,Usage,us-east-1,,,prod
d8eae7f0-6084-2751-8aff-5f11848cfca8,2026-03-04T00:00:00Z/2026-03-05T00:00:00Z,2026-03-04T00:00:00Z,2026-03-05T00:00:00Z,AmazonEC2,BoxUsage:m5.2xlarge,RunInstances,10.9628,5.445771,5.373775,Usage,us-east-1,,,prod
e2e33ce6-03d5-9b58-e459-53ea0c3c538d,2026-03-04T00:00:00Z/2026-03-05T00:00:00Z,2026-03-04T00:00:00Z,2026-03-05T00:00:00Z,AmazonEC2,BoxUsage:m5.2xlarge,RunInstances,13.1017,5.245527,5.064034,Usage,us-east-1,,,prod
7df8f0b9-dabc-9801-8a68-802638b6592f,2026-03-04T00:00:00Z/2026-03-05T00:00:00Z,2026-03-04T00:00:00Z,2026-03-05T00:00:00Z,AmazonEC2,BoxUsage:m5.2xlarge,RunInstances,13.054,4.540992,4.72724,Usage,us-east-1,,,prod
a8fe685b-5a07-74a1-5b33-4d3b581c0b2d,2026-03-04T00:00:00Z/2026-03-05T00:00:00Z,2026-03-04T00:00:00Z,2026-03-05T00:00:00Z,AmazonEC2,BoxUsage:m5.2xlarge,RunInstances,1.0989,5.231935,5.128623,Usage,us-east-1,,,prod
bb680e02-382a-1bc2-21eb-cf59685873a0,2026-03-04T00:00:00Z/2026-03-05T00:00:00Z,2026-03-04T00:00:00Z,2026-03-05T00:00:00Z,AmazonEC2,BoxUsage:m5.2xlarge,RunInstances,18.0331,5.531711,5.392693,Usage,us-east-1,,,prod
a4147896-160d-7321-858b-36086e6619c2,2026-03-04T00:00:00Z/2026-03-05T00:00:00Z,2026-03-04T00:00:00Z,2026-03-05T00:00:00Z,AmazonEC2,BoxUsage:m5.2xlarge,RunInstances,22.9783,5.594004,5.716327,Usage,us-east-1,,,prod
ce3a511d-b6df-3c45-c783-a4973a1568dc,2026-03-04T00:00:00Z/2026-03-05T00:00:00Z,2026-03-04T00:00:00Z,2026-03-05T00:00:00Z,AmazonEC2,BoxUsage:m5.2xlarge,RunInstances,1.1141,5.296928,5.283239,Usage,us-east-1,,,prod
8cce5e98-d10b-424e-ab96-7dcb8c8a883a,2026-03-04T00:00:00Z/2026-03-05T00:00:00Z,2026-03-04T00:00:00Z,2026-03-05T00:00:00Z,AmazonEC2,BoxUsage:m5.2xlarge,RunInstances,14.933,5.759251,5.938113,Usage,us-east-1,,,prod
c61ba0bd-0271-1399-598b-b7e2a058f840,2026-03-04T00:00:00Z/2026-03-05T00:00:00Z,2026-03-04T00:00:00Z,2026-03-05T00:00:00Z,AmazonEC2,BoxUsage:m5.2xlarge,RunInstances,3.6095,5.37959,5.631883,Usage,us-east-1,,,prod
ca2cf4e7-0493-102e-9bdc-a27b2bb802c4,2026-03-04T00:00:00Z/2026-03-05T00:00:00Z,2026-03-04T00:00:00Z,2026-03-05T00:00:00Z,AmazonEC2,BoxUsage:m5.2xlarge,RunInstances,6.2179,5.269791,5.360218,Usage,us-east-1,,,prod
b24b3a83-41a7-40fb-057a-63731532b661,2026-03-04T00:00:00Z/2026-03-05T00:00:00Z,2026-03-04T00:00:00Z,2026-03-05T00:00:00Z,AmazonEC2,BoxUsage:m5.2xlarge,RunInstances,7.0,5.698285,5.747184,Usage,us-east-1,,,prod
f0335337-30be-fe60-5d41-7505e490fa3c,2026-03-04T00:00:00Z/2026-03-05T00:00:00Z,2026-03-04T00:00:00Z,2026-03-05T00:00:00Z,AmazonEC2,BoxUsage:m5.2xlarge,RunInstances,12.3081,6.021856,6.255086,Usage,us-east-1,,,prod
226b58b1-a874-6759-8270-a867924eb5f4,2026-03-04T00:00:00Z/2026-03-05T00:00:00Z,2026-03-04T00:00:00Z,2026-03-05T00:00:00Z,AmazonEC2,BoxUsage:m5.2xlarge,RunInstances,10.3062,5.020498,4.80479,Usage,us-east-1,,,prod
a1c2b665-8e87-4f1b-762c-49feb9a72175,2026-03-04T00:00:00Z/2026-03-05T00:00:00Z,2026-03-04T00:00:00Z,2026-03-05T00:00:00Z,AmazonEC2,BoxUsage:m5.2xlarge,RunInstances,9.863,5.759817,5.576696,Usage,us-east-1,,,prod
e7bd296f-f711-d262-2313-8dfd672ef422,2026-03-04T00:00:00Z/2026-03-05T00:00:00Z,2026-03-04T00:00:00Z,2026-03-05T00:00:00Z,AmazonEC2,BoxUsage:m5.2xlarge,RunInstances,2.0287,4.774222,4.759323,Usage,us-east-1,,,prod
f49a20e2-a2ca-31dc-2ce2-9be85201f94f,2026-03-04T00:00:00Z/2026-03-05T00:00:00Z,2026-03-04T00:00:00Z,2026-03-05T00:00:00Z,AmazonEC2,BoxUsage:m5.2xlarge,RunInstances,20.8946,5.681115,5.625389,Usage,us-east-1,,,prod
145c96f4-f609-07c4-ded6-4e36ee2a7a5d,2026-03-04T00:00:00Z/2026-03-05T00:00:00Z,2026-03-04T00:00:00Z,2026-03-05T00:00:00Z,AmazonEC2,BoxUsage:m5.2xlarge,RunInstances,8.0487,5.271038,5.173915,Usage,us-east-1,,,prod
19a618dc-4afd-e758-7dbc-1cf10f1a3d96,2026-03-04T00:00:00Z/2026-03-05T00:00:00Z,2026-03-04T00:00:00Z,2026-03-05T00:00:00Z,AmazonEC2,BoxUsage:m5.2xlarge,RunInstances,9.5403,6.112194,5.906387,Usage,us-east-1,,,prod
386d6d7f-7f47-3de2-4322-6c8ebe4f49bc,2026-03-04T00:00:00Z/2026-03-05T00:00:00Z,2026-03-04T00:00:00Z,2026-03-05T00:00:00Z,AmazonEC2,BoxUsage:m5.2xlarge,RunInstances,20.5313,5.145079,4.951355,Usage,us-east-1,,,prod
ae6902a1-7bca-444e-7b31-b66b31b2e618,2026-03-04T00:00:00Z/2026-03-05T00:00:00Z,2026-03-04T00:00:00Z,2026-03-05T00:00:00Z,AmazonEC2,BoxUsage:m5.2xlarge,RunInstances,17.9711,5.090762,4.860021,Usage,us-east-1,,,prod
8dfe8a91-6ebf-17a7-a350-f81283fc26a8,2026-03-04T00:00:00Z/2026-03-05T00:00:00Z,2026-03-04T00:00:00Z,2026-03-05T00:00:00Z,AmazonEC2,BoxUsage:m5.xlarge,RunInstances,22.9014,246.301774,253.056552,Usage,us-east-1,,,prod
26c0a6f0-b471-1555-2fe5-c8f2ab248e63,2026-03-04T00:00:00Z/2026-03-05T00:00:00Z,2026-03-04T00:00:00Z,2026-03-05T00:00:00Z,AmazonEC2,BoxUsage:m5.xlarge,RunInstances,3.2769,290.910374,290.7135,Usage,us-east-1,,,prod
7ff9f5ca-8e65-4033-9fb2-36ff76a986b1,2026-03-04T00:00:00Z/2026-03-05T00:00:00Z,2026-03-04T00:00:00Z,2026-03-05T00:00:00Z,AmazonEC2,BoxUsage:m5.xlarge,RunInstances,13.0605,231.073853,229.337404,Usage,us-east-1,,,prod
8517ebe1-23eb-bfd3-3a9e-7e54c61731e2,2026-03-04T00:00:00Z/2026-03-05T00:00:00Z,2026-03-04T00:00:00Z,2026-03-05T00:00:00Z,AmazonEC2,BoxUsage:m5.xlarge,RunInstances,18.392,266.772062,268.565965,Usage,us-east-1,,,prod
993f82b8-08c5-e5f3-f171-c533377f3294,2026-03-04T00:00:00Z/2026-03-05T00:00:00Z,2026-03-04T00:00:00Z,2026-03-05T00:00:00Z,AmazonEC2,BoxUsage:m5.xlarge,RunInstances,14.4139,280.194274,270.389828,Usage,us-east-1,,,prod
ec18c3aa-a13f-faeb-16b1-487d328427c5,2026-03-05T00:00:00Z/2026-03-06T00:00:00Z,2026-03-05T00:00:00Z,2026-03-06T00:00:00Z,AmazonEKS,AmazonEKS-Hours:perCluster,RunInstances,5.6385,4.879532,4.653865,Usage,us-east-1,,,prod
66e89bb0-0928-5538-e8d8-c1f0a0358607,2026-03-05T00:00:00Z/2026-03-06T00:00:00Z,2026-03-05T00:00:00Z,2026-03-06T00:00:00Z,AmazonEC2,BoxUsage:m5.2xlarge,RunInstances,16.8979,5.297639,5.4045,Usage,us-east-1,,,prod
863dc8cd-d9ae-5e36-a806-002a11e16b5e,2026-03-05T00:00:00Z/2026-03-06T00:00:00Z,2026-03-05T00:00:00Z,2026-03-06T00:00:00Z,AmazonEC2,BoxUsage:m5.2xlarge,RunInstances,12.0056,4.880925,4.94897,Usage,us-east-1,,,prod
99bbdce8-73b2-3cfa-b2c8-cc92858e6f4a,2026-03-05T00:00:00Z/2026-03-06T00:00:00Z,2026-03-05T00:00:00Z,2026-03-06T00:00:00Z,AmazonEC2,BoxUsage:m5.2xlarge,RunInstances,1.6442,5.263315,5.002072,Usage,us-east-1,,,prod
9f11c179-e0f7-14e3-2611-796c398fb723,2026-03-05T00:00:00Z/2026-03-06T00:00:00Z,2026-03-05T00:00:00Z,2026-03-06T00:00:00Z,AmazonEC2,BoxUsage:m5.2xlarge,RunInstances,18.954,4.688233,4.719802,Usage,us-east-1,,,prod
15b75216-f053-3d46-2630-3874d1108e81,2026-03-05T00:00:00Z/2026-03-06T00:00:00Z,2026-03-05T00:00:00Z,2026-03-06T00:00:00Z,AmazonEC2,BoxUsage:m5.2xlarge,RunInstances,14.1599,5.320442,5.065493,Usage,us-east-1,,,prod
eaa32750-9e56-59b8-bfa6-307c5ee48444,2026-03-05T00:00:00Z/2026-03-06T00:00:00Z,2026-03-05T00:00:00Z,2026-03-06T00:00:00Z,AmazonEC2,BoxUsage:m5.2xlarge,RunInstances,20.3025,5.170969,5.030293,Usage,us-east-1,,,prod
06e62498-c3a6-6ea9-4ee0-58b9a3fd0cee,2026-03-05T00:00:00Z/2026-03-06T00:00:00Z,2026-03-05T00:00:00Z,2026-03-06T00:00:00Z,AmazonEC2,BoxUsage:m5.2xlarge,RunInstances,10.0336,5.559488,5.676655,Usage,us-east-1,,,prod
55d0f69c-0fea-7607-d1b4-71dc63c9826f,2026-03-05T00:00:00Z/2026-03-06T00:00:00Z,2026-03-05T00:00:00Z,2026-03-06T00:00:00Z,AmazonEC2,BoxUsage:m5.2xlarge,RunInstances,6.9926,5.601722,5.794038,Usage,us-east-1,,,prod
1d6e56da-e74b-ce9e-5a14-09cdee53ec29,2026-03-05T00:00:00Z/2026-03-06T00:00:00Z,2026-03-05T00:00:00Z,2026-03-06T00:00:00Z,AmazonEC2,BoxUsage:m5.2xlarge,RunInstances,19.9763,5.826465,6.060841,Usage,us-east-1,,,prod
bb6ce5f3-3850-06ed-fe7f-6e353900bf80,2026-03-05T00:00:00Z/2026-03-06T00:00:00Z,2026-03-05T00:00:00Z,2026-03-06T00:00:00Z,AmazonEC2,BoxUsage:m5.2xlarge,RunInstances,3.3386,4.825733,4.74441,Usage,us-east-1,,,prod
c67543fa-dacb-1625-caca-7ad017963b8f,2026-03-05T00:00:00Z/2026-03-06T00:00:00Z,2026-03-05T00:00:00Z,2026-03-06T00:00:00Z,AmazonEC2,BoxUsage:m5.2xlarge,RunInstances,11.7205,5.967942,6.189363,Usage,us-east-1,,,prod
db795c8c-6cc9-958a-0d63-85c24d07101f,2026-03-05T00:00:00Z/2026-03-06T00:00:00Z,2026-03-05T00:00:00Z,2026-03-06T00:00:00Z,AmazonEC2,BoxUsage:m5.2xlarge,RunInstances,9.6923,5.371996,5.392222,Usage,us-east-1,,,prod
eb23525e-aac4-bc27-5828-ba399b804bff,2026-03-05T00:00:00Z/2026-03-06T00:00:00Z,2026-03-05T00:00:00Z,2026-03-06T00:00:00Z,AmazonEC2,BoxUsage:m5.2xlarge,RunInstances,21.8891,5.041657,4.900975,Usage,us-east-1,,,prod
6c323757-2425-bc7b-d9a8-89b9a1131d29,2026-03-05T00:00:00Z/2026-03-06T00:00:00Z,2026-03-05T00:00:00Z,2026-03-06T00:00:00Z,AmazonEC2,BoxUsage:m5.2xlarge,RunInstances,4.3843,4.562912,4.6923,Usage,us-east-1,,,prod
c5f3e613-0e95-96f8-e06a-24669a4549d8,2026-03-05T00:00:00Z/2026-03-06T00:00:00Z,2026-03-05T00:00:00Z,2026-03-06T00:00:00Z,AmazonEC2,BoxUsage:m5.2xlarge,RunInstances,1.2438,4.748061,4.534144,Usage,us-east-1,,,prod
e62edc74-d5e5-669e-2cde-070ee348d3c0,2026-03-05T00:00:00Z/2026-03-06T00:00:00Z,2026-03-05T00:00:00Z,2026-03-06T00:00:00Z,AmazonEC2,BoxUsage:m5.2xlarge,RunInstances,11.5193,5.476331,5.439456,Usage,us-east-1,,,prod
35a2d429-3a9a-362c-374c-2b0076388a1b,2026-03-05T00:00:00Z/2026-03-06T00:00:00Z,2026-03-05T00:00:00Z,2026-03-06T00:00:00Z,AmazonEC2,BoxUsage:m5.2xlarge,RunInstances,1.4053,4.678159,4.686516,Usage,us-east-1,,,prod
3147234b-de79-3dbb-9e75-e63df77c63c4,2026-03-05T00:00:00Z/2026-03-06T00:00:00Z,2026-03-05T00:00:00Z,2026-03-06T00:00:00Z,AmazonEC2,BoxUsage:m5.2xlarge,RunInstances,21.3027,4.771313,4.662606,Usage,us-east-1,,,prod
4a55b81e-effb-96cb-2d3e-f38c9d0fba77,2026-03-05T00:00:00Z/2026-03-06T00:00:00Z,2026-03-05T00:00:00Z,2026-03-06T00:00:00Z,AmazonEC2,BoxUsage:m5.2xlarge,RunInstances,20.2869,5.727902,5.93785,Usage,us-east-1,,,prod
a9966371-89f4-a119-4896-4b99a29c16fd,2026-03-05T00:00:00Z/2026-03-06T00:00:00Z,2026-03-05T00:00:00Z,2026-03-06T00:00:00Z,AmazonEC2,BoxUsage:m5.2xlarge,RunInstances,23.3974,4.614948,4.573536,Usage,us-east-1,,,prod
a4b6b560-ef2c-002b-a8c5-bd8714b9dc88,2026-03-05T00:00:00Z/2026-03-06T00:00:00Z,2026-03-05T00:00:00Z,2026-03-06T00:00:00Z,AmazonEC2,BoxUsage:m5.xlarge,RunInstances,20.7519,298.490556,304.493113,Usage,us-east-1,,,prod
e64d50c8-c0a0-a08f-ded6-b6ecef009e8e,2026-03-05T00:00:00Z/2026-03-06T00:00:00Z,2026-03-05T00:00:00Z,2026-03-06T00:00:00Z,AmazonEC2,BoxUsage:m5.xlarge,RunInstances,17.393,285.144187,283.301401,Usage,us-east-1,,,prod
b595ff9d-9082-3c4f-c03e-49e2cd568a3d,2026-03-05T00:00:00Z/2026-03-06T00:00:00Z,2026-03-05T00:00:00Z,2026-03-06T00:00:00Z,AmazonEC2,BoxUsage:m5.xlarge,RunInstances,6.0868,277.498947,279.195023,Usage,us-east-1,,,prod
aee59dd3-3d8e-ab96-a198-4ca9c074a60c,2026-03-05T00:00:00Z/2026-03-06T00:00:00Z,2026-03-05T00:00:00Z,2026-03-06T00:00:00Z,AmazonEC2,BoxUsage:m5.xlarge,RunInstances,5.0503,287.72139,287.719014,Usage,us-east-1,,,prod
38d7257b-6886-0355-0fa7-00f995272a71,2026-03-05T00:00:00Z/2026-03-06T00:00:00Z,2026-03-05T00:00:00Z,2026-03-06T00:00:00Z,AmazonEC2,BoxUsage:m5.xlarge,RunInstances,15.7843,282.579242,296.169633,Usage,us-east-1,,,prod
44be2544-b88f-77b7-3d32-87a47c410119,2026-03-06T00:00:00Z/2026-03-07T00:00:00Z,2026-03-06T00:00:00Z,2026-03-07T00:00:00Z,AmazonEKS,AmazonEKS-Hours:perCluster,RunInstances,12.1856,6.015083,6.302488,Usage,us-east-1,,,prod
556cbadb-c0e7-49a5-1175-5a8829a7dbf1,2026-03-06T00:00:00Z/2026-03-07T00:00:00Z,2026-03-06T00:00:00Z,2026-03-07T00:00:00Z,AmazonEC2,BoxUsage:m5.2xlarge,RunInstances,22.9328,5.430917,5.468489,Usage,us-east-1,,,prod
fd206c48-8e50-8522-fbc5-2ba55691f83a,2026-03-06T00:00:00Z/2026-03-07T00:00:00Z,2026-03-06T00:00:00Z,2026-03-07T00:00:00Z,AmazonEC2,BoxUsage:m5.2xlarge,RunInstances,7.9991,5.988542,6.199652,Usage,us-east-1,,,prod
7b52a2b1-1c92-0913-19a5-624714ddbac2,2026-03-06T00:00:00Z/2026-03-07T00:00:00Z,2026-03-06T00:00:00Z,2026-03-07T00:00:00Z,AmazonEC2,BoxUsage:m5.2xlarge,RunInstances,18.4896,6.036679,5.907945,Usage,us-east-1,,,prod
da07f8bb-3083-9f1a-e740-f0365d7ef75d,2026-03-06T00:00:00Z/2026-03-07T00:00:00Z,2026-03-06T00:00:00Z,2026-03-07T00:00:00Z,AmazonEC2,BoxUsage:m5.2xlarge,RunInstances,22.649,5.43003,5.440494,Usage,us-east-1,,,prod
87516377-55a4-ed20-b6c1-51efae495b34,2026-03-06T00:00:00Z/2026-03-07T00:00:00Z,2026-03-06T00:00:00Z,2026-03-07T00:00:00Z,AmazonEC2,BoxUsage:m5.2xlarge,RunInstances,10.3113,4.630165,4.4311,Usage,us-east-1,,,prod
a4f7abc6-494b-3c29-01bf-58dc7620c556,2026-03-06T00:00:00Z/2026-03-07T00:00:00Z,2026-03-06T00:00:00Z,2026-03-07T00:00:00Z,AmazonEC2,BoxUsage:m5.2xlarge,RunInstances,19.3485,5.506804,5.602223,Usage,us-east-1,,,prod
93ec8a47-3b98-a44a-aff1-f20a075c52ef,2026-03-06T00:00:00Z/2026-03-07T00:00:00Z,2026-03-06T00:00:00Z,2026-03-07T00:00:00Z,AmazonEC2,BoxUsage:m5.2xlarge,RunInstances,19.709,4.667704,4.857017,Usage,us-east-1,,,prod
34d79b18-560b-f0e2-1cb6-bd885d982f4c,2026-03-06T00:00:00Z/2026-03-07T00:00:00Z,2026-03-06T00:00:00Z,2026-03-07T00:00:00Z,AmazonEC2,BoxUsage:m5.2xlarge,RunInstances,14.4354,5.131218,4.985925,Usage,us-east-1,,,prod
2db8ddec-f7d6-ec64-550f-23e32d9c6c56,2026-03-06T00:00:00Z/2026-03-07T00:00:00Z,2026-03-06T00:00:00Z,2026-03-07T00:00:00Z,AmazonEC2,BoxUsage:m5.2xlarge,RunInstances,2.074,5.862598,5.89059,Usage,us-east-1,,,prod
f3b7f494-bb02-7576-2087-79d168e220ee,2026-03-06T00:00:00Z/2026-03-07T00:00:00Z,2026-03-06T00:00:00Z,2026-03-07T00:00:00Z,AmazonEC2,BoxUsage:m5.2xlarge,RunInstances,18.9651,4.732042,4.867754,Usage,us-east-1,,,prod
a3c5f56f-5bcf-23f8-1fca-f339f16262bb,2026-03-06T00:00:00Z/2026-03-07T00:00:00Z,2026-03-06T00:00:00Z,2026-03-07T00:00:00Z,AmazonEC2,BoxUsage:m5.2xlarge,RunInstances,19.7529,4.927576,4.722697,Usage,us-east-1,,,prod
8dec1324-09f9-6e45-7988-d860c3f2cabb,2026-03-06T00:00:00Z/2026-03-07T00:00:00Z,2026-03-06T00:00:00Z,2026-03-07T00:00:00Z,AmazonEC2,BoxUsage:m5.2xlarge,RunInstances,13.7204,5.746536,5.495779,Usage,us-east-1,,,prod
bfa1c241-7ff6-986d-6926-726ceff60e3e,2026-03-06T00:00:00Z/2026-03-07T00:00:00Z,2026-03-06T00:00:00Z,2026-03-07T00:00:00Z,AmazonEC2,BoxUsage:m5.2xlarge,RunInstances,17.0126,5.681488,5.611401,Usage,us-east-1,,,prod
aca1822f-f6cd-15b7-15d8-56339dfa9c2b,2026-03-06T00:00:00Z/2026-03-07T00:00:00Z,2026-03-06T00:00:00Z,2026-03-07T00:00:00Z,AmazonEC2,BoxUsage:m5.2xlarge,RunInstances,3.1851,4.901587,4.951392,Usage,us-east-1,,,prod
9a2545a9-7530-9f30-acb7-e137e4777aaa,2026-03-06T00:00:00Z/2026-03-07T00:00:00Z,2026-03-06T00:00:00Z,2026-03-07T00:00:00Z,AmazonEC2,BoxUsage:m5.2xlarge,RunInstances,15.8273,5.70507,5.945997,Usage,us-east-1,,,prod
7eb155ff-4db6-b88b-1cf0-c9b35ad3fcfa,2026-03-06T00:00:00Z/2026-03-07T00:00:00Z,2026-03-06T00:00:00Z,2026-03-07T00:00:00Z,AmazonEC2,BoxUsage:m5.2xlarge,RunInstances,19.3881,5.980992,5.772399,Usage,us-east-1,,,prod
0c2af3da-43c5-f7eb-21e1-05a85986813d,2026-03-06T00:00:00Z/2026-03-07T00:00:00Z,2026-03-06T00:00:00Z,2026-03-07T00:00:00Z,AmazonEC2,BoxUsage:m5.2xlarge,RunInstances,8.4846,6.126037,6.354122,Usage,us-east-1,,,prod
5421e5d0-ec74-d51d-a561-0bd6560a3f89,2026-03-06T00:00:00Z/2026-03-07T00:00:00Z,2026-03-06T00:00:00Z,2026-03-07T00:00:00Z,AmazonEC2,BoxUsage:m5.2xlarge,RunInstances,12.4205,5.213683,5.354784,Usage,us-east-1,,,prod
f505e30d-89cb-869c-607b-5a6507e3bc76,2026-03-06T00:00:00Z/2026-03-07T00:00:00Z,2026-03-06T00:00:00Z,2026-03-07T00:00:00Z,AmazonEC2,BoxUsage:m5.2xlarge,RunInstances,19.2251,5.131079,5.164467,Usage,us-east-1,,,prod
c5e62e2e-91b5-8381-0346-15f081affaa3,2026-03-06T00:00:00Z/2026-03-07T00:00:00Z,2026-03-06T00:00:00Z,2026-03-07T00:00:00Z,AmazonEC2,BoxUsage:m5.2xlarge,RunInstances,2.5132,4.90868,4.713479,Usage,us-east-1,,,prod
10bba7ef-30a4-75e2-ac5b-83c5867b4e4d,2026-03-06T00:00:00Z/2026-03-07T00:00:00Z,2026-03-06T00:00:00Z,2026-03-07T00:00:00Z,AmazonEC2,BoxUsage:m5.xlarge,RunInstances,11.3951,282.79133,293.962937,Usage,us-east-1,,,prod
2201e45a-747c-eddb-cc2d-fa7c91c26c5d,2026-03-06T00:00:00Z/2026-03-07T00:00:00Z,2026-03-06T00:00:00Z,2026-03-07T00:00:00Z,AmazonEC2,BoxUsage:m5.xlarge,RunInstances,15.7013,228.864347,219.782054,Usage,us-east-1,,,prod
7ac524e7-4687-6949-d9d0-890a17a4e0b0,2026-03-06T00:00:00Z/2026-03-07T00:00:00Z,2026-03-06T00:00:00Z,2026-03-07T00:00:00Z,AmazonEC2,BoxUsage:m5.xlarge,RunInstances,16.0778,284.333004,270.291447,Usage,us-east-1,,,prod
3467e28f-2837-2d7f-6dd6-bf7c2d804d18,2026-03-06T00:00:00Z/2026-03-07T00:00:00Z,2026-03-06T00:00:00Z,2026-03-07T00:00:00Z,AmazonEC2,BoxUsage:m5.xlarge,RunInstances,17.9665,295.517253,295.286574,Usage,us-east-1,,,prod
57a3db5a-e19b-62a6-b7b1-e41f85e4e094,2026-03-06T00:00:00Z/2026-03-07T00:00:00Z,2026-03-06T00:00:00Z,2026-03-07T00:00:00Z,AmazonEC2,BoxUsage:m5.xlarge,RunInstances,3.3218,265.09532,273.542092,Usage,us-east-1,,,prod
5b37aaeb-1303-c6d3-bda2-d544f368e612,2026-03-07T00:00:00Z/2026-03-08T00:00:00Z,2026-03-07T00:00:00Z,2026-03-08T00:00:00Z,AmazonEKS,AmazonEKS-Hours:perCluster,RunInstances,9.5194,4.757541,4.908041,Usage,us-east-1,,,prod
f98c913d-bcab-f8f8-f24d-2f41e2fe9ed6,2026-03-07T00:00:00Z/2026-03-08T00:00:00Z,2026-03-07T00:00:00Z,2026-03-08T00:00:00Z,AmazonEC2,BoxUsage:m5.2xlarge,RunInstances,19.8986,6.109527,6.123062,Usage,us-east-1,,,prod
8e31346b-2354-e634-b875-6874a73e1d9c,2026-03-07T00:00:00Z/2026-03-08T00:00:00Z,2026-03-07T00:00:00Z,2026-03-08T00:00:00Z,AmazonEC2,BoxUsage:m5.2xlarge,RunInstances,11.0114,5.48962,5.504381,Usage,us-east-1,,,prod
9f288815-a6b1-0dfc-c0ef-a2c88cd43597,2026-03-07T00:00:00Z/2026-03-08T00:00:00Z,2026-03-07T00:00:00Z,2026-03-08T00:00:00Z,AmazonEC2,BoxUsage:m5.2xlarge,RunInstances,12.7106,4.553615,4.516901,Usage,us-east-1,,,prod
6143de79-3b92-0261-19ed-2968be3b908e,2026-03-07T00:00:00Z/2026-03-08T00:00:00Z,2026-03-07T00:00:00Z,2026-03-08T00:00:00Z,AmazonEC2,BoxUsage:m5.2xlarge,RunInstances,18.2496,5.57253,5.822455,Usage,us-east-1,,,prod
0ed71fe6-1c22-a3c5-6371-8addfb097ec4,2026-03-07T00:00:00Z/2026-03-08T00:00:00Z,2026-03-07T00:00:00Z,2026-03-08T00:00:00Z,AmazonEC2,BoxUsage:m5.2xlarge,RunInstances,2.5946,5.723722,5.803705,Usage,us-east-1,,,prod
fb151959-7633-3c7f-39be-372c60772ad0,2026-03-07T00:00:00Z/2026-03-08T00:00:00Z,2026-03-07T00:00:00Z,2026-03-08T00:00:00Z,AmazonEC2,BoxUsage:m5.2xlarge,RunInstances,4.9258,5.040936,4.842285,Usage,us-east-1,,,prod
76483149-c4b9-b5d3-6ed6-281d96e9ae9a,2026-03-07T00:00:00Z/2026-03-08T00:00:00Z,2026-03-07T00:00:00Z,2026-03-08T00:00:00Z,AmazonEC2,BoxUsage:m5.2xlarge,RunInstances,10.9988,5.106944,5.126421,Usage,us-east-1,,,prod
44eb21de-9536-2546-0a97-fb19e0c40389,2026-03-07T00:00:00Z/2026-03-08T00:00:00Z,2026-03-07T00:00:00Z,2026-03-08T00:00:00Z,AmazonEC2,BoxUsage:m5.2xlarge,RunInstances,6.689,5.461164,5.284042,Usage,us-east-1,,,prod
5bea737c-71f7-67cd-0bb3-670eb44ee519,2026-03-07T00:00:00Z/2026-03-08T00:00:00Z,2026-03-07T00:00:00Z,2026-03-08T00:00:00Z,AmazonEC2,BoxUsage:m5.2xlarge,RunInstances,18.9327,4.789607,4.570575,Usage,us-east-1,,,prod
b7797cae-9f8a-aaf3-1774-d2ace471db3d,2026-03-07T00:00:00Z/2026-03-08T00:00:00Z,2026-03-07T00:00:00Z,2026-03-08T00:00:00Z,AmazonEC2,BoxUsage:m5.2xlarge,RunInstances,14.0674,4.594786,4.617846,Usage,us-east-1,,,prod
dc747276-10ce-b288-65d2-f4c75445890f,2026-03-07T00:00:00Z/2026-03-08T00:00:00Z,2026-03-07T00:00:00Z,2026-03-08T00:00:00Z,AmazonEC2,BoxUsage:m5.2xlarge,RunInstances,15.6105,5.05167,5.036078,Usage,us-east-1,,,prod
c4bfa755-c41e-ec7b-b4bc-9d3277c825de,2026-03-07T00:00:00Z/2026-03-08T00:00:00Z,2026-03-07T00:00:00Z,2026-03-08T00:00:00Z,AmazonEC2,BoxUsage:m5.2xlarge,RunInstances,9.4664,5.248573,5.017768,Usage,us-east-1,,,prod
9989059e-a894-deec-7af9-9b3d88e6a6bf,2026-03-07T00:00:00Z/2026-03-08T00:00:00Z,2026-03-07T00:00:00Z,2026-03-08T00:00:00Z,AmazonEC2,BoxUsage:m5.2xlarge,RunInstances,2.9596,5.569776,5.548153,Usage,us-east-1,,,prod
ac8c21ae-7f1d-d5b5-5fff-6076ca727e5e,2026-03-07T00:00:00Z/2026-03-08T00:00:00Z,2026-03-07T00:00:00Z,2026-03-08T00:00:00Z,AmazonEC2,BoxUsage:m5.2xlarge,RunInstances,6.7596,5.099615,5.186069,Usage,us-east-1,,,prod
69e00c3e-b99f-d172-07ea-66ef0c1ba400,2026-03-07T00:00:00Z/2026-03-08T00:00:00Z,2026-03-07T00:00:00Z,2026-03-08T00:00:00Z,AmazonEC2,BoxUsage:m5.2xlarge,RunInstances,6.7901,4.830305,5.068426,Usage,us-east-1,,,prod
7845f6c9-b9b5-591c-5ad1-d443e5fdf378,2026-03-07T00:00:00Z/2026-03-08T00:00:00Z,2026-03-07T00:00:00Z,2026-03-08T00:00:00Z,AmazonEC2,BoxUsage:m5.2xlarge,RunInstances,7.2683,5.012422,5.199115,Usage,us-east-1,,,prod
819d7920-6b7c-079f-c1fb-7dfb4688cfea,2026-03-07T00:00:00Z/2026-03-08T00:00:00Z,2026-03-07T00:00:00Z,2026-03-08T00:00:00Z,AmazonEC2,BoxUsage:m5.2xlarge,RunInstances,14.0097,5.361962,5.257911,Usage,us-east-1,,,prod
c59a3fd7-9027-3095-6139-c247d2410366,2026-03-07T00:00:00Z/2026-03-08T00:00:00Z,2026-03-07T00:00:00Z,2026-03-08T00:00:00Z,AmazonEC2,BoxUsage:m5.2xlarge,RunInstances,1.4719,5.872819,5.952584,Usage,us-east-1,,,prod
247a3dae-184e-d2b4-347f-ec38a21f14a9,2026-03-07T00:00:00Z/2026-03-08T00:00:00Z,2026-03-07T00:00:00Z,2026-03-08T00:00:00Z,AmazonEC2,BoxUsage:m5.2xlarge,RunInstances,13.1001,5.244676,5.416359,Usage,us-east-1,,,prod
757570dc-1415-331e-e0cb-68ea2924f680,2026-03-07T00:00:00Z/2026-03-08T00:00:00Z,2026-03-07T00:00:00Z,2026-03-08T00:00:00Z,AmazonEC2,BoxUsage:m5.2xlarge,RunInstances,14.214,5.690481,5.456728,Usage,us-east-1,,,prod
b340bb77-d4a9-d886-13fb-ae61fb1e3c55,2026-03-07T00:00:00Z/2026-03-08T00:00:00Z,2026-03-07T00:00:00Z,2026-03-08T00:00:00Z,AmazonEC2,BoxUsage:m5.xlarge,RunInstances,14.8245,247.582849,243.465823,Usage,us-east-1,,,prod
0864bc71-0f11-a00d-566d-db104f12237d,2026-03-07T00:00:00Z/2026-03-08T00:00:00Z,2026-03-07T00:00:00Z,2026-03-08T00:00:00Z,AmazonEC2,BoxUsage:m5.xlarge,RunInstances,3.2691,279.540601,282.602228,Usage,us-east-1,,,prod
b1fdbd70-280c-8bd3-f3db-41c38d04b8b8,2026-03-07T00:00:00Z/2026-03-08T00:00:00Z,2026-03-07T00:00:00Z,2026-03-08T00:00:00Z,AmazonEC2,BoxUsage:m5.xlarge,RunInstances,4.378,261.081701,261.290288,Usage,us-east-1,,,prod
7adb356d-b391-02ce-6320-45e24033b859,2026-03-07T00:00:00Z/2026-03-08T00:00:00Z,2026-03-07T00:00:00Z,2026-03-08T00:00:00Z,AmazonEC2,BoxUsage:m5.xlarge,RunInstances,4.9692,282.975276,279.673524,Usage,us-east-1,,,prod
7265970c-3444-0b58-01f5-c69620797d61,2026-03-07T00:00:00Z/2026-03-08T00:00:00Z,2026-03-07T00:00:00Z,2026-03-08T00:00:00Z,AmazonEC2,BoxUsage:m5.xlarge,RunInstances,18.0228,289.098793,301.55565,Usage,us-east-1,,,prod
9e4a1aff-cdef-02ef-e28b-cc44ced18055,2026-03-08T00:00:00Z/2026-03-09T00:00:00Z,2026-03-08T00:00:00Z,2026-03-09T00:00:00Z,AmazonEKS,AmazonEKS-Hours:perCluster,RunInstances,15.4416,4.789996,5.002705,Usage,us-east-1,,,prod
eb29653a-e244-a1db-ce83-5dc09e638b25,2026-03-08T00:00:00Z/2026-03-09T00:00:00Z,2026-03-08T00:00:00Z,2026-03-09T00:00:00Z,AmazonEC2,BoxUsage:m5.2xlarge,RunInstances,10.678,5.766137,5.921507,Usage,us-east-1,,,prod
259cead0-5b2a-9e64-c9ce-cf456ca37e91,2026-03-08T00:00:00Z/2026-03-09T00:00:00Z,2026-03-08T00:00:00Z,2026-03-09T00:00:00Z,AmazonEC2,BoxUsage:m5.2xlarge,RunInstances,4.2586,4.560746,4.409253,Usage,us-east-1,,,prod
ce9e5d2b-2be8-72cb-499b-cc70c82ad4e2,2026-03-08T00:00:00Z/2026-03-09T00:00:00Z,2026-03-08T00:00:00Z,2026-03-09T00:00:00Z,AmazonEC2,BoxUsage:m5.2xlarge,RunInstances,2.5446,5.480427,5.630314,Usage,us-east-1,,,prod
cd2be865-13af-745b-e590-22f1c0759009,2026-03-08T00:00:00Z/2026-03-09T00:00:00Z,2026-03-08T00:00:00Z,2026-03-09T00:00:00Z,AmazonEC2,BoxUsage:m5.2xlarge,RunInstances,12.4918,5.176342,5.103353,Usage,us-east-1,,,prod
47ae2d38-1de5-598b-eac5-8116f209339c,2026-03-08T00:00:00Z/2026-03-09T00:00:00Z,2026-03-08T00:00:00Z,2026-03-09T00:00:00Z,AmazonEC2,BoxUsage:m5.2xlarge,RunInstances,15.8645,5.252582,5.009008,Usage,us-east-1,,,prod
d7338656-666b-1171-f7c6-c4a61a9b6799,2026-03-08T00:00:00Z/2026-03-09T00:00:00Z,2026-03-08T00:00:00Z,2026-03-09T00:00:00Z,AmazonEC2,BoxUsage:m5.2xlarge,RunInstances,7.1346,5.4089,5.527257,Usage,us-east-1,,,prod
e1bf4bf9-10cb-d54e-8886-94ce95db6360,2026-03-08T00:00:00Z/2026-03-09T00:00:00Z,2026-03-08T00:00:00Z,2026-03-09T00:00:00Z,AmazonEC2,BoxUsage:m5.2xlarge,RunInstances,8.4584,4.798271,4.702581,Usage,us-east-1,,,prod
5af1c812-b324-8637-459f-6a3ea4a235ab,2026-03-08T00:00:00Z/2026-03-09T00:00:00Z,2026-03-08T00:00:00Z,2026-03-09T00:00:00Z,AmazonEC2,BoxUsage:m5.2xlarge,RunInstances,19.1328,5.46347,5.412369,Usage,us-east-1,,,prod
255c4687-a38d-1a3f-bc59-628a72de7d1e,2026-03-08T00:00:00Z/2026-03-09T00:00:00Z,2026-03-08T00:00:00Z,2026-03-09T00:00:00Z,AmazonEC2,BoxUsage:m5.2xlarge,RunInstances,16.0767,4.662506,4.861965,Usage,us-east-1,,,prod
e3e2ca5e-bb52-9b71-cfab-1a7687f171a6,2026-03-08T00:00:00Z/2026-03-09T00:00:00Z,2026-03-08T00:00:00Z,2026-03-09T00:00:00Z,AmazonEC2,BoxUsage:m5.2xlarge,RunInstances,5.5246,6.047317,6.051,Usage,us-east-1,,,prod
ada144e0-5231-09b7-cc31-4ecfacb615f8,2026-03-08T00:00:00Z/2026-03-09T00:00:00Z,2026-03-08T00:00:00Z,2026-03-09T00:00:00Z,AmazonEC2,BoxUsage:m5.2xlarge,RunInstances,19.0957,5.230362,5.043328,Usage,us-east-1,,,prod
ca779d32-45f0-fcf7-5780-b4e30f9da465,2026-03-08T00:00:00Z/2026-03-09T00:00:00Z,2026-03-08T00:00:00Z,2026-03-09T00:00:00Z,AmazonEC2,BoxUsage:m5.2xlarge,RunInstances,15.2336,4.867446,4.936132,Usage,us-east-1,,,prod
0c12e63b-dc61-68b3-5b2d-c5b3b49c9924,2026-03-08T00:00:00Z/2026-03-09T00:00:00Z,2026-03-08T00:00:00Z,2026-03-09T00:00:00Z,AmazonEC2,BoxUsage:m5.2xlarge,RunInstances,8.43,4.651511,4.751388,Usage,us-east-1,,,prod
61c68c92-3f53-f55d-79e2-7e33dd34d088,2026-03-08T00:00:00Z/2026-03-09T00:00:00Z,2026-03-08T00:00:00Z,2026-03-09T00:00:00Z,AmazonEC2,BoxUsage:m5.2xlarge,RunInstances,9.9933,4.856648,4.956723,Usage,us-east-1,,,prod
45377397-40df-7406-b926-763276182d10,2026-03-08T00:00:00Z/2026-03-09T00:00:00Z,2026-03-08T00:00:00Z,2026-03-09T00:00:00Z,AmazonEC2,BoxUsage:m5.2xlarge,RunInstances,7.7231,5.083675,5.061401,Usage,us-east-1,,,prod
c1a2a85c-810f-f500-3ec9-dc358e748a36,2026-03-08T00:00:00Z/2026-03-09T00:00:00Z,2026-03-08T00:00:00Z,2026-03-09T00:00:00Z,AmazonEC2,BoxUsage:m5.2xlarge,RunInstances,17.3962,4.695431,4.473591,Usage,us-east-1,,,prod
51cfd022-bf7e-da0a-3ba5-e1bceed596ae,2026-03-08T00:00:00Z/2026-03-09T00:00:00Z,2026-03-08T00:00:00Z,2026-03-09T00:00:00Z,AmazonEC2,BoxUsage:m5.2xlarge,RunInstances,20.0504,5.279461,5.137326,Usage,us-east-1,,,prod
99dc160d-7225-dcc7-4eab-ef22bdc05d60,2026-03-08T00:00:00Z/2026-03-09T00:00:00Z,2026-03-08T00:00:00Z,2026-03-09T00:00:00Z,AmazonEC2,BoxUsage:m5.2xlarge,RunInstances,8.4827,5.433626,5.384584,Usage,us-east-1,,,prod
4b7636e4-aab9-80dc-2824-c9246444d836,2026-03-08T00:00:00Z/2026-03-09T00:00:00Z,2026-03-08T00:00:00Z,2026-03-09T00:00:00Z,AmazonEC2,BoxUsage:m5.2xlarge,RunInstances,13.3975,6.074019,5.91785,Usage,us-east-1,,,prod
eabb0dfb-4902-6b25-62db-93bd3600e8ca,2026-03-08T00:00:00Z/2026-03-09T00:00:00Z,2026-03-08T00:00:00Z,2026-03-09T00:00:00Z,AmazonEC2,BoxUsage:m5.2xlarge,RunInstances,18.0261,5.522585,5.602487,Usage,us-east-1,,,prod
f4f9ecc5-c28f-912d-3d8a-691a67278460,2026-03-08T00:00:00Z/2026-03-09T00:00:00Z,2026-03-08T00:00:00Z,2026-03-09T00:00:00Z,AmazonEC2,BoxUsage:m5.xlarge,RunInstances,9.7394,298.835786,288.768284,Usage,us-east-1,,,prod
4cde51fb-7c5d-71ef-c7a4-bf713d6f08b0,2026-03-08T00:00:00Z/2026-03-09T00:00:00Z,2026-03-08T00:00:00Z,2026-03-09T00:00:00Z,AmazonEC2,BoxUsage:m5.xlarge,RunInstances,19.2594,235.166958,243.366508,Usage,us-east-1,,,prod
754ba9ca-e6ad-bd20-dd0b-e1b3833d3b3f,2026-03-08T00:00:00Z/2026-03-09T00:00:00Z,2026-03-08T00:00:00Z,2026-03-09T00:00:00Z,AmazonEC2,BoxUsage:m5.xlarge,RunInstances,20.4767,252.842998,263.328931,Usage,us-east-1,,,prod
35a74dba-55b1-bc42-784f-0b00068a650b,2026-03-08T00:00:00Z/2026-03-09T00:00:00Z,2026-03-08T00:00:00Z,2026-03-09T00:00:00Z,AmazonEC2,BoxUsage:m5.xlarge,RunInstances,20.6497,239.443279,238.24793,Usage,us-east-1,,,prod
4a904a39-733d-8ad6-bb13-3efb312cc060,2026-03-08T00:00:00Z/2026-03-09T00:00:00Z,2026-03-08T00:00:00Z,2026-03-09T00:00:00Z,AmazonEC2,BoxUsage:m5.xlarge,RunInstances,13.1098,227.541594,216.940385,Usage,us-east-1,,,prod
a6d84c79-51f9-cdfc-ee6b-680396318192,2026-03-09T00:00:00Z/2026-03-10T00:00:00Z,2026-03-09T00:00:00Z,2026-03-10T00:00:00Z,AmazonEKS,AmazonEKS-Hours:perCluster,RunInstances,3.0811,5.929003,5.932556,Usage,us-east-1,,,prod
b22815ab-921c-85d4-93c4-819088747414,2026-03-09T00:00:00Z/2026-03-10T00:00:00Z,2026-03-09T00:00:00Z,2026-03-10T00:00:00Z,AmazonEC2,BoxUsage:m5.2xlarge,RunInstances,12.2989,5.961823,5.762288,Usage,us-east-1,,,prod
d043ccbe-06c9-b200-c037-be7d57a1faff,2026-03-09T00:00:00Z/2026-03-10T00:00:00Z,2026-03-09T00:00:00Z,2026-03-10T00:00:00Z,AmazonEC2,BoxUsage:m5.2xlarge,RunInstances,21.3488,5.345262,5.39061,Usage,us-east-1,,,prod
60e49af1-1691-887c-27d2-5a755ad5f73b,2026-03-09T00:00:00Z/2026-03-10T00:00:00Z,2026-03-09T00:00:00Z,2026-03-10T00:00:00Z,AmazonEC2,BoxUsage:m5.2xlarge,RunInstances,3.9215,5.921873,5.975173,Usage,us-east-1,,,prod
d5f7070d-6866-7a2c-454b-d9d0789f492d,2026-03-09T00:00:00Z/2026-03-10T00:00:00Z,2026-03-09T00:00:00Z,2026-03-10T00:00:00Z,AmazonEC2,BoxUsage:m5.2xlarge,RunInstances,20.8981,5.750181,5.481484,Usage,us-east-1,,,prod
f45ca654-c11a-638b-04bf-e22d0f77ed64,2026-03-09T00:00:00Z/2026-03-10T00:00:00Z,2026-03-09T00:00:00Z,2026-03-10T00:00:00Z,AmazonEC2,BoxUsage:m5.2xlarge,RunInstances,8.6691,4.872232,4.699872,Usage,us-east-1,,,prod
1bbd7d17-9f07-93a5-64f6-ebed4068be75,2026-03-09T00:00:00Z/2026-03-10T00:00:00Z,2026-03-09T00:00:00Z,2026-03-10T00:00:00Z,AmazonEC2,BoxUsage:m5.2xlarge,RunInstances,18.7979,5.395205,5.255156,Usage,us-east-1,,,prod
49d539a7-bb9f-c321-11d1-806c102c9ab1,2026-03-09T00:00:00Z/2026-03-10T00:00:00Z,2026-03-09T00:00:00Z,2026-03-10T00:00:00Z,AmazonEC2,BoxUsage:m5.2xlarge,RunInstances,6.3244,5.895668,6.171917,Usage,us-east-1,,,prod
f93cba56-96cc-6530-0b0d-9bebcea79a2c,2026-03-09T00:00:00Z/2026-03-10T00:00:00Z,2026-03-09T00:00:00Z,2026-03-10T00:00:00Z,AmazonEC2,BoxUsage:m5.2xlarge,RunInstances,15.694,5.658054,5.738522,Usage,us-east-1,,,prod
7c7b0c66-08f7-4a5b-6acf-66bf91faf65b,2026-03-09T00:00:00Z/2026-03-10T00:00:00Z,2026-03-09T00:00:00Z,2026-03-10T00:00:00Z,AmazonEC2,BoxUsage:m5.2xlarge,RunInstances,1.6428,5.644513,5.817626,Usage,us-east-1,,,prod
edadc98e-dbe5-2f03-feb9-1e98ca8126d7,2026-03-09T00:00:00Z/2026-03-10T00:00:00Z,2026-03-09T00:00:00Z,2026-03-10T00:00:00Z,AmazonEC2,BoxUsage:m5.2xlarge,RunInstances,15.2819,4.75534,4.843986,Usage,us-east-1,,,prod
aed26382-bfaf-04df-4f9a-73d0429a05d7,2026-03-09T00:00:00Z/2026-03-10T00:00:00Z,2026-03-09T00:00:00Z,2026-03-10T00:00:00Z,AmazonEC2,BoxUsage:m5.2xlarge,RunInstances,13.8591,4.615566,4.593349,Usage,us-east-1,,,prod
2dac0714-6ff2-a415-b85c-b1b7e0ba84e5,2026-03-09T00:00:00Z/2026-03-10T00:00:00Z,2026-03-09T00:00:00Z,2026-03-10T00:00:00Z,AmazonEC2,BoxUsage:m5.2xlarge,RunInstances,13.5983,4.884772,4.799923,Usage,us-east-1,,,prod
bc6fb2c5-af35-4839-0ff0-bdf92c0f7991,2026-03-09T00:00:00Z/2026-03-10T00:00:00Z,2026-03-09T00:00:00Z,2026-03-10T00:00:00Z,AmazonEC2,BoxUsage:m5.2xlarge,RunInstances,20.6637,4.81578,4.581172,Usage,us-east-1,,,prod
cd3857d8-51a5-266c-145e-5a8fc03a1721,2026-03-09T00:00:00Z/2026-03-10T00:00:00Z,2026-03-09T00:00:00Z,2026-03-10T00:00:00Z,AmazonEC2,BoxUsage:m5.2xlarge,RunInstances,18.2897,5.594845,5.792098,Usage,us-east-1,,,prod
3dba8bcf-2934-bd2b-4a4e-341b12dc69e8,2026-03-09T00:00:00Z/2026-03-10T00:00:00Z,2026-03-09T00:00:00Z,2026-03-10T00:00:00Z,AmazonEC2,BoxUsage:m5.2xlarge,RunInstances,18.0225,5.483207,5.405593,Usage,us-east-1,,,prod
c31fc700-1654-1c40-bfc1-aebbae92c17d,2026-03-09T00:00:00Z/2026-03-10T00:00:00Z,2026-03-09T00:00:00Z,2026-03-10T00:00:00Z,AmazonEC2,BoxUsage:m5.2xlarge,RunInstances,16.8837,5.517927,5.474763,Usage,us-east-1,,,prod
db822c82-14d8-8d86-f189-8ce58118ea84,2026-03-09T00:00:00Z/2026-03-10T00:00:00Z,2026-03-09T00:00:00Z,2026-03-10T00:00:00Z,AmazonEC2,BoxUsage:m5.2xlarge,RunInstances,6.416,5.455945,5.393829,Usage,us-east-1,,,prod
faf4413e-b8b4-cc5a-3f3d-81a45e6da27c,2026-03-09T00:00:00Z/2026-03-10T00:00:00Z,2026-03-09T00:00:00Z,2026-03-10T00:00:00Z,AmazonEC2,BoxUsage:m5.2xlarge,RunInstances,15.1094,4.792801,5.024066,Usage,us-east-1,,,prod
ca1aa49b-85f0-63eb-4e7c-4289adc80ea5,2026-03-09T00:00:00Z/2026-03-10T00:00:00Z,2026-03-09T00:00:00Z,2026-03-10T00:00:00Z,AmazonEC2,BoxUsage:m5.2xlarge,RunInstances,3.4212,5.642107,5.44343,Usage,us-east-1,,,prod
b6847e91-66ff-f057-98f9-7e9bf7ad4796,2026-03-09T00:00:00Z/2026-03-10T00:00:00Z,2026-03-09T00:00:00Z,2026-03-10T00:00:00Z,AmazonEC2,BoxUsage:m5.2xlarge,RunInstances,14.9672,5.967209,5.976281,Usage,us-east-1,,,prod
c9337c83-3161-f66f-c386-7751532878c9,2026-03-09T00:00:00Z/2026-03-10T00:00:00Z,2026-03-09T00:00:00Z,2026-03-10T00:00:00Z,AmazonEC2,BoxUsage:m5.xlarge,RunInstances,10.238,237.318113,245.033237,Usage,us-east-1,,,prod
f1d2de35-88a6-fdcf-41a3-6313ceaf81bd,2026-03-09T00:00:00Z/2026-03-10T00:00:00Z,2026-03-09T00:00:00Z,2026-03-10T00:00:00Z,AmazonEC2,BoxUsage:m5.xlarge,RunInstances,11.7878,249.586103,250.47922,Usage,us-east-1,,,prod
213c7c40-a877-a604-04fc-21efee7fbc4e,2026-03-09T00:00:00Z/2026-03-10T00:00:00Z,2026-03-09T00:00:00Z,2026-03-10T00:00:00Z,AmazonEC2,BoxUsage:m5.xlarge,RunInstances,9.9202,228.929859,225.818277,Usage,us-east-1,,,prod
876157ff-84f2-3a33-0f8d-f53050599504,2026-03-09T00:00:00Z/2026-03-10T00:00:00Z,2026-03-09T00:00:00Z,2026-03-10T00:00:00Z,AmazonEC2,BoxUsage:m5.xlarge,RunInstances,20.9343,278.952411,272.254651,Usage,us-east-1,,,prod
3c06271e-4518-526b-6ade-3e9daafd756f,2026-03-09T00:00:00Z/2026-03-10T00:00:00Z,2026-03-09T00:00:00Z,2026-03-10T00:00:00Z,AmazonEC2,BoxUsage:m5.xlarge,RunInstances,4.3799,305.186161,314.288285,Usage,us-east-1,,,prod
4adf56ed-0450-fc2a-4650-4790b04d18e6,2026-03-10T00:00:00Z/2026-03-11T00:00:00Z,2026-03-10T00:00:00Z,2026-03-11T00:00:00Z,AmazonEKS,AmazonEKS-Hours:perCluster,RunInstances,3.621,4.537219,4.629943,Usage,us-east-1,,,prod
0e886641-f05f-7f83-160f-08a4b57225f7,2026-03-10T00:00:00Z/2026-03-11T00:00:00Z,2026-03-10T00:00:00Z,2026-03-11T00:00:00Z,AmazonEC2,BoxUsage:m5.2xlarge,RunInstances,19.6916,5.935686,6.228985,Usage,us-east-1,,,prod
0222ee52-aa3f-0e42-fc02-d5af117e086d,2026-03-10T00:00:00Z/2026-03-11T00:00:00Z,2026-03-10T00:00:00Z,2026-03-11T00:00:00Z,AmazonEC2,BoxUsage:m5.2xlarge,RunInstances,12.9132,6.070966,6.359856,Usage,us-east-1,,,prod
a2b414cb-6b3c-efc1-a886-580c8818725f,2026-03-10T00:00:00Z/2026-03-11T00:00:00Z,2026-03-10T00:00:00Z,2026-03-11T00:00:00Z,AmazonEC2,BoxUsage:m5.2xlarge,RunInstances,14.9388,5.221933,5.247184,Usage,us-east-1,,,prod
3e4e749a-77c0-1cc1-5c30-5cdc4f50a7e8,2026-03-10T00:00:00Z/2026-03-11T00:00:00Z,2026-03-10T00:00:00Z,2026-03-11T00:00:00Z,AmazonEC2,BoxUsage:m5.2xlarge,RunInstances,1.0271,5.560018,5.70034,Usage,us-east-1,,,prod
66195339-d2ce-afdb-7e59-4990badd5e6a,2026-03-10T00:00:00Z/2026-03-11T00:00:00Z,2026-03-10T00:00:00Z,2026-03-11T00:00:00Z,AmazonEC2,BoxUsage:m5.2xlarge,RunInstances,16.6514,4.898122,4.902712,Usage,us-east-1,,,prod
65b37af2-cd74-3c18-5c4c-242ea4389e76,2026-03-10T00:00:00Z/2026-03-11T00:00:00Z,2026-03-10T00:00:00Z,2026-03-11T00:00:00Z,AmazonEC2,BoxUsage:m5.2xlarge,RunInstances,19.0481,5.683909,5.64635,Usage,us-east-1,,,prod
a9247841-7519-3840-229f-7617739fd3dc,2026-03-10T00:00:00Z/2026-03-11T00:00:00Z,2026-03-10T00:00:00Z,2026-03-11T00:00:00Z,AmazonEC2,BoxUsage:m5.2xlarge,RunInstances,15.9011,5.572183,5.542616,Usage,us-east-1,,,prod
5278bf89-bb3b-0d58-5c04-b63eedea1daa,2026-03-10T00:00:00Z/2026-03-11T00:00:00Z,2026-03-10T00:00:00Z,2026-03-11T00:00:00Z,AmazonEC2,BoxUsage:m5.2xlarge,RunInstances,12.3055,5.274486,5.436873,Usage,us-east-1,,,prod
74ff689b-9ecd-0ea8-4c91-a5e972f6ac3c,2026-03-10T00:00:00Z/2026-03-11T00:00:00Z,2026-03-10T00:00:00Z,2026-03-11T00:00:00Z,AmazonEC2,BoxUsage:m5.2xlarge,RunInstances,9.0924,5.159333,5.31357,Usage,us-east-1,,,prod
99e8325e-abcc-f23a-d39c-7ab9be46f34e,2026-03-10T00:00:00Z/2026-03-11T00:00:00Z,2026-03-10T00:00:00Z,2026-03-11T00:00:00Z,AmazonEC2,BoxUsage:m5.2xlarge,RunInstances,23.4121,4.946394,4.864037,Usage,us-east-1,,,prod
0e1ae4d3-746a-53e7-d86a-31133434a647,2026-03-10T00:00:00Z/2026-03-11T00:00:00Z,2026-03-10T00:00:00Z,2026-03-11T00:00:00Z,AmazonEC2,BoxUsage:m5.2xlarge,RunInstances,14.5491,5.963591,6.199051,Usage,us-east-1,,,prod
8ec295c7-3cf4-e298-bab4-a2afa9e6d5a8,2026-03-10T00:00:00Z/2026-03-11T00:00:00Z,2026-03-10T00:00:00Z,2026-03-11T00:00:00Z,AmazonEC2,BoxUsage:m5.2xlarge,RunInstances,12.0976,4.830363,4.664015,Usage,us-east-1,,,prod
4d7cfcf4-7539-10fc-fb8c-fbe0fd1bee39,2026-03-10T00:00:00Z/2026-03-11T00:00:00Z,2026-03-10T00:00:00Z,2026-03-11T00:00:00Z,AmazonEC2,BoxUsage:m5.2xlarge,RunInstances,6.4674,5.857043,5.795133,Usage,us-east-1,,,prod
0cdefa36-dceb-9fc8-f0d0-88f1464fd817,2026-03-10T00:00:00Z/2026-03-11T00:00:00Z,2026-03-10T00:00:00Z,2026-03-11T00:00:00Z,AmazonEC2,BoxUsage:m5.2xlarge,RunInstances,18.5366,5.641729,5.681909,Usage,us-east-1,,,prod
cbdb93b7-3f84-f261-eb9b-8c52e2116d02,2026-03-10T00:00:00Z/2026-03-11T00:00:00Z,2026-03-10T00:00:00Z,2026-03-11T00:00:00Z,AmazonEC2,BoxUsage:m5.2xlarge,RunInstances,7.0961,6.061092,6.175711,Usage,us-east-1,,,prod
4dcb4cc7-1536-97f8-66a5-3b5ec37c1be9,2026-03-10T00:00:00Z/2026-03-11T00:00:00Z,2026-03-10T00:00:00Z,2026-03-11T00:00:00Z,AmazonEC2,BoxUsage:m5.2xlarge,RunInstances,4.9126,5.740987,5.737173,Usage,us-east-1,,,prod
d3813139-f8ba-c102-4978-6f255bf0571e,2026-03-10T00:00:00Z/2026-03-11T00:00:00Z,2026-03-10T00:00:00Z,2026-03-11T00:00:00Z,AmazonEC2,BoxUsage:m5.2xlarge,RunInstances,6.6977,5.218724,5.204877,Usage,us-east-1,,,prod
0a4c33a5-c9c8-d31d-5923-031f60862f03,2026-03-10T00:00:00Z/2026-03-11T00:00:00Z,2026-03-10T00:00:00Z,2026-03-11T00:00:00Z,AmazonEC2,BoxUsage:m5.2xlarge,RunInstances,9.4799,5.707394,5.604846,Usage,us-east-1,,,prod
61e9bc86-2d10-141e-c406-87d42defa39a,2026-03-10T00:00:00Z/2026-03-11T00:00:00Z,2026-03-10T00:00:00Z,2026-03-11T00:00:00Z,AmazonEC2,BoxUsage:m5.2xlarge,RunInstances,22.4677,5.035653,5.2549,Usage,us-east-1,,,prod
c10a3132-8ad4-ed3a-b6f6-e760531b5498,2026-03-10T00:00:00Z/2026-03-11T00:00:00Z,2026-03-10T00:00:00Z,2026-03-11T00:00:00Z,AmazonEC2,BoxUsage:m5.2xlarge,RunInstances,11.9025,4.605968,4.713148,Usage,us-east-1,,,prod
9fbd4da4-6c24-682c-96f1-56d7331c2eaa,2026-03-10T00:00:00Z/2026-03-11T00:00:00Z,2026-03-10T00:00:00Z,2026-03-11T00:00:00Z,AmazonEC2,BoxUsage:m5.xlarge,RunInstances,2.6547,249.701227,238.005191,Usage,us-east-1,,,prod
0bb6e247-e677-e910-07f9-09a9d51fd9e0,2026-03-10T00:00:00Z/2026-03-11T00:00:00Z,2026-03-10T00:00:00Z,2026-03-11T00:00:00Z,AmazonEC2,BoxUsage:m5.xlarge,RunInstances,10.1894,294.541463,307.144836,Usage,us-east-1,,,prod
7d0b5d18-ef38-e6c5-c783-488fdc1972f6,2026-03-10T00:00:00Z/2026-03-11T00:00:00Z,2026-03-10T00:00:00Z,2026-03-11T00:00:00Z,AmazonEC2,BoxUsage:m5.xlarge,RunInstances,2.4032,297.443802,289.57864,Usage,us-east-1,,,prod
50fd0ebb-693e-e66c-8110-2b87d006d7c0,2026-03-10T00:00:00Z/2026-03-11T00:00:00Z,2026-03-10T00:00:00Z,2026-03-11T00:00:00Z,AmazonEC2,BoxUsage:m5.xlarge,RunInstances,5.0502,232.263165,240.224866,Usage,us-east-1,,,prod
4e223fc2-3762-ce9d-f3a4-8c4fe4b1e3c0,2026-03-10T00:00:00Z/2026-03-11T00:00:00Z,2026-03-10T00:00:00Z,2026-03-11T00:00:00Z,AmazonEC2,BoxUsage:m5.xlarge,RunInstances,16.2074,259.012479,251.560627,Usage,us-east-1,,,prod
052a659e-71f1-47ec-a0e1-14299d15d956,2026-03-11T00:00:00Z/2026-03-12T00:00:00Z,2026-03-11T00:00:00Z,2026-03-12T00:00:00Z,AmazonEKS,AmazonEKS-Hours:perCluster,RunInstances,11.5196,4.584788,4.377278,Usage,us-east-1,,,prod
dff3fb35-3cfd-a5b0-24b7-e4ec2bc4d99a,2026-03-11T00:00:00Z/2026-03-12T00:00:00Z,2026-03-11T00:00:00Z,2026-03-12T00:00:00Z,AmazonEC2,BoxUsage:m5.2xlarge,RunInstances,22.2296,5.276474,5.118112,Usage,us-east-1,,,prod
9020d001-29fa-2272-9646-9bfda9536417,2026-03-11T00:00:00Z/2026-03-12T00:00:00Z,2026-03-11T00:00:00Z,2026-03-12T00:00:00Z,AmazonEC2,BoxUsage:m5.2xlarge,RunInstances,22.4816,4.947738,5.118484,Usage,us-east-1,,,prod
a3d5461c-c113-80c5-a6e3-360ad5778119,2026-03-11T00:00:00Z/2026-03-12T00:00:00Z,2026-03-11T00:00:00Z,2026-03-12T00:00:00Z,AmazonEC2,BoxUsage:m5.2xlarge,RunInstances,14.9199,4.977866,4.777135,Usage,us-east-1,,,prod
308ed4ab-4944-5219-22b6-2f07db17e9aa,2026-03-11T00:00:00Z/2026-03-12T00:00:00Z,2026-03-11T00:00:00Z,2026-03-12T00:00:00Z,AmazonEC2,BoxUsage:m5.2xlarge,RunInstances,22.8031,4.992544,5.195362,Usage,us-east-1,,,prod
972b7828-de65-6320-8ffa-337746d23d2f,2026-03-11T00:00:00Z/2026-03-12T00:00:00Z,2026-03-11T00:00:00Z,2026-03-12T00:00:00Z,AmazonEC2,BoxUsage:m5.2xlarge,RunInstances,5.7906,5.898113,5.645908,Usage,us-east-1,,,prod
1faaad97-f353-f9e1-36d0-f37b8e815bae,2026-03-11T00:00:00Z/2026-03-12T00:00:00Z,2026-03-11T00:00:00Z,2026-03-12T00:00:00Z,AmazonEC2,BoxUsage:m5.2xlarge,RunInstances,22.3345,5.206869,5.314267,Usage,us-east-1,,,prod
e00a62f3-fd17-f19b-0a91-efdca9d0e8e2,2026-03-11T00:00:00Z/2026-03-12T00:00:00Z,2026-03-11T00:00:00Z,2026-03-12T00:00:00Z,AmazonEC2,BoxUsage:m5.2xlarge,RunInstances,2.1824,6.091524,6.277236,Usage,us-east-1,,,prod
4ef9ce55-1043-97a9-b3ea-7bf0919732b6,2026-03-11T00:00:00Z/2026-03-12T00:00:00Z,2026-03-11T00:00:00Z,2026-03-12T00:00:00Z,AmazonEC2,BoxUsage:m5.2xlarge,RunInstances,19.4537,5.643045,5.585397,Usage,us-east-1,,,prod
440400a7-4d39-979f-8931-744a756fed14,2026-03-11T00:00:00Z/2026-03-12T00:00:00Z,2026-03-11T00:00:00Z,2026-03-12T00:00:00Z,AmazonEC2,BoxUsage:m5.2xlarge,RunInstances,11.0903,4.993167,5.211287,Usage,us-east-1,,,prod
c6242d06-62fa-4899-96e9-8acece071339,2026-03-11T00:00:00Z/2026-03-12T00:00:00Z,2026-03-11T00:00:00Z,2026-03-12T00:00:00Z,AmazonEC2,BoxUsage:m5.2xlarge,RunInstances,14.4677,5.440815,5.208115,Usage,us-east-1,,,prod
d6f6e092-5444-0e8f-41ec-6e5359a3fb81,2026-03-11T00:00:00Z/2026-03-12T00:00:00Z,2026-03-11T00:00:00Z,2026-03-12T00:00:00Z,AmazonEC2,BoxUsage:m5.2xlarge,RunInstances,22.9684,5.388636,5.159295,Usage,us-east-1,,,prod
3e7ace95-5df6-25a1-e2a1-284a6226b763,2026-03-11T00:00:00Z/2026-03-12T00:00:00Z,2026-03-11T00:00:00Z,2026-03-12T00:00:00Z,AmazonEC2,BoxUsage:m5.2xlarge,RunInstances,14.7414,6.026424,5.956383,Usage,us-east-1,,,prod
52531ca9-640e-a2e0-4b46-d8fbf7ed810f,2026-03-11T00:00:00Z/2026-03-12T00:00:00Z,2026-03-11T00:00:00Z,2026-03-12T00:00:00Z,AmazonEC2,BoxUsage:m5.2xlarge,RunInstances,17.9738,6.060156,5.89817,Usage,us-east-1,,,prod
3f06f248-322f-a1dd-5737-b7b9ba03916c,2026-03-11T00:00:00Z/2026-03-12T00:00:00Z,2026-03-11T00:00:00Z,2026-03-12T00:00:00Z,AmazonEC2,BoxUsage:m5.2xlarge,RunInstances,3.556,6.039209,5.751437,Usage,us-east-1,,,prod
89299132-3dd1-416f-b39b-37ec860a795a,2026-03-11T00:00:00Z/2026-03-12T00:00:00Z,2026-03-11T00:00:00Z,2026-03-12T00:00:00Z,AmazonEC2,BoxUsage:m5.2xlarge,RunInstances,16.5199,4.844519,4.933091,Usage,us-east-1,,,prod
e172e878-2ca6-c747-4994-68a76a0db49d,2026-03-11T00:00:00Z/2026-03-12T00:00:00Z,2026-03-11T00:00:00Z,2026-03-12T00:00:00Z,AmazonEC2,BoxUsage:m5.2xlarge,RunInstances,4.0699,5.561447,5.615557,Usage,us-east-1,,,prod
987c81bb-4213-c125-97de-0281269d0fdb,2026-03-11T00:00:00Z/2026-03-12T00:00:00Z,2026-03-11T00:00:00Z,2026-03-12T00:00:00Z,AmazonEC2,BoxUsage:m5.2xlarge,RunInstances,19.4105,5.714272,5.728213,Usage,us-east-1,,,prod
b81f0962-38bf-b6cc-6015-f37ecf6b341e,2026-03-11T00:00:00Z/2026-03-12T00:00:00Z,2026-03-11T00:00:00Z,2026-03-12T00:00:00Z,AmazonEC2,BoxUsage:m5.2xlarge,RunInstances,23.0027,4.737003,4.636562,Usage,us-east-1,,,prod
b75a154a-3ef4-07a2-bca1-847fea40d91b,2026-03-11T00:00:00Z/2026-03-12T00:00:00Z,2026-03-11T00:00:00Z,2026-03-12T00:00:00Z,AmazonEC2,BoxUsage:m5.2xlarge,RunInstances,6.3835,5.070471,5.00459,Usage,us-east-1,,,prod
dbaa639e-215a-2f33-a6bd-1b4b159676f4,2026-03-11T00:00:00Z/2026-03-12T00:00:00Z,2026-03-11T00:00:00Z,2026-03-12T00:00:00Z,AmazonEC2,BoxUsage:m5.2xlarge,RunInstances,15.2897,5.980133,5.706843,Usage,us-east-1,,,prod
4dbf02e8-059d-4cb9-c767-65d74e716364,2026-03-11T00:00:00Z/2026-03-12T00:00:00Z,2026-03-11T00:00:00Z,2026-03-12T00:00:00Z,AmazonEC2,BoxUsage:m5.xlarge,RunInstances,16.5969,252.340713,253.156952,Usage,us-east-1,,,prod
be42523c-884c-2dd6-9521-9f7b5098c64e,2026-03-11T00:00:00Z/2026-03-12T00:00:00Z,2026-03-11T00:00:00Z,2026-03-12T00:00:00Z,AmazonEC2,BoxUsage:m5.xlarge,RunInstances,19.854,297.119696,302.062431,Usage,us-east-1,,,prod
33bcfe41-7695-da86-04b3-ca65be6be17f,2026-03-11T00:00:00Z/2026-03-12T00:00:00Z,2026-03-11T00:00:00Z,2026-03-12T00:00:00Z,AmazonEC2,BoxUsage:m5.xlarge,RunInstances,22.0067,304.214977,297.670678,Usage,us-east-1,,,prod
60bd4919-770d-8b33-9ba4-0276f636050e,2026-03-11T00:00:00Z/2026-03-12T00:00:00Z,2026-03-11T00:00:00Z,2026-03-12T00:00:00Z,AmazonEC2,BoxUsage:m5.xlarge,RunInstances,22.32,261.118077,259.452184,Usage,us-east-1,,,prod
ae04b2c3-7c6a-f994-7311-f2bbbe8e098c,2026-03-11T00:00:00Z/2026-03-12T00:00:00Z,2026-03-11T00:00:00Z,2026-03-12T00:00:00Z,AmazonEC2,BoxUsage:m5.xlarge,RunInstances,9.3545,273.283049,279.481662,Usage,us-east-1,,,prod
b6f3aaab-ceed-9f70-72cd-01a0e1fc040b,2026-03-12T00:00:00Z/2026-03-13T00:00:00Z,2026-03-12T00:00:00Z,2026-03-13T00:00:00Z,AmazonEKS,AmazonEKS-Hours:perCluster,RunInstances,5.6222,4.571939,4.54159,Usage,us-east-1,,,prod
f718a64b-c130-b879-b3bc-bae0566c73ed,2026-03-12T00:00:00Z/2026-03-13T00:00:00Z,2026-03-12T00:00:00Z,2026-03-13T00:00:00Z,AmazonEC2,BoxUsage:m5.2xlarge,RunInstances,6.7602,4.932927,4.874245,Usage,us-east-1,,,prod
46dc03ce-68dc-74e6-27f4-f13219f2f955,2026-03-12T00:00:00Z/2026-03-13T00:00:00Z,2026-03-12T00:00:00Z,2026-03-13T00:00:00Z,AmazonEC2,BoxUsage:m5.2xlarge,RunInstances,13.088,5.843049,5.602162,Usage,us-east-1,,,prod
a461c461-0c6a-d018-5f5f-6d7ba4e90288,2026-03-12T00:00:00Z/2026-03-13T00:00:00Z,2026-03-12T00:00:00Z,2026-03-13T00:00:00Z,AmazonEC2,BoxUsage:m5.2xlarge,RunInstances,18.5396,5.894848,5.614045,Usage,us-east-1,,,prod
5c92a9a1-9dcc-e4b4-2eb6-ff89915d8781,2026-03-12T00:00:00Z/2026-03-13T00:00:00Z,2026-03-12T00:00:00Z,2026-03-13T00:00:00Z,AmazonEC2,BoxUsage:m5.2xlarge,RunInstances,3.1882,5.491657,5.753823,Usage,us-east-1,,,prod
80563744-1269-833b-1441-ade5bc8141be,2026-03-12T00:00:00Z/2026-03-13T00:00:00Z,2026-03-12T00:00:00Z,2026-03-13T00:00:00Z,AmazonEC2,BoxUsage:m5.2xlarge,RunInstances,23.6814,5.475033,5.645938,Usage,us-east-1,,,prod
963bd56f-ab91-38a2-3d17-f90432e1a3f4,2026-03-12T00:00:00Z/2026-03-13T00:00:00Z,2026-03-12T00:00:00Z,2026-03-13T00:00:00Z,AmazonEC2,BoxUsage:m5.2xlarge,RunInstances,3.8005,6.088239,6.014014,Usage,us-east-1,,,prod
3624fa55-ff99-991a-0734-79d85ac3db4d,2026-03-12T00:00:00Z/2026-03-13T00:00:00Z,2026-03-12T00:00:00Z,2026-03-13T00:00:00Z,AmazonEC2,BoxUsage:m5.2xlarge,RunInstances,6.9229,5.37594,5.554359,Usage,us-east-1,,,prod
9bdf8151-787d-196a-8f48-c8c326c2ad30,2026-03-12T00:00:00Z/2026-03-13T00:00:00Z,2026-03-12T00:00:00Z,2026-03-13T00:00:00Z,AmazonEC2,BoxUsage:m5.2xlarge,RunInstances,12.8025,5.756324,5.969739,Usage,us-east-1,,,prod
1e409c5d-3dc9-fb61-ca29-fb1e8b4df226,2026-03-12T00:00:00Z/2026-03-13T00:00:00Z,2026-03-12T00:00:00Z,2026-03-13T00:00:00Z,AmazonEC2,BoxUsage:m5.2xlarge,RunInstances,5.5138,6.062522,6.228202,Usage,us-east-1,,,prod
215e9ddd-a8b1-5dd1-0e02-22f137b8aa8e,2026-03-12T00:00:00Z/2026-03-13T00:00:00Z,2026-03-12T00:00:00Z,2026-03-13T00:00:00Z,AmazonEC2,BoxUsage:m5.2xlarge,RunInstances,15.5026,6.077932,6.332631,Usage,us-east-1,,,prod
7c387d7f-42cf-ef91-cf4c-a55790bc0416,2026-03-12T00:00:00Z/2026-03-13T00:00:00Z,2026-03-12T00:00:00Z,2026-03-13T00:00:00Z,AmazonEC2,BoxUsage:m5.2xlarge,RunInstances,20.4084,6.121612,5.855223,Usage,us-east-1,,,prod
8f433282-59a2-e981-9f2c-d7ce420563ec,2026-03-12T00:00:00Z/2026-03-13T00:00:00Z,2026-03-12T00:00:00Z,2026-03-13T00:00:00Z,AmazonEC2,BoxUsage:m5.2xlarge,RunInstances,20.3217,5.682096,5.756826,Usage,us-east-1,,,prod
1f3125c1-02ae-f856-8e62-eadcfcc05ad9,2026-03-12T00:00:00Z/2026-03-13T00:00:00Z,2026-03-12T00:00:00Z,2026-03-13T00:00:00Z,AmazonEC2,BoxUsage:m5.2xlarge,RunInstances,10.1401,4.651435,4.862692,Usage,us-east-1,,,prod
351dfc0f-73a9-a41c-2f9a-ba2db6c4e4d6,2026-03-12T00:00:00Z/2026-03-13T00:00:00Z,2026-03-12T00:00:00Z,2026-03-13T00:00:00Z,AmazonEC2,BoxUsage:m5.2xlarge,RunInstances,4.7718,5.147548,5.327094,Usage,us-east-1,,,prod
ff990d7a-92c0-465c-3c58-2bca89c7bd15,2026-03-12T00:00:00Z/2026-03-13T00:00:00Z,2026-03-12T00:00:00Z,2026-03-13T00:00:00Z,AmazonEC2,BoxUsage:m5.2xlarge,RunInstances,9.6046,6.088559,5.823739,Usage,us-east-1,,,prod
e2805f25-8a14-05c5-871d-4097b4b94898,2026-03-12T00:00:00Z/2026-03-13T00:00:00Z,2026-03-12T00:00:00Z,2026-03-13T00:00:00Z,AmazonEC2,BoxUsage:m5.2xlarge,RunInstances,9.2591,5.982953,5.997052,Usage,us-east-1,,,prod
076d3cc3-dd98-22d4-f32f-6152ee503afa,2026-03-12T00:00:00Z/2026-03-13T00:00:00Z,2026-03-12T00:00:00Z,2026-03-13T00:00:00Z,AmazonEC2,BoxUsage:m5.2xlarge,RunInstances,8.4006,5.151411,5.231352,Usage,us-east-1,,,prod
083757d5-4740-c06b-6522-111698baec53,2026-03-12T00:00:00Z/2026-03-13T00:00:00Z,2026-03-12T00:00:00Z,2026-03-13T00:00:00Z,AmazonEC2,BoxUsage:m5.2xlarge,RunInstances,8.3716,5.021144,5.185429,Usage,us-east-1,,,prod
9b76d5c6-5b65-d35b-c38b-8f30d7ace3bf,2026-03-12T00:00:00Z/2026-03-13T00:00:00Z,2026-03-12T00:00:00Z,2026-03-13T00:00:00Z,AmazonEC2,BoxUsage:m5.2xlarge,RunInstances,11.2741,4.638061,4.837878,Usage,us-east-1,,,prod
ecb35873-d410-9328-fa36-f73622c39a21,2026-03-12T00:00:00Z/2026-03-13T00:00:00Z,2026-03-12T00:00:00Z,2026-03-13T00:00:00Z,AmazonEC2,BoxUsage:m5.2xlarge,RunInstances,3.5987,4.62659,4.428701,Usage,us-east-1,,,prod
1a4bc6ba-7064-9b83-7265-3047a43e4e0a,2026-03-12T00:00:00Z/2026-03-13T00:00:00Z,2026-03-12T00:00:00Z,2026-03-13T00:00:00Z,AmazonEC2,BoxUsage:m5.xlarge,RunInstances,14.9166,265.854262,265.786775,Usage,us-east-1,,,prod
562b2ab5-6949-1db8-fe79-74756d3ce878,2026-03-12T00:00:00Z/2026-03-13T00:00:00Z,2026-03-12T00:00:00Z,2026-03-13T00:00:00Z,AmazonEC2,BoxUsage:m5.xlarge,RunInstances,22.7064,251.087759,243.385995,Usage,us-east-1,,,prod
84dac970-5300-0d46-7d45-ad6ff0cdee14,2026-03-12T00:00:00Z/2026-03-13T00:00:00Z,2026-03-12T00:00:00Z,2026-03-13T00:00:00Z,AmazonEC2,BoxUsage:m5.xlarge,RunInstances,23.6013,290.14905,284.625441,Usage,us-east-1,,,prod
a2f4a069-a391-5e24-715c-b7a8dc93247d,2026-03-12T00:00:00Z/2026-03-13T00:00:00Z,2026-03-12T00:00:00Z,2026-03-13T00:00:00Z,AmazonEC2,BoxUsage:m5.xlarge,RunInstances,3.6754,231.21766,234.563653,Usage,us-east-1,,,prod
d2191aa0-47be-8830-abef-42f8e511e692,2026-03-12T00:00:00Z/2026-03-13T00:00:00Z,2026-03-12T00:00:00Z,2026-03-13T00:00:00Z,AmazonEC2,BoxUsage:m5.xlarge,RunInstances,17.022,285.901023,278.029006,Usage,us-east-1,,,prod
b5a42397-4397-9809-1b3d-4446272aec7b,2026-03-13T00:00:00Z/2026-03-14T00:00:00Z,2026-03-13T00:00:00Z,2026-03-14T00:00:00Z,AmazonEKS,AmazonEKS-Hours:perCluster,RunInstances,5.5837,5.05669,4.806227,Usage,us-east-1,,,prod
493cd769-9984-4134-d6b4-0fab923974ce,2026-03-13T00:00:00Z/2026-03-14T00:00:00Z,2026-03-13T00:00:00Z,2026-03-14T00:00:00Z,AmazonEC2,BoxUsage:m5.2xlarge,RunInstances,7.7216,6.08926,6.062544,Usage,us-east-1,,,prod
830435ad-5c5c-8bca-25d6-062439237865,2026-03-13T00:00:00Z/2026-03-14T00:00:00Z,2026-03-13T00:00:00Z,2026-03-14T00:00:00Z,AmazonEC2,BoxUsage:m5.2xlarge,RunInstances,7.2621,5.949214,5.760922,Usage,us-east-1,,,prod
a0d33f9b-18da-b563-7a63-b2ce318fcdbd,2026-03-13T00:00:00Z/2026-03-14T00:00:00Z,2026-03-13T00:00:00Z,2026-03-14T00:00:00Z,AmazonEC2,BoxUsage:m5.2xlarge,RunInstances,10.3954,6.113633,6.309407,Usage,us-east-1,,,prod
d81e8e27-6bc7-ee44-0ed4-ba4df695fddb,2026-03-13T00:00:00Z/2026-03-14T00:00:00Z,2026-03-13T00:00:00Z,2026-03-14T00:00:00Z,AmazonEC2,BoxUsage:m5.2xlarge,RunInstances,13.6836,5.787662,5.569519,Usage,us-east-1,,,prod
7250340c-ed95-6734-6a7e-522f6da98648,2026-03-13T00:00:00Z/2026-03-14T00:00:00Z,2026-03-13T00:00:00Z,2026-03-14T00:00:00Z,AmazonEC2,BoxUsage:m5.2xlarge,RunInstances,4.1967,5.295842,5.346174,Usage,us-east-1,,,prod
b0796aa7-ee47-a339-606b-e42e8daf7e79,2026-03-13T00:00:00Z/2026-03-14T00:00:00Z,2026-03-13T00:00:00Z,2026-03-14T00:00:00Z,AmazonEC2,BoxUsage:m5.2xlarge,RunInstances,2.6188,5.648514,5.66945,Usage,us-east-1,,,prod
81806e1e-e1d1-0b19-c271-6bfa371fb85d,2026-03-13T00:00:00Z/2026-03-14T00:00:00Z,2026-03-13T00:00:00Z,2026-03-14T00:00:00Z,AmazonEC2,BoxUsage:m5.2xlarge,RunInstances,17.4423,5.112769,4.882741,Usage,us-east-1,,,prod
a2d3df57-5593-5ad3-cffa-d4ce5a362f63,2026-03-13T00:00:00Z/2026-03-14T00:00:00Z,2026-03-13T00:00:00Z,2026-03-14T00:00:00Z,AmazonEC2,BoxUsage:m5.2xlarge,RunInstances,21.7764,4.730816,4.744066,Usage,us-east-1,,,prod
2bd6b689-d885-10c0-765a-dd3c3a004029,2026-03-13T00:00:00Z/2026-03-14T00:00:00Z,2026-03-13T00:00:00Z,2026-03-14T00:00:00Z,AmazonEC2,BoxUsage:m5.2xlarge,RunInstances,14.3544,5.963399,5.743972,Usage,us-east-1,,,prod
489d3dcd-9a41-b1f2-6c9e-71d5b430854c,2026-03-13T00:00:00Z/2026-03-14T00:00:00Z,2026-03-13T00:00:00Z,2026-03-14T00:00:00Z,AmazonEC2,BoxUsage:m5.2xlarge,RunInstances,16.6662,5.392771,5.653262,Usage,us-east-1,,,prod
fb671c5e-8d17-387f-38c8-0298dcf4e2c3,2026-03-13T00:00:00Z/2026-03-14T00:00:00Z,2026-03-13T00:00:00Z,2026-03-14T00:00:00Z,AmazonEC2,BoxUsage:m5.2xlarge,RunInstances,8.1908,5.392016,5.524346,Usage,us-east-1,,,prod
39494e66-cb6d-5479-5d2a-87c3aa972f62,2026-03-13T00:00:00Z/2026-03-14T00:00:00Z,2026-03-13T00:00:00Z,2026-03-14T00:00:00Z,AmazonEC2,BoxUsage:m5.2xlarge,RunInstances,20.2677,5.6058,5.70523,Usage,us-east-1,,,prod
b9f66b02-9e4b-e1a0-0f58-fbba4eb2296a,2026-03-13T00:00:00Z/2026-03-14T00:00:00Z,2026-03-13T00:00:00Z,2026-03-14T00:00:00Z,AmazonEC2,BoxUsage:m5.2xlarge,RunInstances,10.1013,5.32877,5.435441,Usage,us-east-1,,,prod
cdee5505-b1a7-14df-fbc1-b03f27239602,2026-03-13T00:00:00Z/2026-03-14T00:00:00Z,2026-03-13T00:00:00Z,2026-03-14T00:00:00Z,AmazonEC2,BoxUsage:m5.2xlarge,RunInstances,1.9821,5.977097,6.01448,Usage,us-east-1,,,prod
a4e814b5-1ef3-2c8b-5117-20d40362aa87,2026-03-13T00:00:00Z/2026-03-14T00:00:00Z,2026-03-13T00:00:00Z,2026-03-14T00:00:00Z,AmazonEC2,BoxUsage:m5.2xlarge,RunInstances,12.0817,4.656881,4.530238,Usage,us-east-1,,,prod
5ae3a4bb-148f-3a93-3e09-09317b25ecae,2026-03-13T00:00:00Z/2026-03-14T00:00:00Z,2026-03-13T00:00:00Z,2026-03-14T00:00:00Z,AmazonEC2,BoxUsage:m5.2xlarge,RunInstances,13.2109,4.801673,4.642604,Usage,us-east-1,,,prod
aae66f25-f202-820a-14a0-9fb875a39b8d,2026-03-13T00:00:00Z/2026-03-14T00:00:00Z,2026-03-13T00:00:00Z,2026-03-14T00:00:00Z,AmazonEC2,BoxUsage:m5.2xlarge,RunInstances,23.7156,5.170705,5.317938,Usage,us-east-1,,,prod
479197ec-424a-6a85-8df0-8c9fe68a8b0d,2026-03-13T00:00:00Z/2026-03-14T00:00:00Z,2026-03-13T00:00:00Z,2026-03-14T00:00:00Z,AmazonEC2,BoxUsage:m5.2xlarge,RunInstances,13.0939,4.950469,5.05955,Usage,us-east-1,,,prod
9a7aaa1f-956e-b274-65f7-2c0655100779,2026-03-13T00:00:00Z/2026-03-14T00:00:00Z,2026-03-13T00:00:00Z,2026-03-14T00:00:00Z,AmazonEC2,BoxUsage:m5.2xlarge,RunInstances,6.7919,5.87596,5.585981,Usage,us-east-1,,,prod
c0a1ed5f-b916-9660-2718-de999b3ff9bf,2026-03-13T00:00:00Z/2026-03-14T00:00:00Z,2026-03-13T00:00:00Z,2026-03-14T00:00:00Z,AmazonEC2,BoxUsage:m5.2xlarge,RunInstances,1.4963,5.920776,5.810009,Usage,us-east-1,,,prod
63b91ca9-481d-ce25-8fac-e3099cb1cea5,2026-03-13T00:00:00Z/2026-03-14T00:00:00Z,2026-03-13T00:00:00Z,2026-03-14T00:00:00Z,AmazonEC2,BoxUsage:m5.xlarge,RunInstances,7.2958,238.958927,245.697146,Usage,us-east-1,,,prod
21548d37-1917-1ae7-d15f-1ce941d7db7f,2026-03-13T00:00:00Z/2026-03-14T00:00:00Z,2026-03-13T00:00:00Z,2026-03-14T00:00:00Z,AmazonEC2,BoxUsage:m5.xlarge,RunInstances,8.4097,270.469723,265.070177,Usage,us-east-1,,,prod
d12aa09e-16fb-1d5b-aa30-ce48473d44a7,2026-03-13T00:00:00Z/2026-03-14T00:00:00Z,2026-03-13T00:00:00Z,2026-03-14T00:00:00Z,AmazonEC2,BoxUsage:m5.xlarge,RunInstances,3.2055,257.317193,250.981159,Usage,us-east-1,,,prod
d8e7b03d-2fe2-60e4-6cbb-c865f1a6f9bb,2026-03-13T00:00:00Z/2026-03-14T00:00:00Z,2026-03-13T00:00:00Z,2026-03-14T00:00:00Z,AmazonEC2,BoxUsage:m5.xlarge,RunInstances,5.1018,254.820474,243.979148,Usage,us-east-1,,,prod
da9ce036-fdbc-a55d-50ca-37ac5978a3b5,2026-03-13T00:00:00Z/2026-03-14T00:00:00Z,2026-03-13T00:00:00Z,2026-03-14T00:00:00Z,AmazonEC2,BoxUsage:m5.xlarge,RunInstances,15.0227,269.471701,264.514403,Usage,us-east-1,,,prod
e8025b56-c653-7e07-604e-c15708032612,2026-03-14T00:00:00Z/2026-03-15T00:00:00Z,2026-03-14T00:00:00Z,2026-03-15T00:00:00Z,AmazonEKS,AmazonEKS-Hours:perCluster,RunInstances,21.8258,4.580407,4.453646,Usage,us-east-1,,,prod
16b91b6d-d218-a48f-560c-661ff82b8f81,2026-03-14T00:00:00Z/2026-03-15T00:00:00Z,2026-03-14T00:00:00Z,2026-03-15T00:00:00Z,AmazonEC2,BoxUsage:m5.2xlarge,RunInstances,4.4909,4.945714,5.18266,Usage,us-east-1,,,prod
8003f6c6-9b66-9265-58f2-9843810a177b,2026-03-14T00:00:00Z/2026-03-15T00:00:00Z,2026-03-14T00:00:00Z,2026-03-15T00:00:00Z,AmazonEC2,BoxUsage:m5.2xlarge,RunInstances,14.4791,5.970306,6.203931,Usage,us-east-1,,,prod
36b10452-d39c-e196-4dcb-a5e2e312c02e,2026-03-14T00:00:00Z/2026-03-15T00:00:00Z,2026-03-14T00:00:00Z,2026-03-15T00:00:00Z,AmazonEC2,BoxUsage:m5.2xlarge,RunInstances,9.0508,5.433275,5.603658,Usage,us-east-1,,,prod
70625db7-19f5-a137-2387-205920ac7efa,2026-03-14T00:00:00Z/2026-03-15T00:00:00Z,2026-03-14T00:00:00Z,2026-03-15T00:00:00Z,AmazonEC2,BoxUsage:m5.2xlarge,RunInstances,4.5473,5.282961,5.276484,Usage,us-east-1,,,prod
80221ad7-9267-0f24-5a06-7e150bdaedf4,2026-03-14T00:00:00Z/2026-03-15T00:00:00Z,2026-03-14T00:00:00Z,2026-03-15T00:00:00Z,AmazonEC2,BoxUsage:m5.2xlarge,RunInstances,2.8096,4.654042,4.594438,Usage,us-east-1,,,prod
9cee52e9-512b-65c7-d433-08708eff034b,2026-03-14T00:00:00Z/2026-03-15T00:00:00Z,2026-03-14T00:00:00Z,2026-03-15T00:00:00Z,AmazonEC2,BoxUsage:m5.2xlarge,RunInstances,8.1173,4.778938,4.857679,Usage,us-east-1,,,prod
4c9b0030-87e7-2292-882a-568c369538a6,2026-03-14T00:00:00Z/2026-03-15T00:00:00Z,2026-03-14T00:00:00Z,2026-03-15T00:00:00Z,AmazonEC2,BoxUsage:m5.2xlarge,RunInstances,23.56,4.624588,4.600195,Usage,us-east-1,,,prod
f3b1bf1f-f624-8d65-a996-77b19af7a905,2026-03-14T00:00:00Z/2026-03-15T00:00:00Z,2026-03-14T00:00:00Z,2026-03-15T00:00:00Z,AmazonEC2,BoxUsage:m5.2xlarge,RunInstances,20.121,4.7889,4.841802,Usage,us-east-1,,,prod
922dee0c-1045-e5bc-7762-4e792da016f9,2026-03-14T00:00:00Z/2026-03-15T00:00:00Z,2026-03-14T00:00:00Z,2026-03-15T00:00:00Z,AmazonEC2,BoxUsage:m5.2xlarge,RunInstances,22.3901,5.509362,5.270913,Usage,us-east-1,,,prod
b4c00897-113f-a264-e94c-08bff89f09e1,2026-03-14T00:00:00Z/2026-03-15T00:00:00Z,2026-03-14T00:00:00Z,2026-03-15T00:00:00Z,AmazonEC2,BoxUsage:m5.2xlarge,RunInstances,20.8682,4.693269,4.49425,Usage,us-east-1,,,prod
a0d87b1c-6da6-5cb1-a970-d7723d0243a4,2026-03-14T00:00:00Z/2026-03-15T00:00:00Z,2026-03-14T00:00:00Z,2026-03-15T00:00:00Z,AmazonEC2,BoxUsage:m5.2xlarge,RunInstances,18.2584,5.617864,5.631242,Usage,us-east-1,,,prod
b20d0ba8-3714-74fc-ba39-60362c143f16,2026-03-14T00:00:00Z/2026-03-15T00:00:00Z,2026-03-14T00:00:00Z,2026-03-15T00:00:00Z,AmazonEC2,BoxUsage:m5.2xlarge,RunInstances,7.6603,4.55432,4.566206,Usage,us-east-1,,,prod
c5349b2c-a398-07f8-ba39-5b8718ca94b8,2026-03-14T00:00:00Z/2026-03-15T00:00:00Z,2026-03-14T00:00:00Z,2026-03-15T00:00:00Z,AmazonEC2,BoxUsage:m5.2xlarge,RunInstances,21.3749,5.321143,5.259729,Usage,us-east-1,,,prod
2aae2923-ec8d-b190-e966-e032d1e701f0,2026-03-14T00:00:00Z/2026-03-15T00:00:00Z,2026-03-14T00:00:00Z,2026-03-15T00:00:00Z,AmazonEC2,BoxUsage:m5.2xlarge,RunInstances,8.3105,5.67223,5.576443,Usage,us-east-1,,,prod
ffdc0514-324d-b30e-4741-07e2c684895b,2026-03-14T00:00:00Z/2026-03-15T00:00:00Z,2026-03-14T00:00:00Z,2026-03-15T00:00:00Z,AmazonEC2,BoxUsage:m5.2xlarge,RunInstances,22.8476,5.474385,5.422592,Usage,us-east-1,,,prod
c02595a7-64ac-0815-d9df-246835a1f599,2026-03-14T00:00:00Z/2026-03-15T00:00:00Z,2026-03-14T00:00:00Z,2026-03-15T00:00:00Z,AmazonEC2,BoxUsage:m5.2xlarge,RunInstances,18.6034,5.735448,5.660602,Usage,us-east-1,,,prod
9fb9ee6c-c9c1-d669-d9a1-58b87f467eca,2026-03-14T00:00:00Z/2026-03-15T00:00:00Z,2026-03-14T00:00:00Z,2026-03-15T00:00:00Z,AmazonEC2,BoxUsage:m5.2xlarge,RunInstances,15.4033,5.463524,5.200149,Usage,us-east-1,,,prod
c085ae20-eac4-8cf2-e999-db574e513fda,2026-03-14T00:00:00Z/2026-03-15T00:00:00Z,2026-03-14T00:00:00Z,2026-03-15T00:00:00Z,AmazonEC2,BoxUsage:m5.2xlarge,RunInstances,22.3156,4.942697,4.715752,Usage,us-east-1,,,prod
4cb30371-06fa-028e-9b31-8bd43831c3e9,2026-03-14T00:00:00Z/2026-03-15T00:00:00Z,2026-03-14T00:00:00Z,2026-03-15T00:00:00Z,AmazonEC2,BoxUsage:m5.2xlarge,RunInstances,7.1347,5.969297,6.22705,Usage,us-east-1,,,prod
3b759040-1a84-d88a-c03c-1eb789c13719,2026-03-14T00:00:00Z/2026-03-15T00:00:00Z,2026-03-14T00:00:00Z,2026-03-15T00:00:00Z,AmazonEC2,BoxUsage:m5.2xlarge,RunInstances,16.8985,4.852582,5.047306,Usage,us-east-1,,,prod
4c9f3df4-de2d-0a4d-2046-fb7742cbd20c,2026-03-14T00:00:00Z/2026-03-15T00:00:00Z,2026-03-14T00:00:00Z,2026-03-15T00:00:00Z,AmazonEC2,BoxUsage:m5.xlarge,RunInstances,13.6118,282.267596,295.157819,Usage,us-east-1,,,prod
4a90f0f3-e988-d1ca-fe95-c16f95828d98,2026-03-14T00:00:00Z/2026-03-15T00:00:00Z,2026-03-14T00:00:00Z,2026-03-15T00:00:00Z,AmazonEC2,BoxUsage:m5.xlarge,RunInstances,17.0476,247.042431,252.664461,Usage,us-east-1,,,prod
f1d022c2-2d16-d691-902a-46cd56b7c8bd,2026-03-14T00:00:00Z/2026-03-15T00:00:00Z,2026-03-14T00:00:00Z,2026-03-15T00:00:00Z,AmazonEC2,BoxUsage:m5.xlarge,RunInstances,4.3788,261.530144,274.356794,Usage,us-east-1,,,prod
9ec354f6-4bcb-6fea-b5ef-a51db8283ca0,2026-03-14T00:00:00Z/2026-03-15T00:00:00Z,2026-03-14T00:00:00Z,2026-03-15T00:00:00Z,AmazonEC2,BoxUsage:m5.xlarge,RunInstances,11.0857,270.47214,267.167586,Usage,us-east-1,,,prod
56efd963-5805-6094-4ee6-34ab515b3a66,2026-03-14T00:00:00Z/2026-03-15T00:00:00Z,2026-03-14T00:00:00Z,2026-03-15T00:00:00Z,AmazonEC2,BoxUsage:m5.xlarge,RunInstances,5.3914,299.219718,298.544094,Usage,us-east-1,,,prod
509a7a95-a10d-0ce5-9c0a-046fab8bc012,2026-03-15T00:00:00Z/2026-03-16T00:00:00Z,2026-03-15T00:00:00Z,2026-03-16T00:00:00Z,AmazonEKS,AmazonEKS-Hours:perCluster,RunInstances,21.3502,4.562564,4.613338,Usage,us-east-1,,,prod
0703b017-6175-1d65-06a0-c2e526f18b2f,2026-03-15T00:00:00Z/2026-03-16T00:00:00Z,2026-03-15T00:00:00Z,2026-03-16T00:00:00Z,AmazonEC2,BoxUsage:m5.2xlarge,RunInstances,18.3845,5.221425,5.207452,Usage,us-east-1,,,prod
e16480ad-534a-f3b4-0218-fbbf4f60c584,2026-03-15T00:00:00Z/2026-03-16T00:00:00Z,2026-03-15T00:00:00Z,2026-03-16T00:00:00Z,AmazonEC2,BoxUsage:m5.2xlarge,RunInstances,13.7232,4.638637,4.870181,Usage,us-east-1,,,prod
aa1f5a09-fe97-5762-9036-179a7d47f037,2026-03-15T00:00:00Z/2026-03-16T00:00:00Z,2026-03-15T00:00:00Z,2026-03-16T00:00:00Z,AmazonEC2,BoxUsage:m5.2xlarge,RunInstances,22.0735,4.789178,4.996764,Usage,us-east-1,,,prod
c8113fe9-80a9-52ca-dd32-fc5eb613d150,2026-03-15T00:00:00Z/2026-03-16T00:00:00Z,2026-03-15T00:00:00Z,2026-03-16T00:00:00Z,AmazonEC2,BoxUsage:m5.2xlarge,RunInstances,5.8551,4.879099,4.855035,Usage,us-east-1,,,prod
0f9b68c0-2099-9450-868e-2ff2159dd037,2026-03-15T00:00:00Z/2026-03-16T00:00:00Z,2026-03-15T00:00:00Z,2026-03-16T00:00:00Z,AmazonEC2,BoxUsage:m5.2xlarge,RunInstances,22.8894,5.021539,4.969259,Usage,us-east-1,,,prod
e3831734-b838-0e26-7242-62f80c418a81,2026-03-15T00:00:00Z/2026-03-16T00:00:00Z,2026-03-15T00:00:00Z,2026-03-16T00:00:00Z,AmazonEC2,BoxUsage:m5.2xlarge,RunInstances,20.0974,5.670969,5.441792,Usage,us-east-1,,,prod
a8df6501-6088-689b-e69b-397e57d8f23e,2026-03-15T00:00:00Z/2026-03-16T00:00:00Z,2026-03-15T00:00:00Z,2026-03-16T00:00:00Z,AmazonEC2,BoxUsage:m5.2xlarge,RunInstances,3.5947,4.970316,4.821961,Usage,us-east-1,,,prod
3df1571e-7bca-07e5-a847-3f6043fab174,2026-03-15T00:00:00Z/2026-03-16T00:00:00Z,2026-03-15T00:00:00Z,2026-03-16T00:00:00Z,AmazonEC2,BoxUsage:m5.2xlarge,RunInstances,6.1097,4.858755,4.863413,Usage,us-east-1,,,prod
9714cc2c-529f-b45b-f9e0-b90d5f6736b8,2026-03-15T00:00:00Z/2026-03-16T00:00:00Z,2026-03-15T00:00:00Z,2026-03-16T00:00:00Z,AmazonEC2,BoxUsage:m5.2xlarge,RunInstances,21.7606,6.061571,6.0859,Usage,us-east-1,,,prod
e6cf8f1c-1db0-a9af-4ca3-125f94c9dc91,2026-03-15T00:00:00Z/2026-03-16T00:00:00Z,2026-03-15T00:00:00Z,2026-03-16T00:00:00Z,AmazonEC2,BoxUsage:m5.2xlarge,RunInstances,11.9282,5.652994,5.389583,Usage,us-east-1,,,prod
cdec6051-c537-e0b2-1058-8ce2d7d3c10e,2026-03-15T00:00:00Z/2026-03-16T00:00:00Z,2026-03-15T00:00:00Z,2026-03-16T00:00:00Z,AmazonEC2,BoxUsage:m5.2xlarge,RunInstances,13.5975,6.13249,6.425072,Usage,us-east-1,,,prod
02e12dee-1d7a-0b01-0284-4eb6aa9cf5fb,2026-03-15T00:00:00Z/2026-03-16T00:00:00Z,2026-03-15T00:00:00Z,2026-03-16T00:00:00Z,AmazonEC2,BoxUsage:m5.2xlarge,RunInstances,19.2268,4.763485,4.540287,Usage,us-east-1,,,prod
e59036d6-4491-94ef-c021-f0eab2ae2891,2026-03-15T00:00:00Z/2026-03-16T00:00:00Z,2026-03-15T00:00:00Z,2026-03-16T00:00:00Z,AmazonEC2,BoxUsage:m5.2xlarge,RunInstances,6.4875,5.112335,5.156473,Usage,us-east-1,,,prod
79709a0c-8e18-976c-b074-a041a9b950df,2026-03-15T00:00:00Z/2026-03-16T00:00:00Z,2026-03-15T00:00:00Z,2026-03-16T00:00:00Z,AmazonEC2,BoxUsage:m5.2xlarge,RunInstances,11.3889,5.466562,5.588077,Usage,us-east-1,,,prod
00c87bb2-0b68-a950-07f1-670e405b1cba,2026-03-15T00:00:00Z/2026-03-16T00:00:00Z,2026-03-15T00:00:00Z,2026-03-16T00:00:00Z,AmazonEC2,BoxUsage:m5.2xlarge,RunInstances,16.4137,5.301183,5.354542,Usage,us-east-1,,,prod
b54a7341-64de-449f-20bc-b1e8efa2c0d7,2026-03-15T00:00:00Z/2026-03-16T00:00:00Z,2026-03-15T00:00:00Z,2026-03-16T00:00:00Z,AmazonEC2,BoxUsage:m5.2xlarge,RunInstances,1.9811,5.715081,5.875694,Usage,us-east-1,,,prod
4d447ba4-2bcc-19cd-4ee8-26e83296c3c9,2026-03-15T00:00:00Z/2026-03-16T00:00:00Z,2026-03-15T00:00:00Z,2026-03-16T00:00:00Z,AmazonEC2,BoxUsage:m5.2xlarge,RunInstances,23.0333,5.395493,5.607092,Usage,us-east-1,,,prod
7b3b06e0-3353-b318-ec6b-845b6a490f2c,2026-03-15T00:00:00Z/2026-03-16T00:00:00Z,2026-03-15T00:00:00Z,2026-03-16T00:00:00Z,AmazonEC2,BoxUsage:m5.2xlarge,RunInstances,6.8428,5.807363,5.993152,Usage,us-east-1,,,prod
349a076d-481f-5783-a34b-66996d591682,2026-03-15T00:00:00Z/2026-03-16T00:00:00Z,2026-03-15T00:00:00Z,2026-03-16T00:00:00Z,AmazonEC2,BoxUsage:m5.2xlarge,RunInstances,15.0253,4.888653,5.047358,Usage,us-east-1,,,prod
6d42301a-d6d3-743e-2f47-53881c46898f,2026-03-15T00:00:00Z/2026-03-16T00:00:00Z,2026-03-15T00:00:00Z,2026-03-16T00:00:00Z,AmazonEC2,BoxUsage:m5.2xlarge,RunInstances,4.0291,6.014445,5.854341,Usage,us-east-1,,,prod
1804cb4d-4658-6f59-6cc4-aee7af2341fc,2026-03-15T00:00:00Z/2026-03-16T00:00:00Z,2026-03-15T00:00:00Z,2026-03-16T00:00:00Z,AmazonEC2,BoxUsage:m5.xlarge,RunInstances,19.0587,266.27628,255.130903,Usage,us-east-1,,,prod
83e1ba85-29f6-cf51-c995-e8cfea90abd6,2026-03-15T00:00:00Z/2026-03-16T00:00:00Z,2026-03-15T00:00:00Z,2026-03-16T00:00:00Z,AmazonEC2,BoxUsage:m5.xlarge,RunInstances,23.8057,282.861268,291.368623,Usage,us-east-1,,,prod
cc751ed6-8bc4-7041-1f7f-4d92eb48b2fb,2026-03-15T00:00:00Z/2026-03-16T00:00:00Z,2026-03-15T00:00:00Z,2026-03-16T00:00:00Z,AmazonEC2,BoxUsage:m5.xlarge,RunInstances,19.4331,272.37236,282.927108,Usage,us-east-1,,,prod
13143dac-0eb5-579d-5cee-8a22966c45e6,2026-03-15T00:00:00Z/2026-03-16T00:00:00Z,2026-03-15T00:00:00Z,2026-03-16T00:00:00Z,AmazonEC2,BoxUsage:m5.xlarge,RunInstances,15.9303,249.04668,259.930642,Usage,us-east-1,,,prod
43a49ae1-d4e0-cfb3-dc20-1eabd8794421,2026-03-15T00:00:00Z/2026-03-16T00:00:00Z,2026-03-15T00:00:00Z,2026-03-16T00:00:00Z,AmazonEC2,BoxUsage:m5.xlarge,RunInstances,6.1761,278.739556,272.692372,Usage,us-east-1,,,prod
a740a98f-ba34-0f8c-a3e0-ee7187ad7463,2026-03-16T00:00:00Z/2026-03-17T00:00:00Z,2026-03-16T00:00:00Z,2026-03-17T00:00:00Z,AmazonEKS,AmazonEKS-Hours:perCluster,RunInstances,19.1197,4.750687,4.666307,Usage,us-east-1,,,prod
13e27770-d31d-082e-c841-6e55687a82fb,2026-03-16T00:00:00Z/2026-03-17T00:00:00Z,2026-03-16T00:00:00Z,2026-03-17T00:00:00Z,AmazonEC2,BoxUsage:m5.2xlarge,RunInstances,13.0235,6.020394,6.067934,Usage,us-east-1,,,prod
00c7791b-d296-13ea-93a4-5bfa3f1cc782,2026-03-16T00:00:00Z/2026-03-17T00:00:00Z,2026-03-16T00:00:00Z,2026-03-17T00:00:00Z,AmazonEC2,BoxUsage:m5.2xlarge,RunInstances,16.3263,5.66768,5.539204,Usage,us-east-1,,,prod
8f588801-24a5-9917-ed9c-b401e0301b33,2026-03-16T00:00:00Z/2026-03-17T00:00:00Z,2026-03-16T00:00:00Z,2026-03-17T00:00:00Z,AmazonEC2,BoxUsage:m5.2xlarge,RunInstances,22.1862,5.940547,6.162879,Usage,us-east-1,,,prod
aeb0f236-f760-36c2-333a-79f25e2e8e80,2026-03-16T00:00:00Z/2026-03-17T00:00:00Z,2026-03-16T00:00:00Z,2026-03-17T00:00:00Z,AmazonEC2,BoxUsage:m5.2xlarge,RunInstances,21.0488,4.843923,4.95455,Usage,us-east-1,,,prod
9e182881-9d6e-5d79-079d-8df7e3625ff0,2026-03-16T00:00:00Z/2026-03-17T00:00:00Z,2026-03-16T00:00:00Z,2026-03-17T00:00:00Z,AmazonEC2,BoxUsage:m5.2xlarge,RunInstances,13.7718,5.833203,5.997215,Usage,us-east-1,,,prod
dcc8a4b3-0bf7-b479-f38d-6dd5fd547cf8,2026-03-16T00:00:00Z/2026-03-17T00:00:00Z,2026-03-16T00:00:00Z,2026-03-17T00:00:00Z,AmazonEC2,BoxUsage:m5.2xlarge,RunInstances,16.4896,5.486565,5.66349,Usage,us-east-1,,,prod
2bc30ec6-6ff4-08f6-8efc-2a9367b702f4,2026-03-16T00:00:00Z/2026-03-17T00:00:00Z,2026-03-16T00:00:00Z,2026-03-17T00:00:00Z,AmazonEC2,BoxUsage:m5.2xlarge,RunInstances,16.6115,5.0607,5.072003,Usage,us-east-1,,,prod
3e75708a-ea60-1bd4-7e21-628c70645003,2026-03-16T00:00:00Z/2026-03-17T00:00:00Z,2026-03-16T00:00:00Z,2026-03-17T00:00:00Z,AmazonEC2,BoxUsage:m5.2xlarge,RunInstances,10.9881,5.532091,5.715357,Usage,us-east-1,,,prod
e4867192-7381-7103-a983-cb8dbee9646e,2026-03-16T00:00:00Z/2026-03-17T00:00:00Z,2026-03-16T00:00:00Z,2026-03-17T00:00:00Z,AmazonEC2,BoxUsage:m5.2xlarge,RunInstances,22.7835,4.582212,4.424557,Usage,us-east-1,,,prod
164e0fb4-993c-2a6a-b3ec-c92df5441cb0,2026-03-16T00:00:00Z/2026-03-17T00:00:00Z,2026-03-16T00:00:00Z,2026-03-17T00:00:00Z,AmazonEC2,BoxUsage:m5.2xlarge,RunInstances,22.9475,5.239118,5.473778,Usage,us-east-1,,,prod
bcd70252-be1a-349c-4a8b-df0e31551465,2026-03-16T00:00:00Z/2026-03-17T00:00:00Z,2026-03-16T00:00:00Z,2026-03-17T00:00:00Z,AmazonEC2,BoxUsage:m5.2xlarge,RunInstances,15.7683,5.418942,5.683092,Usage,us-east-1,,,prod
ce630833-e851-4929-1ec6-6da54777ab17,2026-03-16T00:00:00Z/2026-03-17T00:00:00Z,2026-03-16T00:00:00Z,2026-03-17T00:00:00Z,AmazonEC2,BoxUsage:m5.2xlarge,RunInstances,5.4322,4.967595,5.066281,Usage,us-east-1,,,prod
4d99be18-8c02-4682-a58a-7b36c33be63c,2026-03-16T00:00:00Z/2026-03-17T00:00:00Z,2026-03-16T00:00:00Z,2026-03-17T00:00:00Z,AmazonEC2,BoxUsage:m5.2xlarge,RunInstances,3.0575,4.870005,4.672186,Usage,us-east-1,,,prod
609b070f-28dc-c268-53dd-e74c76a3595d,2026-03-16T00:00:00Z/2026-03-17T00:00:00Z,2026-03-16T00:00:00Z,2026-03-17T00:00:00Z,AmazonEC2,BoxUsage:m5.2xlarge,RunInstances,12.5367,5.092573,5.097646,Usage,us-east-1,,,prod
b5d769f4-be08-8461-af5a-c2f116536f88,2026-03-16T00:00:00Z/2026-03-17T00:00:00Z,2026-03-16T00:00:00Z,2026-03-17T00:00:00Z,AmazonEC2,BoxUsage:m5.2xlarge,RunInstances,11.8445,5.35555,5.36382,Usage,us-east-1,,,prod
b46183ba-7807-3890-e1b6-8116bdcbd22f,2026-03-16T00:00:00Z/2026-03-17T00:00:00Z,2026-03-16T00:00:00Z,2026-03-17T00:00:00Z,AmazonEC2,BoxUsage:m5.2xlarge,RunInstances,7.5113,5.013056,4.782754,Usage,us-east-1,,,prod
16ed932e-243a-1cf1-3828-38929a9e6b85,2026-03-16T00:00:00Z/2026-03-17T00:00:00Z,2026-03-16T00:00:00Z,2026-03-17T00:00:00Z,AmazonEC2,BoxUsage:m5.2xlarge,RunInstances,14.2959,5.656342,5.880624,Usage,us-east-1,,,prod
aad8be29-bbce-a92f-c15e-e2e0cedee1fe,2026-03-16T00:00:00Z/2026-03-17T00:00:00Z,2026-03-16T00:00:00Z,2026-03-17T00:00:00Z,AmazonEC2,BoxUsage:m5.2xlarge,RunInstances,14.7484,5.324155,5.569528,Usage,us-east-1,,,prod
f5f61f9e-bb33-0e91-15da-2575c9f19d91,2026-03-16T00:00:00Z/2026-03-17T00:00:00Z,2026-03-16T00:00:00Z,2026-03-17T00:00:00Z,AmazonEC2,BoxUsage:m5.2xlarge,RunInstances,2.4247,4.90089,4.751751,Usage,us-east-1,,,prod
0b90c553-6302-f9b0-8bb7-cf68a6e88a9c,2026-03-16T00:00:00Z/2026-03-17T00:00:00Z,2026-03-16T00:00:00Z,2026-03-17T00:00:00Z,AmazonEC2,BoxUsage:m5.2xlarge,RunInstances,17.309,6.108569,6.103589,Usage,us-east-1,,,prod
eeccdeb8-b1ac-6014-1b9a-99026744711e,2026-03-16T00:00:00Z/2026-03-17T00:00:00Z,2026-03-16T00:00:00Z,2026-03-17T00:00:00Z,AmazonEC2,BoxUsage:m5.xlarge,RunInstances,14.8651,260.893506,248.649301,Usage,us-east-1,,,prod
c051995f-65e1-7817-cf6a-66a604aac4fc,2026-03-16T00:00:00Z/2026-03-17T00:00:00Z,2026-03-16T00:00:00Z,2026-03-17T00:00:00Z,AmazonEC2,BoxUsage:m5.xlarge,RunInstances,10.622,252.567057,247.576343,Usage,us-east-1,,,prod
a4af9cbc-e792-3751-23c1-27f785dc3764,2026-03-16T00:00:00Z/2026-03-17T00:00:00Z,2026-03-16T00:00:00Z,2026-03-17T00:00:00Z,AmazonEC2,BoxUsage:m5.xlarge,RunInstances,10.1622,246.471783,247.106867,Usage,us-east-1,,,prod
89f621ad-e395-abc6-e2d2-27be89eb7ca1,2026-03-16T00:00:00Z/2026-03-17T00:00:00Z,2026-03-16T00:00:00Z,2026-03-17T00:00:00Z,AmazonEC2,BoxUsage:m5.xlarge,RunInstances,15.2296,248.81974,240.842943,Usage,us-east-1,,,prod
607139dd-5f59-c09b-e502-a5685eb2e055,2026-03-16T00:00:00Z/2026-03-17T00:00:00Z,2026-03-16T00:00:00Z,2026-03-17T00:00:00Z,AmazonEC2,BoxUsage:m5.xlarge,RunInstances,14.5897,271.789337,264.47173,Usage,us-east-1,,,prod
156e93a6-ce80-bf1c-5619-f77f24f099ed,2026-03-17T00:00:00Z/2026-03-18T00:00:00Z,2026-03-17T00:00:00Z,2026-03-18T00:00:00Z,AmazonEKS,AmazonEKS-Hours:perCluster,RunInstances,21.0968,4.739935,4.700388,Usage,us-east-1,,,prod
3b0f6fb1-d607-d8b8-f1a2-06c9c0730284,2026-03-17T00:00:00Z/2026-03-18T00:00:00Z,2026-03-17T00:00:00Z,2026-03-18T00:00:00Z,AmazonEC2,BoxUsage:m5.2xlarge,RunInstances,6.6412,5.495621,5.494501,Usage,us-east-1,,,prod
e8b7d351-8748-79fd-89b5-7640126fbbd0,2026-03-17T00:00:00Z/2026-03-18T00:00:00Z,2026-03-17T00:00:00Z,2026-03-18T00:00:00Z,AmazonEC2,BoxUsage:m5.2xlarge,RunInstances,23.7784,4.673792,4.893378,Usage,us-east-1,,,prod
77890b5b-956f-368f-bbd6-80edf4c76446,2026-03-17T00:00:00Z/2026-03-18T00:00:00Z,2026-03-17T00:00:00Z,2026-03-18T00:00:00Z,AmazonEC2,BoxUsage:m5.2xlarge,RunInstances,9.9794,4.620162,4.630098,Usage,us-east-1,,,prod
b5e09791-e351-51cd-facc-e77fe33f4bfd,2026-03-17T00:00:00Z/2026-03-18T00:00:00Z,2026-03-17T00:00:00Z,2026-03-18T00:00:00Z,AmazonEC2,BoxUsage:m5.2xlarge,RunInstances,22.309,5.880976,5.968737,Usage,us-east-1,,,prod
e77aee97-5511-8346-9740-c8ea9d22481e,2026-03-17T00:00:00Z/2026-03-18T00:00:00Z,2026-03-17T00:00:00Z,2026-03-18T00:00:00Z,AmazonEC2,BoxUsage:m5.2xlarge,RunInstances,19.909,4.916895,4.695159,Usage,us-east-1,,,prod
a75a3a47-0ae2-f838-5969-6b8fc8961962,2026-03-17T00:00:00Z/2026-03-18T00:00:00Z,2026-03-17T00:00:00Z,2026-03-18T00:00:00Z,AmazonEC2,BoxUsage:m5.2xlarge,RunInstances,13.9414,6.029558,6.289451,Usage,us-east-1,,,prod
4eba2f05-ff91-3dcc-5b36-1db28c68fb8a,2026-03-17T00:00:00Z/2026-03-18T00:00:00Z,2026-03-17T00:00:00Z,2026-03-18T00:00:00Z,AmazonEC2,BoxUsage:m5.2xlarge,RunInstances,19.9271,5.438605,5.290713,Usage,us-east-1,,,prod
f39ce3b8-2c71-0d93-45c1-c0ea7554b8aa,2026-03-17T00:00:00Z/2026-03-18T00:00:00Z,2026-03-17T00:00:00Z,2026-03-18T00:00:00Z,AmazonEC2,BoxUsage:m5.2xlarge,RunInstances,18.6693,5.814074,5.569174,Usage,us-east-1,,,prod
363f785e-201b-f7d9-c614-87cf464dc7a1,2026-03-17T00:00:00Z/2026-03-18T00:00:00Z,2026-03-17T00:00:00Z,2026-03-18T00:00:00Z,AmazonEC2,BoxUsage:m5.2xlarge,RunInstances,12.0433,5.812497,5.873977,Usage,us-east-1,,,prod
fe468e07-985c-42db-52e0-a9863d6943eb,2026-03-17T00:00:00Z/2026-03-18T00:00:00Z,2026-03-17T00:00:00Z,2026-03-18T00:00:00Z,AmazonEC2,BoxUsage:m5.2xlarge,RunInstances,18.3259,5.950852,6.220164,Usage,us-east-1,,,prod
aac23685-60c9-4185-b4d9-50e0fbfa7259,2026-03-17T00:00:00Z/2026-03-18T00:00:00Z,2026-03-17T00:00:00Z,2026-03-18T00:00:00Z,AmazonEC2,BoxUsage:m5.2xlarge,RunInstances,8.6024,4.560446,4.696161,Usage,us-east-1,,,prod
0fe0d60e-3645-a0bc-b45c-9072c45a9a81,2026-03-17T00:00:00Z/2026-03-18T00:00:00Z,2026-03-17T00:00:00Z,2026-03-18T00:00:00Z,AmazonEC2,BoxUsage:m5.2xlarge,RunInstances,1.8493,4.800114,4.605692,Usage,us-east-1,,,prod
2ed5401c-356e-d5bf-5045-87252aada3ab,2026-03-17T00:00:00Z/2026-03-18T00:00:00Z,2026-03-17T00:00:00Z,2026-03-18T00:00:00Z,AmazonEC2,BoxUsage:m5.2xlarge,RunInstances,21.7564,5.73206,5.467218,Usage,us-east-1,,,prod
3ed77c09-7336-c0a9-1e15-255d963a1a48,2026-03-17T00:00:00Z/2026-03-18T00:00:00Z,2026-03-17T00:00:00Z,2026-03-18T00:00:00Z,AmazonEC2,BoxUsage:m5.2xlarge,RunInstances,4.7911,4.741813,4.877591,Usage,us-east-1,,,prod
4b957d83-bf9c-b24c-2f4e-e65aba238cf6,2026-03-17T00:00:00Z/2026-03-18T00:00:00Z,2026-03-17T00:00:00Z,2026-03-18T00:00:00Z,AmazonEC2,BoxUsage:m5.2xlarge,RunInstances,1.7242,6.1279,6.180796,Usage,us-east-1,,,prod
40f3a890-ffa0-7eeb-7e23-e3557482ceb8,2026-03-17T00:00:00Z/2026-03-18T00:00:00Z,2026-03-17T00:00:00Z,2026-03-18T00:00:00Z,AmazonEC2,BoxUsage:m5.2xlarge,RunInstances,10.111,4.669254,4.586238,Usage,us-east-1,,,prod
1816f3c1-77d6-786b-f585-0cdd657ea3cf,2026-03-17T00:00:00Z/2026-03-18T00:00:00Z,2026-03-17T00:00:00Z,2026-03-18T00:00:00Z,AmazonEC2,BoxUsage:m5.2xlarge,RunInstances,4.6701,5.287552,5.29932,Usage,us-east-1,,,prod
96c31401-e011-d9ca-bade-9d8817e23add,2026-03-17T00:00:00Z/2026-03-18T00:00:00Z,2026-03-17T00:00:00Z,2026-03-18T00:00:00Z,AmazonEC2,BoxUsage:m5.2xlarge,RunInstances,6.8686,5.215989,5.022269,Usage,us-east-1,,,prod
a689a1b1-b6b5-8584-0e46-f2ee0e4abd1d,2026-03-17T00:00:00Z/2026-03-18T00:00:00Z,2026-03-17T00:00:00Z,2026-03-18T00:00:00Z,AmazonEC2,BoxUsage:m5.2xlarge,RunInstances,4.5777,5.240148,5.430559,Usage,us-east-1,,,prod
b3a62d46-5e9a-d080-72b8-934057069aa3,2026-03-17T00:00:00Z/2026-03-18T00:00:00Z,2026-03-17T00:00:00Z,2026-03-18T00:00:00Z,AmazonEC2,BoxUsage:m5.2xlarge,RunInstances,7.0597,4.681621,4.837661,Usage,us-east-1,,,prod
33e915a2-b64e-6ee0-b99d-19af596b6027,2026-03-17T00:00:00Z/2026-03-18T00:00:00Z,2026-03-17T00:00:00Z,2026-03-18T00:00:00Z,AmazonEC2,BoxUsage:m5.xlarge,RunInstances,14.182,294.210917,286.619388,Usage,us-east-1,,,prod
5297dad8-f380-83f0-1ab9-24433bcc3f8a,2026-03-17T00:00:00Z/2026-03-18T00:00:00Z,2026-03-17T00:00:00Z,2026-03-18T00:00:00Z,AmazonEC2,BoxUsage:m5.xlarge,RunInstances,23.9906,237.575084,229.713622,Usage,us-east-1,,,prod
3d0492a2-d1b9-d4ae-6ce8-9d1d7158b104,2026-03-17T00:00:00Z/2026-03-18T00:00:00Z,2026-03-17T00:00:00Z,2026-03-18T00:00:00Z,AmazonEC2,BoxUsage:m5.xlarge,RunInstances,5.8675,247.79484,256.20436,Usage,us-east-1,,,prod
bab811ef-14c0-c7e6-14ac-945f6db67103,2026-03-17T00:00:00Z/2026-03-18T00:00:00Z,2026-03-17T00:00:00Z,2026-03-18T00:00:00Z,AmazonEC2,BoxUsage:m5.xlarge,RunInstances,21.1471,277.325096,269.059094,Usage,us-east-1,,,prod
bf1a84fa-744d-0ec1-94a0-0ecb53e017c2,2026-03-17T00:00:00Z/2026-03-18T00:00:00Z,2026-03-17T00:00:00Z,2026-03-18T00:00:00Z,AmazonEC2,BoxUsage:m5.xlarge,RunInstances,15.2599,278.749991,289.076505,Usage,us-east-1,,,prod
636730b4-fb28-d9ca-424c-3bfa12f7c5d1,2026-03-18T00:00:00Z/2026-03-19T00:00:00Z,2026-03-18T00:00:00Z,2026-03-19T00:00:00Z,AmazonEKS,AmazonEKS-Hours:perCluster,RunInstances,11.2244,4.649807,4.566792,Usage,us-east-1,,,prod
480e0d4c-66c9-86df-8d44-b93f0ea3e372,2026-03-18T00:00:00Z/2026-03-19T00:00:00Z,2026-03-18T00:00:00Z,2026-03-19T00:00:00Z,AmazonEC2,BoxUsage:m5.2xlarge,RunInstances,16.77,6.005242,6.043649,Usage,us-east-1,,,prod
eb7bf599-3b8f-09e8-b95d-2f3e22723840,2026-03-18T00:00:00Z/2026-03-19T00:00:00Z,2026-03-18T00:00:00Z,2026-03-19T00:00:00Z,AmazonEC2,BoxUsage:m5.2xlarge,RunInstances,18.0256,5.91523,5.87315,Usage,us-east-1,,,prod
15e207c0-0ac4-b067-8428-7e058392e8e9,2026-03-18T00:00:00Z/2026-03-19T00:00:00Z,2026-03-18T00:00:00Z,2026-03-19T00:00:00Z,AmazonEC2,BoxUsage:m5.2xlarge,RunInstances,14.1037,5.485212,5.632347,Usage,us-east-1,,,prod
edd6b281-88ad-2dde-28c1-c3b33dec3557,2026-03-18T00:00:00Z/2026-03-19T00:00:00Z,2026-03-18T00:00:00Z,2026-03-19T00:00:00Z,AmazonEC2,BoxUsage:m5.2xlarge,RunInstances,4.2978,5.562129,5.736675,Usage,us-east-1,,,prod
f593596a-abf8-4964-5a09-c8aa8c9ed495,2026-03-18T00:00:00Z/2026-03-19T00:00:00Z,2026-03-18T00:00:00Z,2026-03-19T00:00:00Z,AmazonEC2,BoxUsage:m5.2xlarge,RunInstances,3.0544,4.61131,4.418361,Usage,us-east-1,,,prod
914b70a6-b183-554e-46c3-5a04207865a7,2026-03-18T00:00:00Z/2026-03-19T00:00:00Z,2026-03-18T00:00:00Z,2026-03-19T00:00:00Z,AmazonEC2,BoxUsage:m5.2xlarge,RunInstances,18.861,5.998605,6.179991,Usage,us-east-1,,,prod
d8bc9677-7557-46d9-1a87-90b3715dcbd1,2026-03-18T00:00:00Z/2026-03-19T00:00:00Z,2026-03-18T00:00:00Z,2026-03-19T00:00:00Z,AmazonEC2,BoxUsage:m5.2xlarge,RunInstances,20.5178,5.557277,5.30357,Usage,us-east-1,,,prod
f1a8e9dd-2205-bc44-9245-58da5409d91d,2026-03-18T00:00:00Z/2026-03-19T00:00:00Z,2026-03-18T00:00:00Z,2026-03-19T00:00:00Z,AmazonEC2,BoxUsage:m5.2xlarge,RunInstances,10.3593,4.761882,4.529357,Usage,us-east-1,,,prod
2cfa6041-80d9-ff53-073c-ff2a8103c78b,2026-03-18T00:00:00Z/2026-03-19T00:00:00Z,2026-03-18T00:00:00Z,2026-03-19T00:00:00Z,AmazonEC2,BoxUsage:m5.2xlarge,RunInstances,3.344,4.830638,4.745271,Usage,us-east-1,,,prod
3b18a3e8-95d7-c055-4e6d-e7e678b92b9e,2026-03-18T00:00:00Z/2026-03-19T00:00:00Z,2026-03-18T00:00:00Z,2026-03-19T00:00:00Z,AmazonEC2,BoxUsage:m5.2xlarge,RunInstances,3.8857,6.025216,5.985209,Usage,us-east-1,,,prod
3fcbee31-d0fe-bf7e-196d-f60e7d48b28e,2026-03-18T00:00:00Z/2026-03-19T00:00:00Z,2026-03-18T00:00:00Z,2026-03-19T00:00:00Z,AmazonEC2,BoxUsage:m5.2xlarge,RunInstances,7.1312,5.705961,5.755958,Usage,us-east-1,,,prod
cc7f4b74-68a9-1477-f4ce-4a8d9a745c92,2026-03-18T00:00:00Z/2026-03-19T00:00:00Z,2026-03-18T00:00:00Z,2026-03-19T00:00:00Z,AmazonEC2,BoxUsage:m5.2xlarge,RunInstances,12.3036,5.722718,5.587702,Usage,us-east-1,,,prod
4ba832d9-64f0-53c3-1ec5-d927eb526f33,2026-03-18T00:00:00Z/2026-03-19T00:00:00Z,2026-03-18T00:00:00Z,2026-03-19T00:00:00Z,AmazonEC2,BoxUsage:m5.2xlarge,RunInstances,3.1324,4.668948,4.795213,Usage,us-east-1,,,prod
6c643ca7-9583-c8dd-9689-b9ccc695477e,2026-03-18T00:00:00Z/2026-03-19T00:00:00Z,2026-03-18T00:00:00Z,2026-03-19T00:00:00Z,AmazonEC2,BoxUsage:m5.2xlarge,RunInstances,20.8666,5.08989,5.104496,Usage,us-east-1,,,prod
efd54c5a-0ea4-344d-61cf-156cb07ab709,2026-03-18T00:00:00Z/2026-03-19T00:00:00Z,2026-03-18T00:00:00Z,2026-03-19T00:00:00Z,AmazonEC2,BoxUsage:m5.2xlarge,RunInstances,3.9915,5.109236,4.995371,Usage,us-east-1,,,prod
d8cdcc3e-7b0b-7693-cb44-3b5003de973f,2026-03-18T00:00:00Z/2026-03-19T00:00:00Z,2026-03-18T00:00:00Z,2026-03-19T00:00:00Z,AmazonEC2,BoxUsage:m5.2xlarge,RunInstances,10.8618,5.482321,5.329357,Usage,us-east-1,,,prod
e05f7326-eccb-950e-4df5-30426d033096,2026-03-18T00:00:00Z/2026-03-19T00:00:00Z,2026-03-18T00:00:00Z,2026-03-19T00:00:00Z,AmazonEC2,BoxUsage:m5.2xlarge,RunInstances,16.0166,5.522601,5.597201,Usage,us-east-1,,,prod
e3ac77e1-4995-aa04-75ea-11b8ec3ff225,2026-03-18T00:00:00Z/2026-03-19T00:00:00Z,2026-03-18T00:00:00Z,2026-03-19T00:00:00Z,AmazonEC2,BoxUsage:m5.2xlarge,RunInstances,13.2017,5.257998,5.25543,Usage,us-east-1,,,prod
091d07f3-b2da-1fd3-5531-45e9dd8074ee,2026-03-18T00:00:00Z/2026-03-19T00:00:00Z,2026-03-18T00:00:00Z,2026-03-19T00:00:00Z,AmazonEC2,BoxUsage:m5.2xlarge,RunInstances,21.5755,4.686424,4.473424,Usage,us-east-1,,,prod
d2ae5eb5-375c-c0ff-fc4a-deed48acf7d9,2026-03-18T00:00:00Z/2026-03-19T00:00:00Z,2026-03-18T00:00:00Z,2026-03-19T00:00:00Z,AmazonEC2,BoxUsage:m5.2xlarge,RunInstances,7.3328,5.748324,5.738958,Usage,us-east-1,,,prod
e894987e-ed47-236c-4a9a-4d66dc7c72a2,2026-03-18T00:00:00Z/2026-03-19T00:00:00Z,2026-03-18T00:00:00Z,2026-03-19T00:00:00Z,AmazonEC2,BoxUsage:m5.xlarge,RunInstances,2.0899,297.285634,300.09519,Usage,us-east-1,,,prod
f0332c2d-4edd-902f-a2c7-9bfdbb1bd7f0,2026-03-18T00:00:00Z/2026-03-19T00:00:00Z,2026-03-18T00:00:00Z,2026-03-19T00:00:00Z,AmazonEC2,BoxUsage:m5.xlarge,RunInstances,8.3385,253.115648,264.685298,Usage,us-east-1,,,prod
4d867545-68f2-b5cc-6bd5-91d9f19b598e,2026-03-18T00:00:00Z/2026-03-19T00:00:00Z,2026-03-18T00:00:00Z,2026-03-19T00:00:00Z,AmazonEC2,BoxUsage:m5.xlarge,RunInstances,19.1963,267.84252,270.962976,Usage,us-east-1,,,prod
06eb8e8b-cd50-3542-d667-7c1cccbcb610,2026-03-18T00:00:00Z/2026-03-19T00:00:00Z,2026-03-18T00:00:00Z,2026-03-19T00:00:00Z,AmazonEC2,BoxUsage:m5.xlarge,RunInstances,15.555,297.508503,302.89995,Usage,us-east-1,,,prod
560962b7-4a3c-ae6d-e95f-dbe699c3ab5b,2026-03-18T00:00:00Z/2026-03-19T00:00:00Z,2026-03-18T00:00:00Z,2026-03-19T00:00:00Z,AmazonEC2,BoxUsage:m5.xlarge,RunInstances,13.0791,231.938398,224.500039,Usage,us-east-1,,,prod
