identity/LineItemId,identity/TimeInterval,lineItem/UsageStartDate,lineItem/UsageEndDate,lineItem/ProductCode,lineItem/UsageType,lineItem/Operation,lineItem/UsageAmount,lineItem/UnblendedCost,lineItem/BlendedCost,lineItem/LineItemType,product/region,resourceTags/user:Service,resourceTags/user:Team,resourceTags/user:Env
e55b22dd-7322-3b5b-5418-ccdfb10f88c5,2026-02-17T00:00:00Z/2026-02-18T00:00:00Z,2026-02-17T00:00:00Z,2026-02-18T00:00:00Z,AmazonEKS,AmazonEKS-Hours:perCluster,RunInstances,3.0604,5.909024,6.172475,Usage,us-east-1,,,prod
bd091adb-dd57-7adb-1e47-37e076d26325,2026-02-17T00:00:00Z/2026-02-18T00:00:00Z,2026-02-17T00:00:00Z,2026-02-18T00:00:00Z,AmazonEC2,BoxUsage:m5.2xlarge,RunInstances,23.2725,5.704451,5.814678,Usage,us-east-1,,,prod
a6672a93-91f7-7234-2588-fe364221e202,2026-02-17T00:00:00Z/2026-02-18T00:00:00Z,2026-02-17T00:00:00Z,2026-02-18T00:00:00Z,AmazonEC2,BoxUsage:m5.2xlarge,RunInstances,6.1559,5.611092,5.403018,Usage,us-east-1,,,prod
0b93d256-53ab-321f-a061-7ac0e5698108,2026-02-17T00:00:00Z/2026-02-18T00:00:00Z,2026-02-17T00:00:00Z,2026-02-18T00:00:00Z,AmazonEC2,BoxUsage:m5.2xlarge,RunInstances,6.7812,5.439519,5.590694,Usage,us-east-1,,,prod
f15d5166-4887-967f-80fa-c7d176f4d649,2026-02-17T00:00:00Z/2026-02-18T00:00:00Z,2026-02-17T00:00:00Z,2026-02-18T00:00:00Z,AmazonEC2,BoxUsage:m5.2xlarge,RunInstances,21.6419,4.699069,4.764223,Usage,us-east-1,,,prod
ca44f8ac-f28a-c3da-aaed-9dcececb326e,2026-02-17T00:00:00Z/2026-02-18T00:00:00Z,2026-02-17T00:00:00Z,2026-02-18T00:00:00Z,AmazonEC2,BoxUsage:m5.2xlarge,RunInstances,4.6017,5.302348,5.075192,Usage,us-east-1,,,prod
36318d87-4cf4-983d-908b-6bf6528b0ba3,2026-02-17T00:00:00Z/2026-02-18T00:00:00Z,2026-02-17T00:00:00Z,2026-02-18T00:00:00Z,AmazonEC2,BoxUsage:m5.2xlarge,RunInstances,17.3975,5.958162,6.076305,Usage,us-east-1,,,prod
465999dc-d819-a630-8340-898edb965aca,2026-02-17T00:00:00Z/2026-02-18T00:00:00Z,2026-02-17T00:00:00Z,2026-02-18T00:00:00Z,AmazonEC2,BoxUsage:m5.2xlarge,RunInstances,7.4117,5.17721,5.130693,Usage,us-east-1,,,prod
554b234d-a6d4-96b1-2d63-73d1a8ac0391,2026-02-17T00:00:00Z/2026-02-18T00:00:00Z,2026-02-17T00:00:00Z,2026-02-18T00:00:00Z,AmazonEC2,BoxUsage:m5.2xlarge,RunInstances,12.7098,5.688933,5.703017,Usage,us-east-1,,,prod
4c2ee28d-e67c-1b57-6030-e95a5dea9cd1,2026-02-17T00:00:00Z/2026-02-18T00:00:00Z,2026-02-17T00:00:00Z,2026-02-18T00:00:00Z,AmazonEC2,BoxUsage:m5.2xlarge,RunInstances,14.2681,5.945869,6.093243,Usage,us-east-1,,,prod
01d979c7-5447-2992-44c5-15eaad169082,2026-02-17T00:00:00Z/2026-02-18T00:00:00Z,2026-02-17T00:00:00Z,2026-02-18T00:00:00Z,AmazonEC2,BoxUsage:m5.2xlarge,RunInstances,7.7628,5.250962,5.239358,Usage,us-east-1,,,prod
dd078f03-2d33-4d5b-bc04-e7b7700f6523,2026-02-17T00:00:00Z/2026-02-18T00:00:00Z,2026-02-17T00:00:00Z,2026-02-18T00:00:00Z,AmazonEC2,BoxUsage:m5.2xlarge,RunInstances,4.8609,5.252109,5.493096,Usage,us-east-1,,,prod
fff09598-a2c9-ea62-686b-76033685a9ab,2026-02-17T00:00:00Z/2026-02-18T00:00:00Z,2026-02-17T00:00:00Z,2026-02-18T00:00:00Z,AmazonEC2,BoxUsage:m5.2xlarge,RunInstances,1.2756,4.643313,4.571162,Usage,us-east-1,,,prod
83c387d9-512a-bbe1-73b6-2c68f95e1501,2026-02-17T00:00:00Z/2026-02-18T00:00:00Z,2026-02-17T00:00:00Z,2026-02-18T00:00:00Z,AmazonEC2,BoxUsage:m5.2xlarge,RunInstances,15.6169,5.37149,5.509621,Usage,us-east-1,,,prod
5aaa4fa4-720a-bcbc-ef88-7d88e7a5a4ac,2026-02-17T00:00:00Z/2026-02-18T00:00:00Z,2026-02-17T00:00:00Z,2026-02-18T00:00:00Z,AmazonEC2,BoxUsage:m5.2xlarge,RunInstances,19.9316,4.922409,4.935508,Usage,us-east-1,,,prod
f0a03bf1-d8bb-8aef-9f3b-7c3542fc638d,2026-02-17T00:00:00Z/2026-02-18T00:00:00Z,2026-02-17T00:00:00Z,2026-02-18T00:00:00Z,AmazonEC2,BoxUsage:m5.2xlarge,RunInstances,23.2898,5.445714,5.374314,Usage,us-east-1,,,prod
ed6c7f3f-75f4-23a8-320a-478da36dd89d,2026-02-17T00:00:00Z/2026-02-18T00:00:00Z,2026-02-17T00:00:00Z,2026-02-18T00:00:00Z,AmazonEC2,BoxUsage:m5.2xlarge,RunInstances,9.9065,5.648661,5.790313,Usage,us-east-1,,,prod
3f4fa7b3-d07b-aaf4-a5f2-d979d5aa0047,2026-02-17T00:00:00Z/2026-02-18T00:00:00Z,2026-02-17T00:00:00Z,2026-02-18T00:00:00Z,AmazonEC2,BoxUsage:m5.2xlarge,RunInstances,11.0419,6.03786,6.30388,Usage,us-east-1,,,prod
4e1fa995-4386-67ef-b85f-a3aea5345a98,2026-02-17T00:00:00Z/2026-02-18T00:00:00Z,2026-02-17T00:00:00Z,2026-02-18T00:00:00Z,AmazonEC2,BoxUsage:m5.2xlarge,RunInstances,11.7078,4.824151,4.978224,Usage,us-east-1,,,prod
47f19a34-1d09-d720-8201-cf650d0c73f4,2026-02-17T00:00:00Z/2026-02-18T00:00:00Z,2026-02-17T00:00:00Z,2026-02-18T00:00:00Z,AmazonEC2,BoxUsage:m5.2xlarge,RunInstances,4.3894,4.580767,4.415871,Usage,us-east-1,,,prod
7b40da89-16b0-f1cb-9afd-659d8bdaac99,2026-02-17T00:00:00Z/2026-02-18T00:00:00Z,2026-02-17T00:00:00Z,2026-02-18T00:00:00Z,AmazonEC2,BoxUsage:m5.2xlarge,RunInstances,20.207,4.794684,4.684063,Usage,us-east-1,,,prod
10ff3771-f545-20b7-b82b-529d2f80f75b,2026-02-17T00:00:00Z/2026-02-18T00:00:00Z,2026-02-17T00:00:00Z,2026-02-18T00:00:00Z,AmazonEC2,BoxUsage:m5.xlarge,RunInstances,21.3443,136.886986,132.157493,Usage,us-east-1,,,prod
7fd980a6-f403-4a2c-6298-da80a51b35bb,2026-02-17T00:00:00Z/2026-02-18T00:00:00Z,2026-02-17T00:00:00Z,2026-02-18T00:00:00Z,AmazonEC2,BoxUsage:m5.xlarge,RunInstances,10.5045,148.956924,154.780551,Usage,us-east-1,,,prod
6cb4bdc4-eea9-bc2d-0c3e-9fb9bcab2e31,2026-02-17T00:00:00Z/2026-02-18T00:00:00Z,2026-02-17T00:00:00Z,2026-02-18T00:00:00Z,AmazonEC2,BoxUsage:m5.xlarge,RunInstances,17.5008,160.08025,163.936329,Usage,us-east-1,,,prod
e53cd7ee-8da7-5add-c7c4-092cefd7957f,2026-02-17T00:00:00Z/2026-02-18T00:00:00Z,2026-02-17T00:00:00Z,2026-02-18T00:00:00Z,AmazonEC2,BoxUsage:m5.xlarge,RunInstances,11.0261,162.846994,160.346143,Usage,us-east-1,,,prod
96ffde53-3d59-6a92-fb51-30e1188b699d,2026-02-17T00:00:00Z/2026-02-18T00:00:00Z,2026-02-17T00:00:00Z,2026-02-18T00:00:00Z,AmazonEC2,BoxUsage:m5.xlarge,RunInstances,18.461,135.882405,131.155162,Usage,us-east-1,,,prod
bc3e440b-25eb-d27c-ca6a-661df58ebff8,2026-02-18T00:00:00Z/2026-02-19T00:00:00Z,2026-02-18T00:00:00Z,2026-02-19T00:00:00Z,AmazonEKS,AmazonEKS-Hours:perCluster,RunInstances,16.2207,5.91229,5.720856,Usage,us-east-1,,,prod
04c1aa09-0e95-fef1-57d8-f203b143a538,2026-02-18T00:00:00Z/2026-02-19T00:00:00Z,2026-02-18T00:00:00Z,2026-02-19T00:00:00Z,AmazonEC2,BoxUsage:m5.2xlarge,RunInstances,19.4443,5.739102,5.644354,Usage,us-east-1,,,prod
21286a87-dc38-f99b-e970-af35de563839,2026-02-18T00:00:00Z/2026-02-19T00:00:00Z,2026-02-18T00:00:00Z,2026-02-19T00:00:00Z,AmazonEC2,BoxUsage:m5.2xlarge,RunInstances,11.2541,4.736346,4.901929,Usage,us-east-1,,,prod
647bc1bf-ce31-b0ef-2eb1-404be715add2,2026-02-18T00:00:00Z/2026-02-19T00:00:00Z,2026-02-18T00:00:00Z,2026-02-19T00:00:00Z,AmazonEC2,BoxUsage:m5.2xlarge,RunInstances,12.0733,5.352391,5.466709,Usage,us-east-1,,,prod
bb549afa-56d3-18bd-8cf7-b00488d0b589,2026-02-18T00:00:00Z/2026-02-19T00:00:00Z,2026-02-18T00:00:00Z,2026-02-19T00:00:00Z,AmazonEC2,BoxUsage:m5.2xlarge,RunInstances,23.6464,4.714082,4.789672,Usage,us-east-1,,,prod
0c7eda5c-078d-5b7b-3bbb-789c7d2c2a25,2026-02-18T00:00:00Z/2026-02-19T00:00:00Z,2026-02-18T00:00:00Z,2026-02-19T00:00:00Z,AmazonEC2,BoxUsage:m5.2xlarge,RunInstances,14.6069,5.237275,5.118247,Usage,us-east-1,,,prod
5377e9c2-665b-7407-f885-5d758da32ddc,2026-02-18T00:00:00Z/2026-02-19T00:00:00Z,2026-02-18T00:00:00Z,2026-02-19T00:00:00Z,AmazonEC2,BoxUsage:m5.2xlarge,RunInstances,10.5079,4.97239,4.86269,Usage,us-east-1,,,prod
15b37926-8ecc-1450-fa51-ad8fca1b190e,2026-02-18T00:00:00Z/2026-02-19T00:00:00Z,2026-02-18T00:00:00Z,2026-02-19T00:00:00Z,AmazonEC2,BoxUsage:m5.2xlarge,RunInstances,15.2499,5.795246,5.783127,Usage,us-east-1,,,prod
d44bb095-5d77-5105-4ceb-477f1cadfed6,2026-02-18T00:00:00Z/2026-02-19T00:00:00Z,2026-02-18T00:00:00Z,2026-02-19T00:00:00Z,AmazonEC2,BoxUsage:m5.2xlarge,RunInstances,9.5713,5.450784,5.48024,Usage,us-east-1,,,prod
d9cd4172-d0c3-3687-0c2b-6bb65f23541b,2026-02-18T00:00:00Z/2026-02-19T00:00:00Z,2026-02-18T00:00:00Z,2026-02-19T00:00:00Z,AmazonEC2,BoxUsage:m5.2xlarge,RunInstances,20.7836,4.858858,5.059323,Usage,us-east-1,,,prod
b74ba90e-cb20-4a4d-41e5-092ea34dedf5,2026-02-18T00:00:00Z/2026-02-19T00:00:00Z,2026-02-18T00:00:00Z,2026-02-19T00:00:00Z,AmazonEC2,BoxUsage:m5.2xlarge,RunInstances,16.4911,5.579084,5.467409,Usage,us-east-1,,,prod
fdfabb9f-eafa-51d4-f10f-14a2f8ecdd71,2026-02-18T00:00:00Z/2026-02-19T00:00:00Z,2026-02-18T00:00:00Z,2026-02-19T00:00:00Z,AmazonEC2,BoxUsage:m5.2xlarge,RunInstances,19.163,5.460286,5.706875,Usage,us-east-1,,,prod
69fb2517-09dc-1a58-0006-c4056b591bda,2026-02-18T00:00:00Z/2026-02-19T00:00:00Z,2026-02-18T00:00:00Z,2026-02-19T00:00:00Z,AmazonEC2,BoxUsage:m5.2xlarge,RunInstances,21.44,5.818254,5.619889,Usage,us-east-1,,,prod
ad9747a5-6d88-3a5c-277a-06e3ca3b32f7,2026-02-18T00:00:00Z/2026-02-19T00:00:00Z,2026-02-18T00:00:00Z,2026-02-19T00:00:00Z,AmazonEC2,BoxUsage:m5.2xlarge,RunInstances,7.9217,4.563086,4.5588,Usage,us-east-1,,,prod
0f7deac8-2611-d27f-a45f-b887e1accd17,2026-02-18T00:00:00Z/2026-02-19T00:00:00Z,2026-02-18T00:00:00Z,2026-02-19T00:00:00Z,AmazonEC2,BoxUsage:m5.2xlarge,RunInstances,15.3972,4.769755,4.741522,Usage,us-east-1,,,prod
931a9a5e-592a-76f1-b467-c0c6acceca54,2026-02-18T00:00:00Z/2026-02-19T00:00:00Z,2026-02-18T00:00:00Z,2026-02-19T00:00:00Z,AmazonEC2,BoxUsage:m5.2xlarge,RunInstances,11.7267,5.88776,5.695824,Usage,us-east-1,,,prod
0f674054-579c-a787-4826-ea769f344008,2026-02-18T00:00:00Z/2026-02-19T00:00:00Z,2026-02-18T00:00:00Z,2026-02-19T00:00:00Z,AmazonEC2,BoxUsage:m5.2xlarge,RunInstances,15.5018,4.902932,5.096717,Usage,us-east-1,,,prod
a374a78d-187b-67ba-b5bd-10d0a24e07c5,2026-02-18T00:00:00Z/2026-02-19T00:00:00Z,2026-02-18T00:00:00Z,2026-02-19T00:00:00Z,AmazonEC2,BoxUsage:m5.2xlarge,RunInstances,10.4785,4.953164,5.028051,Usage,us-east-1,,,prod
d06bfe07-018c-272e-96ea-0bdfe5447053,2026-02-18T00:00:00Z/2026-02-19T00:00:00Z,2026-02-18T00:00:00Z,2026-02-19T00:00:00Z,AmazonEC2,BoxUsage:m5.2xlarge,RunInstances,12.3732,4.609887,4.567195,Usage,us-east-1,,,prod
325681ac-43ba-67ac-4b87-d110f47d112f,2026-02-18T00:00:00Z/2026-02-19T00:00:00Z,2026-02-18T00:00:00Z,2026-02-19T00:00:00Z,AmazonEC2,BoxUsage:m5.2xlarge,RunInstances,17.1338,5.290239,5.533774,Usage,us-east-1,,,prod
8deae9d2-b804-c764-22c0-e8b1f88c1795,2026-02-18T00:00:00Z/2026-02-19T00:00:00Z,2026-02-18T00:00:00Z,2026-02-19T00:00:00Z,AmazonEC2,BoxUsage:m5.2xlarge,RunInstances,5.6184,4.746167,4.822978,Usage,us-east-1,,,prod
667cb195-40c7-d4ed-f1bf-eff92e83f83c,2026-02-18T00:00:00Z/2026-02-19T00:00:00Z,2026-02-18T00:00:00Z,2026-02-19T00:00:00Z,AmazonEC2,BoxUsage:m5.xlarge,RunInstances,15.7271,150.414018,149.733169,Usage,us-east-1,,,prod
06410618-c23c-6ceb-b9ee-f30a65b853b4,2026-02-18T00:00:00Z/2026-02-19T00:00:00Z,2026-02-18T00:00:00Z,2026-02-19T00:00:00Z,AmazonEC2,BoxUsage:m5.xlarge,RunInstances,6.6079,140.445933,145.127331,Usage,us-east-1,,,prod
0560a21e-25be-1548-46a9-6b25d01b3d57,2026-02-18T00:00:00Z/2026-02-19T00:00:00Z,2026-02-18T00:00:00Z,2026-02-19T00:00:00Z,AmazonEC2,BoxUsage:m5.xlarge,RunInstances,16.7733,132.757096,133.386642,Usage,us-east-1,,,prod
63b708b1-e44c-a390-ad3b-c4b27b060ff6,2026-02-18T00:00:00Z/2026-02-19T00:00:00Z,2026-02-18T00:00:00Z,2026-02-19T00:00:00Z,AmazonEC2,BoxUsage:m5.xlarge,RunInstances,17.3221,129.497593,127.361266,Usage,us-east-1,,,prod
eccb7457-b77d-ac6e-a037-3e865ea7cd4b,2026-02-18T00:00:00Z/2026-02-19T00:00:00Z,2026-02-18T00:00:00Z,2026-02-19T00:00:00Z,AmazonEC2,BoxUsage:m5.xlarge,RunInstances,15.4861,153.613593,152.395133,Usage,us-east-1,,,prod
8e364001-eb93-2c72-8882-33e91bcb1827,2026-02-19T00:00:00Z/2026-02-20T00:00:00Z,2026-02-19T00:00:00Z,2026-02-20T00:00:00Z,AmazonEKS,AmazonEKS-Hours:perCluster,RunInstances,12.6723,5.266817,5.34914,Usage,us-east-1,,,prod
fc41521b-684e-cee0-7679-e87e91186cd0,2026-02-19T00:00:00Z/2026-02-20T00:00:00Z,2026-02-19T00:00:00Z,2026-02-20T00:00:00Z,AmazonEC2,BoxUsage:m5.2xlarge,RunInstances,9.6879,5.123208,5.263579,Usage,us-east-1,,,prod
d4f96785-aefb-42d4-ad2e-dff380d1cbd3,2026-02-19T00:00:00Z/2026-02-20T00:00:00Z,2026-02-19T00:00:00Z,2026-02-20T00:00:00Z,AmazonEC2,BoxUsage:m5.2xlarge,RunInstances,19.586,5.231848,5.392283,Usage,us-east-1,,,prod
e15ccea5-6da5-b6c4-c000-c5ee134142f7,2026-02-19T00:00:00Z/2026-02-20T00:00:00Z,2026-02-19T00:00:00Z,2026-02-20T00:00:00Z,AmazonEC2,BoxUsage:m5.2xlarge,RunInstances,20.4528,5.030748,5.204461,Usage,us-east-1,,,prod
8238bec8-dbe9-5ce6-79de-d674532b2fba,2026-02-19T00:00:00Z/2026-02-20T00:00:00Z,2026-02-19T00:00:00Z,2026-02-20T00:00:00Z,AmazonEC2,BoxUsage:m5.2xlarge,RunInstances,2.4486,5.804559,5.771929,Usage,us-east-1,,,prod
efcbf7e9-534e-4e12-45d1-1fcc3ae862f2,2026-02-19T00:00:00Z/2026-02-20T00:00:00Z,2026-02-19T00:00:00Z,2026-02-20T00:00:00Z,AmazonEC2,BoxUsage:m5.2xlarge,RunInstances,18.5778,5.802904,5.722909,Usage,us-east-1,,,prod
e9c573eb-e43d-0b72-af1a-01aae5ca7bc5,2026-02-19T00:00:00Z/2026-02-20T00:00:00Z,2026-02-19T00:00:00Z,2026-02-20T00:00:00Z,AmazonEC2,BoxUsage:m5.2xlarge,RunInstances,13.5002,5.139319,5.058812,Usage,us-east-1,,,prod
6c05158d-eb7b-707e-9486-265f7379fbb6,2026-02-19T00:00:00Z/2026-02-20T00:00:00Z,2026-02-19T00:00:00Z,2026-02-20T00:00:00Z,AmazonEC2,BoxUsage:m5.2xlarge,RunInstances,12.4188,4.74816,4.595112,Usage,us-east-1,,,prod
b121b93a-c0aa-9c2d-bee8-5516394c9c86,2026-02-19T00:00:00Z/2026-02-20T00:00:00Z,2026-02-19T00:00:00Z,2026-02-20T00:00:00Z,AmazonEC2,BoxUsage:m5.2xlarge,RunInstances,3.0997,5.67475,5.484656,Usage,us-east-1,,,prod
0e20843a-d69c-0481-072d-e47f41741e18,2026-02-19T00:00:00Z/2026-02-20T00:00:00Z,2026-02-19T00:00:00Z,2026-02-20T00:00:00Z,AmazonEC2,BoxUsage:m5.2xlarge,RunInstances,2.5866,4.805646,4.769602,Usage,us-east-1,,,prod
8d82417f-53a5-e726-a10e-dadc03fecd4d,2026-02-19T00:00:00Z/2026-02-20T00:00:00Z,2026-02-19T00:00:00Z,2026-02-20T00:00:00Z,AmazonEC2,BoxUsage:m5.2xlarge,RunInstances,16.6126,5.76516,5.621231,Usage,us-east-1,,,prod
9421c264-e394-4487-61fd-be69fc87b14b,2026-02-19T00:00:00Z/2026-02-20T00:00:00Z,2026-02-19T00:00:00Z,2026-02-20T00:00:00Z,AmazonEC2,BoxUsage:m5.2xlarge,RunInstances,7.5382,5.218188,5.304835,Usage,us-east-1,,,prod
88ffc18b-a9f0-6d55-a407-fb2a09eb63bc,2026-02-19T00:00:00Z/2026-02-20T00:00:00Z,2026-02-19T00:00:00Z,2026-02-20T00:00:00Z,AmazonEC2,BoxUsage:m5.2xlarge,RunInstances,21.2929,4.989202,4.760767,Usage,us-east-1,,,prod
a117f91c-c7cc-6ec7-80e5-3b0b7f30ad1c,2026-02-19T00:00:00Z/2026-02-20T00:00:00Z,2026-02-19T00:00:00Z,2026-02-20T00:00:00Z,AmazonEC2,BoxUsage:m5.2xlarge,RunInstances,7.4261,4.894782,5.00834,Usage,us-east-1,,,prod
77d70588-4d96-590b-8bce-462b954db8f6,2026-02-19T00:00:00Z/2026-02-20T00:00:00Z,2026-02-19T00:00:00Z,2026-02-20T00:00:00Z,AmazonEC2,BoxUsage:m5.2xlarge,RunInstances,9.8054,4.864588,4.842233,Usage,us-east-1,,,prod
224f93f4-be08-a209-1594-47c89ac95261,2026-02-19T00:00:00Z/2026-02-20T00:00:00Z,2026-02-19T00:00:00Z,2026-02-20T00:00:00Z,AmazonEC2,BoxUsage:m5.2xlarge,RunInstances,15.8015,5.115998,4.94026,Usage,us-east-1,,,prod
5b50821b-4b46-c430-977b-a77dd3687ea4,2026-02-19T00:00:00Z/2026-02-20T00:00:00Z,2026-02-19T00:00:00Z,2026-02-20T00:00:00Z,AmazonEC2,BoxUsage:m5.2xlarge,RunInstances,16.2951,4.860127,4.987145,Usage,us-east-1,,,prod
9019d376-8cec-be50-1e0c-40756268e1bd,2026-02-19T00:00:00Z/2026-02-20T00:00:00Z,2026-02-19T00:00:00Z,2026-02-20T00:00:00Z,AmazonEC2,BoxUsage:m5.2xlarge,RunInstances,21.5007,5.838684,6.106714,Usage,us-east-1,,,prod
ea4d4aeb-7463-3ea7-dc2e-57e569c951d5,2026-02-19T00:00:00Z/2026-02-20T00:00:00Z,2026-02-19T00:00:00Z,2026-02-20T00:00:00Z,AmazonEC2,BoxUsage:m5.2xlarge,RunInstances,23.3437,6.099493,6.374169,Usage,us-east-1,,,prod
45146a3d-5150-4614-039e-ef074650acfb,2026-02-19T00:00:00Z/2026-02-20T00:00:00Z,2026-02-19T00:00:00Z,2026-02-20T00:00:00Z,AmazonEC2,BoxUsage:m5.2xlarge,RunInstances,6.2736,5.976254,5.96373,Usage,us-east-1,,,prod
9235c355-7f04-4da5-589f-73249a063642,2026-02-19T00:00:00Z/2026-02-20T00:00:00Z,2026-02-19T00:00:00Z,2026-02-20T00:00:00Z,AmazonEC2,BoxUsage:m5.2xlarge,RunInstances,11.8124,5.730805,5.99902,Usage,us-east-1,,,prod
d64ea4d4-e2b8-4f9e-8644-2280182b8f63,2026-02-19T00:00:00Z/2026-02-20T00:00:00Z,2026-02-19T00:00:00Z,2026-02-20T00:00:00Z,AmazonEC2,BoxUsage:m5.xlarge,RunInstances,18.0705,145.410737,142.033625,Usage,us-east-1,,,prod
565ef9e6-0948-179b-1e10-22296236cf66,2026-02-19T00:00:00Z/2026-02-20T00:00:00Z,2026-02-19T00:00:00Z,2026-02-20T00:00:00Z,AmazonEC2,BoxUsage:m5.xlarge,RunInstances,7.8363,162.048542,165.43674,Usage,us-east-1,,,prod
2de69438-c872-fffb-c62f-1f241e91c20e,2026-02-19T00:00:00Z/2026-02-20T00:00:00Z,2026-02-19T00:00:00Z,2026-02-20T00:00:00Z,AmazonEC2,BoxUsage:m5.xlarge,RunInstances,21.9791,160.150672,162.96443,Usage,us-east-1,,,prod
db5012f0-c402-711f-07c3-a149231296f1,2026-02-19T00:00:00Z/2026-02-20T00:00:00Z,2026-02-19T00:00:00Z,2026-02-20T00:00:00Z,AmazonEC2,BoxUsage:m5.xlarge,RunInstances,3.0349,126.811955,130.067597,Usage,us-east-1,,,prod
ebc8b89a-17f9-6f73-2d9a-0d5c1248b601,2026-02-19T00:00:00Z/2026-02-20T00:00:00Z,2026-02-19T00:00:00Z,2026-02-20T00:00:00Z,AmazonEC2,BoxUsage:m5.xlarge,RunInstances,23.8402,134.767179,129.158,Usage,us-east-1,,,prod
01b52252-2363-1840-7392-927b126c3150,2026-02-20T00:00:00Z/2026-02-21T00:00:00Z,2026-02-20T00:00:00Z,2026-02-21T00:00:00Z,AmazonEKS,AmazonEKS-Hours:perCluster,RunInstances,23.5209,4.921651,5.120819,Usage,us-east-1,,,prod
6bbf065e-c7d4-f5aa-9733-a75ed256a69d,2026-02-20T00:00:00Z/2026-02-21T00:00:00Z,2026-02-20T00:00:00Z,2026-02-21T00:00:00Z,AmazonEC2,BoxUsage:m5.2xlarge,RunInstances,15.3282,4.713184,4.757824,Usage,us-east-1,,,prod
64d45b65-0620-87cd-42b7-49258e8f9c41,2026-02-20T00:00:00Z/2026-02-21T00:00:00Z,2026-02-20T00:00:00Z,2026-02-21T00:00:00Z,AmazonEC2,BoxUsage:m5.2xlarge,RunInstances,19.6556,4.720408,4.622597,Usage,us-east-1,,,prod
d23e1921-b99d-d7c6-c41f-d40e362e3cdc,2026-02-20T00:00:00Z/2026-02-21T00:00:00Z,2026-02-20T00:00:00Z,2026-02-21T00:00:00Z,AmazonEC2,BoxUsage:m5.2xlarge,RunInstances,4.9505,5.607491,5.798598,Usage,us-east-1,,,prod
b5facb66-fdfe-726c-a86b-74df4259d267,2026-02-20T00:00:00Z/2026-02-21T00:00:00Z,2026-02-20T00:00:00Z,2026-02-21T00:00:00Z,AmazonEC2,BoxUsage:m5.2xlarge,RunInstances,17.0557,5.31553,5.067402,Usage,us-east-1,,,prod
3a3a8fa3-8d29-2e10-0ecc-fea177db3912,2026-02-20T00:00:00Z/2026-02-21T00:00:00Z,2026-02-20T00:00:00Z,2026-02-21T00:00:00Z,AmazonEC2,BoxUsage:m5.2xlarge,RunInstances,17.9184,5.264726,5.071925,Usage,us-east-1,,,prod
0142c1e4-18ed-a311-1956-060e92af5921,2026-02-20T00:00:00Z/2026-02-21T00:00:00Z,2026-02-20T00:00:00Z,2026-02-21T00:00:00Z,AmazonEC2,BoxUsage:m5.2xlarge,RunInstances,17.0515,4.65797,4.62322,Usage,us-east-1,,,prod
816e560d-9451-545a-de03-218f73053cf9,2026-02-20T00:00:00Z/2026-02-21T00:00:00Z,2026-02-20T00:00:00Z,2026-02-21T00:00:00Z,AmazonEC2,BoxUsage:m5.2xlarge,RunInstances,14.3935,5.179972,5.349258,Usage,us-east-1,,,prod
61a1dbb6-ea0e-07d8-06e4-0bc2894e73f1,2026-02-20T00:00:00Z/2026-02-21T00:00:00Z,2026-02-20T00:00:00Z,2026-02-21T00:00:00Z,AmazonEC2,BoxUsage:m5.2xlarge,RunInstances,21.1787,5.409006,5.592686,Usage,us-east-1,,,prod
283733b3-2514-110e-111f-bc95c51050a9,2026-02-20T00:00:00Z/2026-02-21T00:00:00Z,2026-02-20T00:00:00Z,2026-02-21T00:00:00Z,AmazonEC2,BoxUsage:m5.2xlarge,RunInstances,20.9817,5.47718,5.21615,Usage,us-east-1,,,prod
cc24d542-d7a2-392a-9357-378cd54f36d2,2026-02-20T00:00:00Z/2026-02-21T00:00:00Z,2026-02-20T00:00:00Z,2026-02-21T00:00:00Z,AmazonEC2,BoxUsage:m5.2xlarge,RunInstances,23.4722,4.606813,4.43943,Usage,us-east-1,,,prod
cbac1667-c122-a60c-504a-2dfd85ec0b2c,2026-02-20T00:00:00Z/2026-02-21T00:00:00Z,2026-02-20T00:00:00Z,2026-02-21T00:00:00Z,AmazonEC2,BoxUsage:m5.2xlarge,RunInstances,16.486,5.780338,5.835032,Usage,us-east-1,,,prod
807cb607-4c08-b51f-6158-accb7802d65b,2026-02-20T00:00:00Z/2026-02-21T00:00:00Z,2026-02-20T00:00:00Z,2026-02-21T00:00:00Z,AmazonEC2,BoxUsage:m5.2xlarge,RunInstances,23.5923,5.58028,5.543339,Usage,us-east-1,,,prod
ba3bece2-ccca-24a1-4c85-26910f1acbc6,2026-02-20T00:00:00Z/2026-02-21T00:00:00Z,2026-02-20T00:00:00Z,2026-02-21T00:00:00Z,AmazonEC2,BoxUsage:m5.2xlarge,RunInstances,14.7069,5.568072,5.657843,Usage,us-east-1,,,prod
c126034a-2f61-4c87-1ca0-414554a37747,2026-02-20T00:00:00Z/2026-02-21T00:00:00Z,2026-02-20T00:00:00Z,2026-02-21T00:00:00Z,AmazonEC2,BoxUsage:m5.2xlarge,RunInstances,14.1266,5.147949,5.170264,Usage,us-east-1,,,prod
5ab0848d-32ff-cb81-b70c-3c7e113d39eb,2026-02-20T00:00:00Z/2026-02-21T00:00:00Z,2026-02-20T00:00:00Z,2026-02-21T00:00:00Z,AmazonEC2,BoxUsage:m5.2xlarge,RunInstances,15.0318,4.542991,4.692935,Usage,us-east-1,,,prod
beb0161d-7b70-e42f-7bba-7a9a1de52138,2026-02-20T00:00:00Z/2026-02-21T00:00:00Z,2026-02-20T00:00:00Z,2026-02-21T00:00:00Z,AmazonEC2,BoxUsage:m5.2xlarge,RunInstances,16.6917,4.954054,4.825921,Usage,us-east-1,,,prod
6d2e308c-8bcd-c0c6-783d-af6e4d2d8991,2026-02-20T00:00:00Z/2026-02-21T00:00:00Z,2026-02-20T00:00:00Z,2026-02-21T00:00:00Z,AmazonEC2,BoxUsage:m5.2xlarge,RunInstances,1.692,4.920564,4.779289,Usage,us-east-1,,,prod
7904ee4c-7ab2-5ecc-a858-03aed751e4dd,2026-02-20T00:00:00Z/2026-02-21T00:00:00Z,2026-02-20T00:00:00Z,2026-02-21T00:00:00Z,AmazonEC2,BoxUsage:m5.2xlarge,RunInstances,8.0548,4.66231,4.628418,Usage,us-east-1,,,prod
3f339864-aa2c-242f-fae5-11cdc15ba581,2026-02-20T00:00:00Z/2026-02-21T00:00:00Z,2026-02-20T00:00:00Z,2026-02-21T00:00:00Z,AmazonEC2,BoxUsage:m5.2xlarge,RunInstances,2.7862,4.736149,4.573724,Usage,us-east-1,,,prod
39140500-6d54-1345-6315-163ea2104353,2026-02-20T00:00:00Z/2026-02-21T00:00:00Z,2026-02-20T00:00:00Z,2026-02-21T00:00:00Z,AmazonEC2,BoxUsage:m5.2xlarge,RunInstances,3.5526,5.389666,5.473811,Usage,us-east-1,,,prod
0c86e96b-245b-e2a5-e12b-456fac39f22d,2026-02-20T00:00:00Z/2026-02-21T00:00:00Z,2026-02-20T00:00:00Z,2026-02-21T00:00:00Z,AmazonEC2,BoxUsage:m5.xlarge,RunInstances,4.1294,159.533462,165.450783,Usage,us-east-1,,,prod
96622880-e9b0-570d-05ce-3d1328745125,2026-02-20T00:00:00Z/2026-02-21T00:00:00Z,2026-02-20T00:00:00Z,2026-02-21T00:00:00Z,AmazonEC2,BoxUsage:m5.xlarge,RunInstances,17.2789,131.776535,132.115381,Usage,us-east-1,,,prod
f02c3c01-d7ea-6dab-83fd-c4c7ab0cb542,2026-02-20T00:00:00Z/2026-02-21T00:00:00Z,2026-02-20T00:00:00Z,2026-02-21T00:00:00Z,AmazonEC2,BoxUsage:m5.xlarge,RunInstances,6.9635,143.211526,145.873819,Usage,us-east-1,,,prod
59dee1d9-2a9f-f9f0-6736-ebf6532fe034,2026-02-20T00:00:00Z/2026-02-21T00:00:00Z,2026-02-20T00:00:00Z,2026-02-21T00:00:00Z,AmazonEC2,BoxUsage:m5.xlarge,RunInstances,22.9013,158.528882,158.834841,Usage,us-east-1,,,prod
1bad7431-f021-0d03-8ffa-f007a2460bd2,2026-02-20T00:00:00Z/2026-02-21T00:00:00Z,2026-02-20T00:00:00Z,2026-02-21T00:00:00Z,AmazonEC2,BoxUsage:m5.xlarge,RunInstances,22.232,150.374541,151.726744,Usage,us-east-1,,,prod
9a3ee357-7c1a-1e00-04b4-fbe1a9491235,2026-02-21T00:00:00Z/2026-02-22T00:00:00Z,2026-02-21T00:00:00Z,2026-02-22T00:00:00Z,AmazonEKS,AmazonEKS-Hours:perCluster,RunInstances,5.5655,5.836364,5.562627,Usage,us-east-1,,,prod
1a0176a1-3d26-eaf5-6719-c3d0e75b88c6,2026-02-21T00:00:00Z/2026-02-22T00:00:00Z,2026-02-21T00:00:00Z,2026-02-22T00:00:00Z,AmazonEC2,BoxUsage:m5.2xlarge,RunInstances,2.3657,4.720437,4.582006,Usage,us-east-1,,,prod
200239a1-7308-7107-0b4a-772df57f1622,2026-02-21T00:00:00Z/2026-02-22T00:00:00Z,2026-02-21T00:00:00Z,2026-02-22T00:00:00Z,AmazonEC2,BoxUsage:m5.2xlarge,RunInstances,10.3032,4.701312,4.800637,Usage,us-east-1,,,prod
a5782c80-0a59-ae3e-2f53-4cceb2cbae46,2026-02-21T00:00:00Z/2026-02-22T00:00:00Z,2026-02-21T00:00:00Z,2026-02-22T00:00:00Z,AmazonEC2,BoxUsage:m5.2xlarge,RunInstances,7.1093,5.990722,6.166151,Usage,us-east-1,,,prod
2535b0b2-35ff-dc65-81e9-41a261d015d1,2026-02-21T00:00:00Z/2026-02-22T00:00:00Z,2026-02-21T00:00:00Z,2026-02-22T00:00:00Z,AmazonEC2,BoxUsage:m5.2xlarge,RunInstances,19.0026,4.618922,4.600972,Usage,us-east-1,,,prod
c6e6830a-773d-8224-ca15-96b64cb2b06f,2026-02-21T00:00:00Z/2026-02-22T00:00:00Z,2026-02-21T00:00:00Z,2026-02-22T00:00:00Z,AmazonEC2,BoxUsage:m5.2xlarge,RunInstances,12.1785,5.719791,5.819455,Usage,us-east-1,,,prod
273503b3-da76-84b3-0330-f58d5ad33d08,2026-02-21T00:00:00Z/2026-02-22T00:00:00Z,2026-02-21T00:00:00Z,2026-02-22T00:00:00Z,AmazonEC2,BoxUsage:m5.2xlarge,RunInstances,12.6588,4.77828,4.884276,Usage,us-east-1,,,prod
27253ba4-dc6f-667b-15cc-a4801b0f92f7,2026-02-21T00:00:00Z/2026-02-22T00:00:00Z,2026-02-21T00:00:00Z,2026-02-22T00:00:00Z,AmazonEC2,BoxUsage:m5.2xlarge,RunInstances,8.9728,4.651897,4.808769,Usage,us-east-1,,,prod
4c1f20e5-c0ec-4ebf-32df-7eb34dd7ada7,2026-02-21T00:00:00Z/2026-02-22T00:00:00Z,2026-02-21T00:00:00Z,2026-02-22T00:00:00Z,AmazonEC2,BoxUsage:m5.2xlarge,RunInstances,1.2339,6.01408,5.819568,Usage,us-east-1,,,prod
033c0963-ec06-0cd4-c238-18d6d70febde,2026-02-21T00:00:00Z/2026-02-22T00:00:00Z,2026-02-21T00:00:00Z,2026-02-22T00:00:00Z,AmazonEC2,BoxUsage:m5.2xlarge,RunInstances,20.2911,6.102389,5.894488,Usage,us-east-1,,,prod
dd625a80-83b2-92e3-ce00-2954e746365b,2026-02-21T00:00:00Z/2026-02-22T00:00:00Z,2026-02-21T00:00:00Z,2026-02-22T00:00:00Z,AmazonEC2,BoxUsage:m5.2xlarge,RunInstances,14.8665,5.723622,5.812451,Usage,us-east-1,,,prod
90729439-7ce0-5128-5595-da65ba01c4d2,2026-02-21T00:00:00Z/2026-02-22T00:00:00Z,2026-02-21T00:00:00Z,2026-02-22T00:00:00Z,AmazonEC2,BoxUsage:m5.2xlarge,RunInstances,7.0776,4.983783,4.915915,Usage,us-east-1,,,prod
90ab4b55-5daf-6fc6-0ab3-a4d8f5eba5b3,2026-02-21T00:00:00Z/2026-02-22T00:00:00Z,2026-02-21T00:00:00Z,2026-02-22T00:00:00Z,AmazonEC2,BoxUsage:m5.2xlarge,RunInstances,2.3993,5.585557,5.674503,Usage,us-east-1,,,prod
8321f364-d3c7-b9ed-79a0-0d922c0e044e,2026-02-21T00:00:00Z/2026-02-22T00:00:00Z,2026-02-21T00:00:00Z,2026-02-22T00:00:00Z,AmazonEC2,BoxUsage:m5.2xlarge,RunInstances,7.3116,4.642386,4.706686,Usage,us-east-1,,,prod
7b96e22f-1ec1-7d4b-9e65-e9d397a7c2c1,2026-02-21T00:00:00Z/2026-02-22T00:00:00Z,2026-02-21T00:00:00Z,2026-02-22T00:00:00Z,AmazonEC2,BoxUsage:m5.2xlarge,RunInstances,7.5619,5.970956,6.106395,Usage,us-east-1,,,prod
25b8afa3-1c3b-4b9b-9ca1-29515dec7e39,2026-02-21T00:00:00Z/2026-02-22T00:00:00Z,2026-02-21T00:00:00Z,2026-02-22T00:00:00Z,AmazonEC2,BoxUsage:m5.2xlarge,RunInstances,4.8543,5.136144,4.949758,Usage,us-east-1,,,prod
0e6b27b4-9943-10af-f20d-0bd87ab29930,2026-02-21T00:00:00Z/2026-02-22T00:00:00Z,2026-02-21T00:00:00Z,2026-02-22T00:00:00Z,AmazonEC2,BoxUsage:m5.2xlarge,RunInstances,15.3913,5.603747,5.324585,Usage,us-east-1,,,prod
cfe20c6b-72c7-9def-edc5-009b3aaf94ae,2026-02-21T00:00:00Z/2026-02-22T00:00:00Z,2026-02-21T00:00:00Z,2026-02-22T00:00:00Z,AmazonEC2,BoxUsage:m5.2xlarge,RunInstances,18.6785,4.558115,4.43388,Usage,us-east-1,,,prod
5b507349-01d5-f67f-0d05-f76ed828a405,2026-02-21T00:00:00Z/2026-02-22T00:00:00Z,2026-02-21T00:00:00Z,2026-02-22T00:00:00Z,AmazonEC2,BoxUsage:m5.2xlarge,RunInstances,17.1739,4.832504,4.682987,Usage,us-east-1,,,prod
5d0f6d90-9686-bb18-b442-62c32a766f11,2026-02-21T00:00:00Z/2026-02-22T00:00:00Z,2026-02-21T00:00:00Z,2026-02-22T00:00:00Z,AmazonEC2,BoxUsage:m5.2xlarge,RunInstances,11.1043,4.773179,4.598181,Usage,us-east-1,,,prod
0823906c-4833-4da1-0d74-f0db54abf242,2026-02-21T00:00:00Z/2026-02-22T00:00:00Z,2026-02-21T00:00:00Z,2026-02-22T00:00:00Z,AmazonEC2,BoxUsage:m5.2xlarge,RunInstances,22.9745,5.150713,5.291765,Usage,us-east-1,,,prod
3c916e33-a79a-661d-62bf-beae91b2439d,2026-02-21T00:00:00Z/2026-02-22T00:00:00Z,2026-02-21T00:00:00Z,2026-02-22T00:00:00Z,AmazonEC2,BoxUsage:m5.xlarge,RunInstances,6.1122,131.902414,128.074531,Usage,us-east-1,,,prod
da112fa5-b8d6-4676-35ea-0f8f47374ffe,2026-02-21T00:00:00Z/2026-02-22T00:00:00Z,2026-02-21T00:00:00Z,2026-02-22T00:00:00Z,AmazonEC2,BoxUsage:m5.xlarge,RunInstances,23.7968,151.775495,157.475391,Usage,us-east-1,,,prod
e5ede6fa-b248-9ec3-28d2-8c6e21798b9c,2026-02-21T00:00:00Z/2026-02-22T00:00:00Z,2026-02-21T00:00:00Z,2026-02-22T00:00:00Z,AmazonEC2,BoxUsage:m5.xlarge,RunInstances,22.1802,142.541937,141.440068,Usage,us-east-1,,,prod
123d1066-126c-9a2b-be90-d12776dbb8fc,2026-02-21T00:00:00Z/2026-02-22T00:00:00Z,2026-02-21T00:00:00Z,2026-02-22T00:00:00Z,AmazonEC2,BoxUsage:m5.xlarge,RunInstances,20.9334,160.40088,158.934549,Usage,us-east-1,,,prod
f07c3490-24ad-16cc-6989-2412cbcb66a1,2026-02-21T00:00:00Z/2026-02-22T00:00:00Z,2026-02-21T00:00:00Z,2026-02-22T00:00:00Z,AmazonEC2,BoxUsage:m5.xlarge,RunInstances,12.3785,149.462012,150.528919,Usage,us-east-1,,,prod
7346467b-1097-91a5-2be8-60ac9d0c035a,2026-02-22T00:00:00Z/2026-02-23T00:00:00Z,2026-02-22T00:00:00Z,2026-02-23T00:00:00Z,AmazonEKS,AmazonEKS-Hours:perCluster,RunInstances,13.7252,5.436185,5.64822,Usage,us-east-1,,,prod
3f396ae1-c487-7fa0-275a-f72d7eb0a9c6,2026-02-22T00:00:00Z/2026-02-23T00:00:00Z,2026-02-22T00:00:00Z,2026-02-23T00:00:00Z,AmazonEC2,BoxUsage:m5.2xlarge,RunInstances,14.9942,4.735657,4.515103,Usage,us-east-1,,,prod
5cd78997-a48b-d574-fb25-e337e9be81cf,2026-02-22T00:00:00Z/2026-02-23T00:00:00Z,2026-02-22T00:00:00Z,2026-02-23T00:00:00Z,AmazonEC2,BoxUsage:m5.2xlarge,RunInstances,9.7487,5.001992,4.887928,Usage,us-east-1,,,prod
bf4a388b-a80e-9afe-ad30-ae469689075d,2026-02-22T00:00:00Z/2026-02-23T00:00:00Z,2026-02-22T00:00:00Z,2026-02-23T00:00:00Z,AmazonEC2,BoxUsage:m5.2xlarge,RunInstances,12.8493,5.270236,5.077424,Usage,us-east-1,,,prod
daaa0026-e781-657e-4e61-74ac02335d7e,2026-02-22T00:00:00Z/2026-02-23T00:00:00Z,2026-02-22T00:00:00Z,2026-02-23T00:00:00Z,AmazonEC2,BoxUsage:m5.2xlarge,RunInstances,5.4118,5.376445,5.213441,Usage,us-east-1,,,prod
fe4576c8-e4dc-7812-b994-f63f6c434ce6,2026-02-22T00:00:00Z/2026-02-23T00:00:00Z,2026-02-22T00:00:00Z,2026-02-23T00:00:00Z,AmazonEC2,BoxUsage:m5.2xlarge,RunInstances,6.3942,5.54284,5.587977,Usage,us-east-1,,,prod
b16e7c62-6b1d-120f-5d90-956add9a77f2,2026-02-22T00:00:00Z/2026-02-23T00:00:00Z,2026-02-22T00:00:00Z,2026-02-23T00:00:00Z,AmazonEC2,BoxUsage:m5.2xlarge,RunInstances,7.258,5.451444,5.68548,Usage,us-east-1,,,prod
39789f7b-e470-d54f-d0cc-03e8c9bcb48f,2026-02-22T00:00:00Z/2026-02-23T00:00:00Z,2026-02-22T00:00:00Z,2026-02-23T00:00:00Z,AmazonEC2,BoxUsage:m5.2xlarge,RunInstances,1.1284,5.709604,5.894948,Usage,us-east-1,,,prod
d0466e26-0906-db8e-5aeb-e8a904b0ae9d,2026-02-22T00:00:00Z/2026-02-23T00:00:00Z,2026-02-22T00:00:00Z,2026-02-23T00:00:00Z,AmazonEC2,BoxUsage:m5.2xlarge,RunInstances,15.6158,6.052235,6.06432,Usage,us-east-1,,,prod
915fa8cf-975f-2731-df43-22c5c4a32b88,2026-02-22T00:00:00Z/2026-02-23T00:00:00Z,2026-02-22T00:00:00Z,2026-02-23T00:00:00Z,AmazonEC2,BoxUsage:m5.2xlarge,RunInstances,14.2834,5.945166,5.984297,Usage,us-east-1,,,prod
408c2dbc-683d-da07-b4e5-4926a30ab075,2026-02-22T00:00:00Z/2026-02-23T00:00:00Z,2026-02-22T00:00:00Z,2026-02-23T00:00:00Z,AmazonEC2,BoxUsage:m5.2xlarge,RunInstances,17.4578,5.936072,6.179353,Usage,us-east-1,,,prod
22a00675-3229-dc16-149f-4c8439f043a4,2026-02-22T00:00:00Z/2026-02-23T00:00:00Z,2026-02-22T00:00:00Z,2026-02-23T00:00:00Z,AmazonEC2,BoxUsage:m5.2xlarge,RunInstances,13.2294,4.775099,4.945388,Usage,us-east-1,,,prod
0ab7ae74-c173-464b-239b-56ddf832e0b4,2026-02-22T00:00:00Z/2026-02-23T00:00:00Z,2026-02-22T00:00:00Z,2026-02-23T00:00:00Z,AmazonEC2,BoxUsage:m5.2xlarge,RunInstances,3.8188,5.347563,5.429075,Usage,us-east-1,,,prod
c1b9190b-05f4-37cb-8c8a-19f99969ff0e,2026-02-22T00:00:00Z/2026-02-23T00:00:00Z,2026-02-22T00:00:00Z,2026-02-23T00:00:00Z,AmazonEC2,BoxUsage:m5.2xlarge,RunInstances,9.6233,5.33711,5.140354,Usage,us-east-1,,,prod
c1803350-1d0d-88eb-65df-7e9a89b20420,2026-02-22T00:00:00Z/2026-02-23T00:00:00Z,2026-02-22T00:00:00Z,2026-02-23T00:00:00Z,AmazonEC2,BoxUsage:m5.2xlarge,RunInstances,13.7764,6.008131,6.115035,Usage,us-east-1,,,prod
4afa7bcc-35d5-43e0-d309-347be3a5ec0f,2026-02-22T00:00:00Z/2026-02-23T00:00:00Z,2026-02-22T00:00:00Z,2026-02-23T00:00:00Z,AmazonEC2,BoxUsage:m5.2xlarge,RunInstances,2.3371,5.25176,5.029938,Usage,us-east-1,,,prod
efd93eca-2212-dbac-275d-a22235e2d1a1,2026-02-22T00:00:00Z/2026-02-23T00:00:00Z,2026-02-22T00:00:00Z,2026-02-23T00:00:00Z,AmazonEC2,BoxUsage:m5.2xlarge,RunInstances,1.4199,4.943212,5.104322,Usage,us-east-1,,,prod
05dd8dd6-8b3f-cce5-e92c-cf4facace68a,2026-02-22T00:00:00Z/2026-02-23T00:00:00Z,2026-02-22T00:00:00Z,2026-02-23T00:00:00Z,AmazonEC2,BoxUsage:m5.2xlarge,RunInstances,19.7255,4.859856,4.621917,Usage,us-east-1,,,prod
da1d42e0-a029-3651-f572-c7ff1d26ccf2,2026-02-22T00:00:00Z/2026-02-23T00:00:00Z,2026-02-22T00:00:00Z,2026-02-23T00:00:00Z,AmazonEC2,BoxUsage:m5.2xlarge,RunInstances,16.5374,4.724898,4.769276,Usage,us-east-1,,,prod
b3ad39f4-504d-ed75-5f72-6474a8c47b61,2026-02-22T00:00:00Z/2026-02-23T00:00:00Z,2026-02-22T00:00:00Z,2026-02-23T00:00:00Z,AmazonEC2,BoxUsage:m5.2xlarge,RunInstances,14.9878,6.073138,5.993142,Usage,us-east-1,,,prod
018e4d12-2b52-92f5-cc7b-6045d154516b,2026-02-22T00:00:00Z/2026-02-23T00:00:00Z,2026-02-22T00:00:00Z,2026-02-23T00:00:00Z,AmazonEC2,BoxUsage:m5.2xlarge,RunInstances,22.6348,5.788355,5.776312,Usage,us-east-1,,,prod
4ff57f4f-0351-2e4f-5435-b99b113a5b88,2026-02-22T00:00:00Z/2026-02-23T00:00:00Z,2026-02-22T00:00:00Z,2026-02-23T00:00:00Z,AmazonEC2,BoxUsage:m5.xlarge,RunInstances,10.1021,140.214992,137.670596,Usage,us-east-1,,,prod
f183a55f-f412-ff5b-c655-8c338fa31c3b,2026-02-22T00:00:00Z/2026-02-23T00:00:00Z,2026-02-22T00:00:00Z,2026-02-23T00:00:00Z,AmazonEC2,BoxUsage:m5.xlarge,RunInstances,22.5365,139.34761,137.662761,Usage,us-east-1,,,prod
28960843-27d3-79f8-94cf-8e47033bc8a7,2026-02-22T00:00:00Z/2026-02-23T00:00:00Z,2026-02-22T00:00:00Z,2026-02-23T00:00:00Z,AmazonEC2,BoxUsage:m5.xlarge,RunInstances,10.579,159.631056,159.15889,Usage,us-east-1,,,prod
900ce45d-9dc4-18ba-83ae-6354bf2e9206,2026-02-22T00:00:00Z/2026-02-23T00:00:00Z,2026-02-22T00:00:00Z,2026-02-23T00:00:00Z,AmazonEC2,BoxUsage:m5.xlarge,RunInstances,10.9937,122.449943,127.587615,Usage,us-east-1,,,prod
564fc90d-3257-6cbf-bb93-11bd4960d2ce,2026-02-22T00:00:00Z/2026-02-23T00:00:00Z,2026-02-22T00:00:00Z,2026-02-23T00:00:00Z,AmazonEC2,BoxUsage:m5.xlarge,RunInstances,14.4329,161.702237,158.946795,Usage,us-east-1,,,prod
0e56b33e-db85-66c6-61c8-4bce03d28279,2026-02-23T00:00:00Z/2026-02-24T00:00:00Z,2026-02-23T00:00:00Z,2026-02-24T00:00:00Z,AmazonEKS,AmazonEKS-Hours:perCluster,RunInstances,9.5775,5.815237,5.789007,Usage,us-east-1,,,prod
79362cd5-2032-2c79-fa56-3de7714ed6f5,2026-02-23T00:00:00Z/2026-02-24T00:00:00Z,2026-02-23T00:00:00Z,2026-02-24T00:00:00Z,AmazonEC2,BoxUsage:m5.2xlarge,RunInstances,19.6037,5.190742,5.135165,Usage,us-east-1,,,prod
8a667fa0-8113-e9da-cc85-4017050c6871,2026-02-23T00:00:00Z/2026-02-24T00:00:00Z,2026-02-23T00:00:00Z,2026-02-24T00:00:00Z,AmazonEC2,BoxUsage:m5.2xlarge,RunInstances,4.1269,4.593944,4.615425,Usage,us-east-1,,,prod
a547e4f4-d80a-7d8b-640f-e35f3ddb728e,2026-02-23T00:00:00Z/2026-02-24T00:00:00Z,2026-02-23T00:00:00Z,2026-02-24T00:00:00Z,AmazonEC2,BoxUsage:m5.2xlarge,RunInstances,19.6975,5.296227,5.459319,Usage,us-east-1,,,prod
283ad4f4-e5c3-c231-ef5e-26f88f991bd6,2026-02-23T00:00:00Z/2026-02-24T00:00:00Z,2026-02-23T00:00:00Z,2026-02-24T00:00:00Z,AmazonEC2,BoxUsage:m5.2xlarge,RunInstances,10.8068,5.569062,5.320162,Usage,us-east-1,,,prod
fdf007f2-eeeb-670e-8216-ce047697e921,2026-02-23T00:00:00Z/2026-02-24T00:00:00Z,2026-02-23T00:00:00Z,2026-02-24T00:00:00Z,AmazonEC2,BoxUsage:m5.2xlarge,RunInstances,16.6143,5.767208,5.581435,Usage,us-east-1,,,prod
b678bd56-56c8-ccf7-02db-25cd0b646b95,2026-02-23T00:00:00Z/2026-02-24T00:00:00Z,2026-02-23T00:00:00Z,2026-02-24T00:00:00Z,AmazonEC2,BoxUsage:m5.2xlarge,RunInstances,9.7681,6.054577,6.158021,Usage,us-east-1,,,prod
479feae9-fe24-5fdd-ae9d-aeef6cc2563c,2026-02-23T00:00:00Z/2026-02-24T00:00:00Z,2026-02-23T00:00:00Z,2026-02-24T00:00:00Z,AmazonEC2,BoxUsage:m5.2xlarge,RunInstances,22.8807,6.064017,6.126874,Usage,us-east-1,,,prod
ae777809-0d79-c17b-6d90-363e7f998c84,2026-02-23T00:00:00Z/2026-02-24T00:00:00Z,2026-02-23T00:00:00Z,2026-02-24T00:00:00Z,AmazonEC2,BoxUsage:m5.2xlarge,RunInstances,2.6483,5.331534,5.242125,Usage,us-east-1,,,prod
c5e42196-7e5f-afeb-1a35-4fa049268aee,2026-02-23T00:00:00Z/2026-02-24T00:00:00Z,2026-02-23T00:00:00Z,2026-02-24T00:00:00Z,AmazonEC2,BoxUsage:m5.2xlarge,RunInstances,2.0555,5.843226,5.89206,Usage,us-east-1,,,prod
375cfe52-95c1-1d0e-d576-082a4373aa04,2026-02-23T00:00:00Z/2026-02-24T00:00:00Z,2026-02-23T00:00:00Z,2026-02-24T00:00:00Z,AmazonEC2,BoxUsage:m5.2xlarge,RunInstances,20.8678,5.248068,5.121335,Usage,us-east-1,,,prod
0d3e56a4-5700-30eb-e2e7-de4743018d08,2026-02-23T00:00:00Z/2026-02-24T00:00:00Z,2026-02-23T00:00:00Z,2026-02-24T00:00:00Z,AmazonEC2,BoxUsage:m5.2xlarge,RunInstances,18.0634,5.486598,5.516569,Usage,us-east-1,,,prod
9b44d7be-bc03-f3dd-5357-86545ba1a3ec,2026-02-23T00:00:00Z/2026-02-24T00:00:00Z,2026-02-23T00:00:00Z,2026-02-24T00:00:00Z,AmazonEC2,BoxUsage:m5.2xlarge,RunInstances,17.0112,5.389718,5.187574,Usage,us-east-1,,,prod
35605b9c-8eea-c538-eeed-db4504974e12,2026-02-23T00:00:00Z/2026-02-24T00:00:00Z,2026-02-23T00:00:00Z,2026-02-24T00:00:00Z,AmazonEC2,BoxUsage:m5.2xlarge,RunInstances,3.1923,5.391321,5.536284,Usage,us-east-1,,,prod
df826f7f-0a96-ae15-0d25-99f7b5eaeda5,2026-02-23T00:00:00Z/2026-02-24T00:00:00Z,2026-02-23T00:00:00Z,2026-02-24T00:00:00Z,AmazonEC2,BoxUsage:m5.2xlarge,RunInstances,19.9785,4.829188,4.650096,Usage,us-east-1,,,prod
44ec6940-aaa0-fa1a-365f-cfd011335e89,2026-02-23T00:00:00Z/2026-02-24T00:00:00Z,2026-02-23T00:00:00Z,2026-02-24T00:00:00Z,AmazonEC2,BoxUsage:m5.2xlarge,RunInstances,18.1603,5.845759,6.111618,Usage,us-east-1,,,prod
c8c66c83-3cbf-011f-648a-5ad85594f62d,2026-02-23T00:00:00Z/2026-02-24T00:00:00Z,2026-02-23T00:00:00Z,2026-02-24T00:00:00Z,AmazonEC2,BoxUsage:m5.2xlarge,RunInstances,10.7096,5.462951,5.711882,Usage,us-east-1,,,prod
7aba058b-7ab4-dd55-1db3-7cbb4636a815,2026-02-23T00:00:00Z/2026-02-24T00:00:00Z,2026-02-23T00:00:00Z,2026-02-24T00:00:00Z,AmazonEC2,BoxUsage:m5.2xlarge,RunInstances,4.0617,5.289622,5.279193,Usage,us-east-1,,,prod
2485fcf4-7fca-c930-e389-f4cc6b57e305,2026-02-23T00:00:00Z/2026-02-24T00:00:00Z,2026-02-23T00:00:00Z,2026-02-24T00:00:00Z,AmazonEC2,BoxUsage:m5.2xlarge,RunInstances,6.3174,4.704805,4.668358,Usage,us-east-1,,,prod
2e461bfb-f10d-1309-0872-33519a06d4b5,2026-02-23T00:00:00Z/2026-02-24T00:00:00Z,2026-02-23T00:00:00Z,2026-02-24T00:00:00Z,AmazonEC2,BoxUsage:m5.2xlarge,RunInstances,11.7575,5.949695,5.755521,Usage,us-east-1,,,prod
21c34551-e6b1-ffb0-d421-f42217be25ba,2026-02-23T00:00:00Z/2026-02-24T00:00:00Z,2026-02-23T00:00:00Z,2026-02-24T00:00:00Z,AmazonEC2,BoxUsage:m5.2xlarge,RunInstances,12.5479,5.37964,5.348483,Usage,us-east-1,,,prod
a604cd41-b094-0300-f501-8adb449e0cb6,2026-02-23T00:00:00Z/2026-02-24T00:00:00Z,2026-02-23T00:00:00Z,2026-02-24T00:00:00Z,AmazonEC2,BoxUsage:m5.xlarge,RunInstances,11.4925,131.704674,137.669251,Usage,us-east-1,,,prod
317ae9be-1354-7cde-619a-43d174dc9b94,2026-02-23T00:00:00Z/2026-02-24T00:00:00Z,2026-02-23T00:00:00Z,2026-02-24T00:00:00Z,AmazonEC2,BoxUsage:m5.xlarge,RunInstances,8.4491,129.397106,126.797381,Usage,us-east-1,,,prod
f4cea122-b8ec-21cf-9ae9-95d47e889c35,2026-02-23T00:00:00Z/2026-02-24T00:00:00Z,2026-02-23T00:00:00Z,2026-02-24T00:00:00Z,AmazonEC2,BoxUsage:m5.xlarge,RunInstances,4.2906,141.511161,140.105714,Usage,us-east-1,,,prod
d1e8bc35-742b-a9a6-42ce-1cc7ca683b8a,2026-02-23T00:00:00Z/2026-02-24T00:00:00Z,2026-02-23T00:00:00Z,2026-02-24T00:00:00Z,AmazonEC2,BoxUsage:m5.xlarge,RunInstances,23.3437,135.20651,139.149435,Usage,us-east-1,,,prod
52409cdd-a68e-d835-ade6-3820af4d8100,2026-02-23T00:00:00Z/2026-02-24T00:00:00Z,2026-02-23T00:00:00Z,2026-02-24T00:00:00Z,AmazonEC2,BoxUsage:m5.xlarge,RunInstances,22.7605,147.292467,146.562598,Usage,us-east-1,,,prod
0e17205a-307a-21c2-0e40-674efc0c7f12,2026-02-24T00:00:00Z/2026-02-25T00:00:00Z,2026-02-24T00:00:00Z,2026-02-25T00:00:00Z,AmazonEKS,AmazonEKS-Hours:perCluster,RunInstances,16.6227,5.404909,5.23466,Usage,us-east-1,,,prod
05630c51-e3b6-b1de-0499-35bf0e629648,2026-02-24T00:00:00Z/2026-02-25T00:00:00Z,2026-02-24T00:00:00Z,2026-02-25T00:00:00Z,AmazonEC2,BoxUsage:m5.2xlarge,RunInstances,1.8416,6.076525,5.976326,Usage,us-east-1,,,prod
bd09e781-c6de-2285-574e-2694822cfed4,2026-02-24T00:00:00Z/2026-02-25T00:00:00Z,2026-02-24T00:00:00Z,2026-02-25T00:00:00Z,AmazonEC2,BoxUsage:m5.2xlarge,RunInstances,15.4425,4.570166,4.614149,Usage,us-east-1,,,prod
91134ea7-ffc2-ff72-b5bc-d893fe5f6f18,2026-02-24T00:00:00Z/2026-02-25T00:00:00Z,2026-02-24T00:00:00Z,2026-02-25T00:00:00Z,AmazonEC2,BoxUsage:m5.2xlarge,RunInstances,4.2525,4.725087,4.61779,Usage,us-east-1,,,prod
96ba3d15-3b81-be8c-aa0f-614719931927,2026-02-24T00:00:00Z/2026-02-25T00:00:00Z,2026-02-24T00:00:00Z,2026-02-25T00:00:00Z,AmazonEC2,BoxUsage:m5.2xlarge,RunInstances,22.747,5.897379,5.796162,Usage,us-east-1,,,prod
6cbd774e-aefa-876a-9b6e-bebbb3f51ef3,2026-02-24T00:00:00Z/2026-02-25T00:00:00Z,2026-02-24T00:00:00Z,2026-02-25T00:00:00Z,AmazonEC2,BoxUsage:m5.2xlarge,RunInstances,22.6222,5.004968,4.948108,Usage,us-east-1,,,prod
68d48e1e-2295-e316-05a2-be5a06f917ef,2026-02-24T00:00:00Z/2026-02-25T00:00:00Z,2026-02-24T00:00:00Z,2026-02-25T00:00:00Z,AmazonEC2,BoxUsage:m5.2xlarge,RunInstances,12.9194,4.730757,4.515405,Usage,us-east-1,,,prod
fbc96841-4ecd-aec7-1c17-d99c54b49618,2026-02-24T00:00:00Z/2026-02-25T00:00:00Z,2026-02-24T00:00:00Z,2026-02-25T00:00:00Z,AmazonEC2,BoxUsage:m5.2xlarge,RunInstances,19.5792,5.681724,5.680691,Usage,us-east-1,,,prod
d03571e7-eb76-3814-a74d-959b2f3242fb,2026-02-24T00:00:00Z/2026-02-25T00:00:00Z,2026-02-24T00:00:00Z,2026-02-25T00:00:00Z,AmazonEC2,BoxUsage:m5.2xlarge,RunInstances,5.3871,5.058448,5.307107,Usage,us-east-1,,,prod
d7e2ad0d-e7a4-02d1-3b45-ebd64ea40089,2026-02-24T00:00:00Z/2026-02-25T00:00:00Z,2026-02-24T00:00:00Z,2026-02-25T00:00:00Z,AmazonEC2,BoxUsage:m5.2xlarge,RunInstances,1.5014,5.331317,5.510529,Usage,us-east-1,,,prod
95e1f957-d93d-e996-f7a0-c91016d136d2,2026-02-24T00:00:00Z/2026-02-25T00:00:00Z,2026-02-24T00:00:00Z,2026-02-25T00:00:00Z,AmazonEC2,BoxUsage:m5.2xlarge,RunInstances,3.1272,5.700611,5.576794,Usage,us-east-1,,,prod
4f4cb05e-ecc8-9d69-0235-f0ae047c5c39,2026-02-24T00:00:00Z/2026-02-25T00:00:00Z,2026-02-24T00:00:00Z,2026-02-25T00:00:00Z,AmazonEC2,BoxUsage:m5.2xlarge,RunInstances,6.2947,4.89348,4.846913,Usage,us-east-1,,,prod
283a3385-169a-5b17-3bc2-d579712e99e6,2026-02-24T00:00:00Z/2026-02-25T00:00:00Z,2026-02-24T00:00:00Z,2026-02-25T00:00:00Z,AmazonEC2,BoxUsage:m5.2xlarge,RunInstances,4.5206,5.098087,5.267582,Usage,us-east-1,,,prod
244fde11-461e-c774-b570-c76a082a966f,2026-02-24T00:00:00Z/2026-02-25T00:00:00Z,2026-02-24T00:00:00Z,2026-02-25T00:00:00Z,AmazonEC2,BoxUsage:m5.2xlarge,RunInstances,8.0679,5.715749,5.911811,Usage,us-east-1,,,prod
538f0b13-ce3c-b908-af5d-7d9a28a297aa,2026-02-24T00:00:00Z/2026-02-25T00:00:00Z,2026-02-24T00:00:00Z,2026-02-25T00:00:00Z,AmazonEC2,BoxUsage:m5.2xlarge,RunInstances,7.0336,5.827285,5.614094,Usage,us-east-1,,,prod
0a2e5f72-0100-c9ae-8c48-4874cf768933,2026-02-24T00:00:00Z/2026-02-25T00:00:00Z,2026-02-24T00:00:00Z,2026-02-25T00:00:00Z,AmazonEC2,BoxUsage:m5.2xlarge,RunInstances,23.1986,5.652306,5.685828,Usage,us-east-1,,,prod
0b6fa159-4d4b-0805-1dce-375f82146190,2026-02-24T00:00:00Z/2026-02-25T00:00:00Z,2026-02-24T00:00:00Z,2026-02-25T00:00:00Z,AmazonEC2,BoxUsage:m5.2xlarge,RunInstances,6.8171,5.027205,5.143925,Usage,us-east-1,,,prod
937d8ca0-56e5-015f-9b56-74f0c9214a46,2026-02-24T00:00:00Z/2026-02-25T00:00:00Z,2026-02-24T00:00:00Z,2026-02-25T00:00:00Z,AmazonEC2,BoxUsage:m5.2xlarge,RunInstances,9.7545,5.355843,5.285291,Usage,us-east-1,,,prod
85e191d5-593c-9f04-ac82-136ac30df253,2026-02-24T00:00:00Z/2026-02-25T00:00:00Z,2026-02-24T00:00:00Z,2026-02-25T00:00:00Z,AmazonEC2,BoxUsage:m5.2xlarge,RunInstances,17.7808,5.508694,5.638031,Usage,us-east-1,,,prod
5e859f42-d37a-9ecb-ede9-e8f41c46991d,2026-02-24T00:00:00Z/2026-02-25T00:00:00Z,2026-02-24T00:00:00Z,2026-02-25T00:00:00Z,AmazonEC2,BoxUsage:m5.2xlarge,RunInstances,11.6001,5.814092,5.954367,Usage,us-east-1,,,prod
e7852c07-9142-b796-a6ff-958b5a3ee6c6,2026-02-24T00:00:00Z/2026-02-25T00:00:00Z,2026-02-24T00:00:00Z,2026-02-25T00:00:00Z,AmazonEC2,BoxUsage:m5.2xlarge,RunInstances,14.7264,5.599067,5.448598,Usage,us-east-1,,,prod
9350fc60-f86a-8267-1e28-9552c65bc25c,2026-02-24T00:00:00Z/2026-02-25T00:00:00Z,2026-02-24T00:00:00Z,2026-02-25T00:00:00Z,AmazonEC2,BoxUsage:m5.xlarge,RunInstances,7.1865,146.498541,144.175926,Usage,us-east-1,,,prod
f2b59ef2-bb68-994a-7dae-e312f06bb7a9,2026-02-24T00:00:00Z/2026-02-25T00:00:00Z,2026-02-24T00:00:00Z,2026-02-25T00:00:00Z,AmazonEC2,BoxUsage:m5.xlarge,RunInstances,20.0602,159.692165,155.647523,Usage,us-east-1,,,prod
0a567469-da54-8894-2920-4a3bffbb28d9,2026-02-24T00:00:00Z/2026-02-25T00:00:00Z,2026-02-24T00:00:00Z,2026-02-25T00:00:00Z,AmazonEC2,BoxUsage:m5.xlarge,RunInstances,1.4844,161.913521,164.715534,Usage,us-east-1,,,prod
11bbcc61-5119-b141-53a7-bc88111b389d,2026-02-24T00:00:00Z/2026-02-25T00:00:00Z,2026-02-24T00:00:00Z,2026-02-25T00:00:00Z,AmazonEC2,BoxUsage:m5.xlarge,RunInstances,15.6497,137.369081,138.007137,Usage,us-east-1,,,prod
2444183f-1555-6f10-e120-a4e4ab059aa1,2026-02-24T00:00:00Z/2026-02-25T00:00:00Z,2026-02-24T00:00:00Z,2026-02-25T00:00:00Z,AmazonEC2,BoxUsage:m5.xlarge,RunInstances,21.341,145.484499,151.147829,Usage,us-east-1,,,prod
2d15fffe-6310-767e-5b09-85bb7e17f2c1,2026-02-25T00:00:00Z/2026-02-26T00:00:00Z,2026-02-25T00:00:00Z,2026-02-26T00:00:00Z,AmazonEKS,AmazonEKS-Hours:perCluster,RunInstances,22.6159,4.726054,4.826793,Usage,us-east-1,,,prod
7dea6d59-e317-2c0d-c683-2223488b434b,2026-02-25T00:00:00Z/2026-02-26T00:00:00Z,2026-02-25T00:00:00Z,2026-02-26T00:00:00Z,AmazonEC2,BoxUsage:m5.2xlarge,RunInstances,4.8315,4.825102,4.803691,Usage,us-east-1,,,prod
60cd3ae0-4af7-da50-d5ab-858b711c490a,2026-02-25T00:00:00Z/2026-02-26T00:00:00Z,2026-02-25T00:00:00Z,2026-02-26T00:00:00Z,AmazonEC2,BoxUsage:m5.2xlarge,RunInstances,13.946,5.233741,5.104447,Usage,us-east-1,,,prod
eb77ff13-5447-8c4d-b6f9-6b485c58f524,2026-02-25T00:00:00Z/2026-02-26T00:00:00Z,2026-02-25T00:00:00Z,2026-02-26T00:00:00Z,AmazonEC2,BoxUsage:m5.2xlarge,RunInstances,6.7382,6.11443,5.815467,Usage,us-east-1,,,prod
cae2e2cf-e6b3-1485-8147-45c8cc44ae04,2026-02-25T00:00:00Z/2026-02-26T00:00:00Z,2026-02-25T00:00:00Z,2026-02-26T00:00:00Z,AmazonEC2,BoxUsage:m5.2xlarge,RunInstances,16.6917,5.858429,6.062638,Usage,us-east-1,,,prod
f0467811-fbe0-949e-dede-cbf1c3943078,2026-02-25T00:00:00Z/2026-02-26T00:00:00Z,2026-02-25T00:00:00Z,2026-02-26T00:00:00Z,AmazonEC2,BoxUsage:m5.2xlarge,RunInstances,5.6229,5.726504,5.457064,Usage,us-east-1,,,prod
241129cb-c48b-36f8-0041-a816c9fe0af0,2026-02-25T00:00:00Z/2026-02-26T00:00:00Z,2026-02-25T00:00:00Z,2026-02-26T00:00:00Z,AmazonEC2,BoxUsage:m5.2xlarge,RunInstances,3.0756,5.572115,5.770742,Usage,us-east-1,,,prod
24ba6c15-c8ac-5b44-bb48-02c8d5dfe668,2026-02-25T00:00:00Z/2026-02-26T00:00:00Z,2026-02-25T00:00:00Z,2026-02-26T00:00:00Z,AmazonEC2,BoxUsage:m5.2xlarge,RunInstances,10.2333,5.388575,5.379355,Usage,us-east-1,,,prod
26383fcd-ec69-dce7-536c-eda5f0961884,2026-02-25T00:00:00Z/2026-02-26T00:00:00Z,2026-02-25T00:00:00Z,2026-02-26T00:00:00Z,AmazonEC2,BoxUsage:m5.2xlarge,RunInstances,1.9309,5.868696,6.159045,Usage,us-east-1,,,prod
ff7ee734-c047-59d9-b790-fa498a035d9a,2026-02-25T00:00:00Z/2026-02-26T00:00:00Z,2026-02-25T00:00:00Z,2026-02-26T00:00:00Z,AmazonEC2,BoxUsage:m5.2xlarge,RunInstances,16.4048,5.020406,5.081814,Usage,us-east-1,,,prod
a9c56029-f9a0-a301-947b-72e2e12be0f8,2026-02-25T00:00:00Z/2026-02-26T00:00:00Z,2026-02-25T00:00:00Z,2026-02-26T00:00:00Z,AmazonEC2,BoxUsage:m5.2xlarge,RunInstances,3.6277,4.650861,4.579846,Usage,us-east-1,,,prod
4fcd8482-a5e0-f1ff-6a64-d9150fdcef6d,2026-02-25T00:00:00Z/2026-02-26T00:00:00Z,2026-02-25T00:00:00Z,2026-02-26T00:00:00Z,AmazonEC2,BoxUsage:m5.2xlarge,RunInstances,19.5274,4.677941,4.811467,Usage,us-east-1,,,prod
b8f29673-c6f9-483c-7bbf-f958fd5c8319,2026-02-25T00:00:00Z/2026-02-26T00:00:00Z,2026-02-25T00:00:00Z,2026-02-26T00:00:00Z,AmazonEC2,BoxUsage:m5.2xlarge,RunInstances,4.4886,5.008179,4.831879,Usage,us-east-1,,,prod
57f5d058-a195-e547-8ba4-dfc8009b405c,2026-02-25T00:00:00Z/2026-02-26T00:00:00Z,2026-02-25T00:00:00Z,2026-02-26T00:00:00Z,AmazonEC2,BoxUsage:m5.2xlarge,RunInstances,16.5369,5.643253,5.445866,Usage,us-east-1,,,prod
c8a1773b-a97a-e107-6cdb-2d1a7f433099,2026-02-25T00:00:00Z/2026-02-26T00:00:00Z,2026-02-25T00:00:00Z,2026-02-26T00:00:00Z,AmazonEC2,BoxUsage:m5.2xlarge,RunInstances,23.0845,5.465083,5.211578,Usage,us-east-1,,,prod
6447ce29-6dd0-aeb9-c755-a4efebbdeac6,2026-02-25T00:00:00Z/2026-02-26T00:00:00Z,2026-02-25T00:00:00Z,2026-02-26T00:00:00Z,AmazonEC2,BoxUsage:m5.2xlarge,RunInstances,16.5372,5.266223,5.169811,Usage,us-east-1,,,prod
2dc8808c-7054-c505-5493-676923a0d137,2026-02-25T00:00:00Z/2026-02-26T00:00:00Z,2026-02-25T00:00:00Z,2026-02-26T00:00:00Z,AmazonEC2,BoxUsage:m5.2xlarge,RunInstances,18.4844,4.568352,4.663114,Usage,us-east-1,,,prod
9fcd9be9-5e04-e113-53eb-c542caee9630,2026-02-25T00:00:00Z/2026-02-26T00:00:00Z,2026-02-25T00:00:00Z,2026-02-26T00:00:00Z,AmazonEC2,BoxUsage:m5.2xlarge,RunInstances,12.2415,5.29577,5.172432,Usage,us-east-1,,,prod
e49e81e5-e94c-cb99-52f1-22f9065d50c7,2026-02-25T00:00:00Z/2026-02-26T00:00:00Z,2026-02-25T00:00:00Z,2026-02-26T00:00:00Z,AmazonEC2,BoxUsage:m5.2xlarge,RunInstances,21.899,4.997982,4.842301,Usage,us-east-1,,,prod
194ba646-1dc4-00f0-dc68-ec9bf665b201,2026-02-25T00:00:00Z/2026-02-26T00:00:00Z,2026-02-25T00:00:00Z,2026-02-26T00:00:00Z,AmazonEC2,BoxUsage:m5.2xlarge,RunInstances,1.5973,5.801854,5.685408,Usage,us-east-1,,,prod
1fb1c1da-7e84-5d75-fa89-ddedd9b9791b,2026-02-25T00:00:00Z/2026-02-26T00:00:00Z,2026-02-25T00:00:00Z,2026-02-26T00:00:00Z,AmazonEC2,BoxUsage:m5.2xlarge,RunInstances,22.9394,5.554943,5.485262,Usage,us-east-1,,,prod
475d76dc-a82c-db3f-cac2-c63b2aa2a65f,2026-02-25T00:00:00Z/2026-02-26T00:00:00Z,2026-02-25T00:00:00Z,2026-02-26T00:00:00Z,AmazonEC2,BoxUsage:m5.xlarge,RunInstances,19.0994,127.179812,132.686824,Usage,us-east-1,,,prod
e5a1e05f-3868-fe64-e558-24188b8471db,2026-02-25T00:00:00Z/2026-02-26T00:00:00Z,2026-02-25T00:00:00Z,2026-02-26T00:00:00Z,AmazonEC2,BoxUsage:m5.xlarge,RunInstances,16.7998,138.120369,134.136862,Usage,us-east-1,,,prod
65aa3f5a-4605-e424-8095-27f6c3444cc8,2026-02-25T00:00:00Z/2026-02-26T00:00:00Z,2026-02-25T00:00:00Z,2026-02-26T00:00:00Z,AmazonEC2,BoxUsage:m5.xlarge,RunInstances,12.6014,145.52092,148.394406,Usage,us-east-1,,,prod
56a11440-5dd2-4116-cda3-25e28a93279a,2026-02-25T00:00:00Z/2026-02-26T00:00:00Z,2026-02-25T00:00:00Z,2026-02-26T00:00:00Z,AmazonEC2,BoxUsage:m5.xlarge,RunInstances,17.6029,138.117259,132.34431,Usage,us-east-1,,,prod
e808fb12-18e6-b401-2d7f-313d8f09e46d,2026-02-25T00:00:00Z/2026-02-26T00:00:00Z,2026-02-25T00:00:00Z,2026-02-26T00:00:00Z,AmazonEC2,BoxUsage:m5.xlarge,RunInstances,9.0936,129.602208,128.446742,Usage,us-east-1,,,prod
0df72c08-949e-f9f6-198e-f142469d8dde,2026-02-26T00:00:00Z/2026-02-27T00:00:00Z,2026-02-26T00:00:00Z,2026-02-27T00:00:00Z,AmazonEKS,AmazonEKS-Hours:perCluster,RunInstances,14.7121,5.62812,5.436012,Usage,us-east-1,,,prod
eba8f22c-7dd5-1c48-9161-99c1004daf7d,2026-02-26T00:00:00Z/2026-02-27T00:00:00Z,2026-02-26T00:00:00Z,2026-02-27T00:00:00Z,AmazonEC2,BoxUsage:m5.2xlarge,RunInstances,16.1985,5.784657,5.900626,Usage,us-east-1,,,prod
feba0b2b-b9a7-f8ec-8836-8e210527be38,2026-02-26T00:00:00Z/2026-02-27T00:00:00Z,2026-02-26T00:00:00Z,2026-02-27T00:00:00Z,AmazonEC2,BoxUsage:m5.2xlarge,RunInstances,5.4378,5.178106,5.109796,Usage,us-east-1,,,prod
c7c931e3-ceb2-20f1-edb6-b1b727db0e1e,2026-02-26T00:00:00Z/2026-02-27T00:00:00Z,2026-02-26T00:00:00Z,2026-02-27T00:00:00Z,AmazonEC2,BoxUsage:m5.2xlarge,RunInstances,10.8161,4.795978,4.768578,Usage,us-east-1,,,prod
8b1f0cc2-be01-da60-6ee2-3814e449157a,2026-02-26T00:00:00Z/2026-02-27T00:00:00Z,2026-02-26T00:00:00Z,2026-02-27T00:00:00Z,AmazonEC2,BoxUsage:m5.2xlarge,RunInstances,14.7447,5.095895,5.19215,Usage,us-east-1,,,prod
22016cab-1869-7a26-e7ed-f6d8cf4929d4,2026-02-26T00:00:00Z/2026-02-27T00:00:00Z,2026-02-26T00:00:00Z,2026-02-27T00:00:00Z,AmazonEC2,BoxUsage:m5.2xlarge,RunInstances,4.3574,5.42889,5.306225,Usage,us-east-1,,,prod
eec9c719-c255-2a13-4037-478057d60f30,2026-02-26T00:00:00Z/2026-02-27T00:00:00Z,2026-02-26T00:00:00Z,2026-02-27T00:00:00Z,AmazonEC2,BoxUsage:m5.2xlarge,RunInstances,22.8544,4.698375,4.615345,Usage,us-east-1,,,prod
b2a8952c-0976-ce43-6a20-759fc2c386c3,2026-02-26T00:00:00Z/2026-02-27T00:00:00Z,2026-02-26T00:00:00Z,2026-02-27T00:00:00Z,AmazonEC2,BoxUsage:m5.2xlarge,RunInstances,10.0511,5.410876,5.468563,Usage,us-east-1,,,prod
4cc20881-1282-bf7b-fcd6-06b2db9d2708,2026-02-26T00:00:00Z/2026-02-27T00:00:00Z,2026-02-26T00:00:00Z,2026-02-27T00:00:00Z,AmazonEC2,BoxUsage:m5.2xlarge,RunInstances,10.475,5.019601,5.002342,Usage,us-east-1,,,prod
4fa6824d-19a6-250a-f9a2-627977d9910f,2026-02-26T00:00:00Z/2026-02-27T00:00:00Z,2026-02-26T00:00:00Z,2026-02-27T00:00:00Z,AmazonEC2,BoxUsage:m5.2xlarge,RunInstances,10.1977,5.729828,5.916673,Usage,us-east-1,,,prod
33dbb975-7f84-4f76-cc5b-290569d5e87a,2026-02-26T00:00:00Z/2026-02-27T00:00:00Z,2026-02-26T00:00:00Z,2026-02-27T00:00:00Z,AmazonEC2,BoxUsage:m5.2xlarge,RunInstances,17.4033,5.049828,4.939892,Usage,us-east-1,,,prod
f1ba4870-69b2-7c9a-b9e2-07ec1b4122d1,2026-02-26T00:00:00Z/2026-02-27T00:00:00Z,2026-02-26T00:00:00Z,2026-02-27T00:00:00Z,AmazonEC2,BoxUsage:m5.2xlarge,RunInstances,17.3597,5.128854,4.947826,Usage,us-east-1,,,prod
2c3c6ca2-6b69-6eb0-4bcf-245ac2baa4f5,2026-02-26T00:00:00Z/2026-02-27T00:00:00Z,2026-02-26T00:00:00Z,2026-02-27T00:00:00Z,AmazonEC2,BoxUsage:m5.2xlarge,RunInstances,3.8268,5.098048,4.931165,Usage,us-east-1,,,prod
4ce26980-5a62-7103-a680-6cff8f6adce6,2026-02-26T00:00:00Z/2026-02-27T00:00:00Z,2026-02-26T00:00:00Z,2026-02-27T00:00:00Z,AmazonEC2,BoxUsage:m5.2xlarge,RunInstances,23.0368,5.03488,5.029247,Usage,us-east-1,,,prod
24661308-73f1-aee3-86d5-11593efbda9b,2026-02-26T00:00:00Z/2026-02-27T00:00:00Z,2026-02-26T00:00:00Z,2026-02-27T00:00:00Z,AmazonEC2,BoxUsage:m5.2xlarge,RunInstances,22.2259,4.882979,4.685054,Usage,us-east-1,,,prod
63651ed9-ddd7-de14-b5a8-eb7cc6629e46,2026-02-26T00:00:00Z/2026-02-27T00:00:00Z,2026-02-26T00:00:00Z,2026-02-27T00:00:00Z,AmazonEC2,BoxUsage:m5.2xlarge,RunInstances,6.6435,6.061591,6.008523,Usage,us-east-1,,,prod
f1d5a3a3-7af4-5e60-1930-bceb8a4ccacf,2026-02-26T00:00:00Z/2026-02-27T00:00:00Z,2026-02-26T00:00:00Z,2026-02-27T00:00:00Z,AmazonEC2,BoxUsage:m5.2xlarge,RunInstances,2.019,5.242055,5.383494,Usage,us-east-1,,,prod
f20026f6-df6e-5f2c-b41e-0d6db0276149,2026-02-26T00:00:00Z/2026-02-27T00:00:00Z,2026-02-26T00:00:00Z,2026-02-27T00:00:00Z,AmazonEC2,BoxUsage:m5.2xlarge,RunInstances,12.9948,5.369051,5.534997,Usage,us-east-1,,,prod
61893627-bca5-8d1b-194c-ebd83f8dac2b,2026-02-26T00:00:00Z/2026-02-27T00:00:00Z,2026-02-26T00:00:00Z,2026-02-27T00:00:00Z,AmazonEC2,BoxUsage:m5.2xlarge,RunInstances,13.6169,6.014595,5.746237,Usage,us-east-1,,,prod
31cfd110-3120-f674-19fe-412fd2d4b479,2026-02-26T00:00:00Z/2026-02-27T00:00:00Z,2026-02-26T00:00:00Z,2026-02-27T00:00:00Z,AmazonEC2,BoxUsage:m5.2xlarge,RunInstances,16.0706,4.95021,4.719657,Usage,us-east-1,,,prod
9b4cc3c8-a202-2f0f-dfbc-23f49cbfbf61,2026-02-26T00:00:00Z/2026-02-27T00:00:00Z,2026-02-26T00:00:00Z,2026-02-27T00:00:00Z,AmazonEC2,BoxUsage:m5.2xlarge,RunInstances,14.8907,5.247851,5.011156,Usage,us-east-1,,,prod
cc8379e8-147d-1cc2-3a1a-d459bdc2c33d,2026-02-26T00:00:00Z/2026-02-27T00:00:00Z,2026-02-26T00:00:00Z,2026-02-27T00:00:00Z,AmazonEC2,BoxUsage:m5.xlarge,RunInstances,23.5998,138.767605,140.203536,Usage,us-east-1,,,prod
11fde000-fa8f-9ff2-1e3f-89a1a61e94c2,2026-02-26T00:00:00Z/2026-02-27T00:00:00Z,2026-02-26T00:00:00Z,2026-02-27T00:00:00Z,AmazonEC2,BoxUsage:m5.xlarge,RunInstances,18.7732,130.712827,128.497191,Usage,us-east-1,,,prod
fdba37b1-0d5d-2193-6938-bafe33db43bb,2026-02-26T00:00:00Z/2026-02-27T00:00:00Z,2026-02-26T00:00:00Z,2026-02-27T00:00:00Z,AmazonEC2,BoxUsage:m5.xlarge,RunInstances,22.3808,123.929137,125.075574,Usage,us-east-1,,,prod
0dbfe7d0-1750-8025-db8d-a2fd94bd35f7,2026-02-26T00:00:00Z/2026-02-27T00:00:00Z,2026-02-26T00:00:00Z,2026-02-27T00:00:00Z,AmazonEC2,BoxUsage:m5.xlarge,RunInstances,10.7282,126.41507,121.477731,Usage,us-east-1,,,prod
a643b5f4-ea74-2f29-6f04-a30ffd95708f,2026-02-26T00:00:00Z/2026-02-27T00:00:00Z,2026-02-26T00:00:00Z,2026-02-27T00:00:00Z,AmazonEC2,BoxUsage:m5.xlarge,RunInstances,16.1198,164.184644,166.923416,Usage,us-east-1,,,prod
9d7fe0ba-5282-e393-783b-6adbc9a0c17b,2026-02-27T00:00:00Z/2026-02-28T00:00:00Z,2026-02-27T00:00:00Z,2026-02-28T00:00:00Z,AmazonEKS,AmazonEKS-Hours:perCluster,RunInstances,2.2629,5.213852,5.107689,Usage,us-east-1,,,prod
e4e2e395-e3f8-24a0-15e0-ae22a2d595c9,2026-02-27T00:00:00Z/2026-02-28T00:00:00Z,2026-02-27T00:00:00Z,2026-02-28T00:00:00Z,AmazonEC2,BoxUsage:m5.2xlarge,RunInstances,1.6329,5.725144,5.83919,Usage,us-east-1,,,prod
ae6c1ca8-1ea5-7cf0-a331-6ff2f0e96243,2026-02-27T00:00:00Z/2026-02-28T00:00:00Z,2026-02-27T00:00:00Z,2026-02-28T00:00:00Z,AmazonEC2,BoxUsage:m5.2xlarge,RunInstances,23.398,4.746736,4.877345,Usage,us-east-1,,,prod
d41d5362-cf17-6b16-d97a-96b13cdc782b,2026-02-27T00:00:00Z/2026-02-28T00:00:00Z,2026-02-27T00:00:00Z,2026-02-28T00:00:00Z,AmazonEC2,BoxUsage:m5.2xlarge,RunInstances,1.951,4.911728,4.710142,Usage,us-east-1,,,prod
879aad51-6483-8bba-f189-b78f60c82f24,2026-02-27T00:00:00Z/2026-02-28T00:00:00Z,2026-02-27T00:00:00Z,2026-02-28T00:00:00Z,AmazonEC2,BoxUsage:m5.2xlarge,RunInstances,17.7401,5.73156,5.99437,Usage,us-east-1,,,prod
089d05eb-8ee9-a168-c791-842ad932d8d0,2026-02-27T00:00:00Z/2026-02-28T00:00:00Z,2026-02-27T00:00:00Z,2026-02-28T00:00:00Z,AmazonEC2,BoxUsage:m5.2xlarge,RunInstances,7.7729,4.711367,4.845386,Usage,us-east-1,,,prod
cfd0c4b2-f0ea-27c6-4970-ab3fb4d7078d,2026-02-27T00:00:00Z/2026-02-28T00:00:00Z,2026-02-27T00:00:00Z,2026-02-28T00:00:00Z,AmazonEC2,BoxUsage:m5.2xlarge,RunInstances,5.6309,5.001262,5.181641,Usage,us-east-1,,,prod
a6eebdcd-b6d1-962e-600f-530040a377d7,2026-02-27T00:00:00Z/2026-02-28T00:00:00Z,2026-02-27T00:00:00Z,2026-02-28T00:00:00Z,AmazonEC2,BoxUsage:m5.2xlarge,RunInstances,6.2191,5.930222,6.076677,Usage,us-east-1,,,prod
32620987-fa16-46b4-d3b9-86626f1be9fd,2026-02-27T00:00:00Z/2026-02-28T00:00:00Z,2026-02-27T00:00:00Z,2026-02-28T00:00:00Z,AmazonEC2,BoxUsage:m5.2xlarge,RunInstances,8.9749,4.593625,4.497186,Usage,us-east-1,,,prod
703a1ae9-a1a8-cdfc-5495-a55c91346cad,2026-02-27T00:00:00Z/2026-02-28T00:00:00Z,2026-02-27T00:00:00Z,2026-02-28T00:00:00Z,AmazonEC2,BoxUsage:m5.2xlarge,RunInstances,9.2806,5.009053,5.25237,Usage,us-east-1,,,prod
60eca345-3c52-c709-1622-5ae06713f6f1,2026-02-27T00:00:00Z/2026-02-28T00:00:00Z,2026-02-27T00:00:00Z,2026-02-28T00:00:00Z,AmazonEC2,BoxUsage:m5.2xlarge,RunInstances,5.0853,5.608477,5.479002,Usage,us-east-1,,,prod
3c7e6f70-1958-fb93-7c81-d4df941ff351,2026-02-27T00:00:00Z/2026-02-28T00:00:00Z,2026-02-27T00:00:00Z,2026-02-28T00:00:00Z,AmazonEC2,BoxUsage:m5.2xlarge,RunInstances,9.5579,4.856156,4.867987,Usage,us-east-1,,,prod
1b955f03-df2a-acae-a4fb-43f1c9408124,2026-02-27T00:00:00Z/2026-02-28T00:00:00Z,2026-02-27T00:00:00Z,2026-02-28T00:00:00Z,AmazonEC2,BoxUsage:m5.2xlarge,RunInstances,11.9649,4.607658,4.543821,Usage,us-east-1,,,prod
95f6475c-17c0-0ddd-aa10-c8e3adc2a51b,2026-02-27T00:00:00Z/2026-02-28T00:00:00Z,2026-02-27T00:00:00Z,2026-02-28T00:00:00Z,AmazonEC2,BoxUsage:m5.2xlarge,RunInstances,7.1464,5.008333,5.244644,Usage,us-east-1,,,prod
16a87c51-a973-f560-43b6-a862dfa4d343,2026-02-27T00:00:00Z/2026-02-28T00:00:00Z,2026-02-27T00:00:00Z,2026-02-28T00:00:00Z,AmazonEC2,BoxUsage:m5.2xlarge,RunInstances,21.5165,4.791247,4.676942,Usage,us-east-1,,,prod
1be548b7-2836-dc44-6abd-1b61c47d5a79,2026-02-27T00:00:00Z/2026-02-28T00:00:00Z,2026-02-27T00:00:00Z,2026-02-28T00:00:00Z,AmazonEC2,BoxUsage:m5.2xlarge,RunInstances,20.4199,5.285797,5.39583,Usage,us-east-1,,,prod
21d72e20-3e58-cc17-8d6a-09e12b549c9e,2026-02-27T00:00:00Z/2026-02-28T00:00:00Z,2026-02-27T00:00:00Z,2026-02-28T00:00:00Z,AmazonEC2,BoxUsage:m5.2xlarge,RunInstances,1.2313,4.828485,4.684396,Usage,us-east-1,,,prod
f7ea2c72-7fac-a2df-66ab-9e3308fe6e95,2026-02-27T00:00:00Z/2026-02-28T00:00:00Z,2026-02-27T00:00:00Z,2026-02-28T00:00:00Z,AmazonEC2,BoxUsage:m5.2xlarge,RunInstances,20.8014,5.192569,5.429148,Usage,us-east-1,,,prod
3f54210e-43eb-15b8-0cd7-40affd00c514,2026-02-27T00:00:00Z/2026-02-28T00:00:00Z,2026-02-27T00:00:00Z,2026-02-28T00:00:00Z,AmazonEC2,BoxUsage:m5.2xlarge,RunInstances,2.9352,5.389351,5.627326,Usage,us-east-1,,,prod
7c7ac429-6327-c946-74d2-82c788344d42,2026-02-27T00:00:00Z/2026-02-28T00:00:00Z,2026-02-27T00:00:00Z,2026-02-28T00:00:00Z,AmazonEC2,BoxUsage:m5.2xlarge,RunInstances,8.7337,4.765147,4.823651,Usage,us-east-1,,,prod
203374f5-0c61-f33e-64de-7b05fbed9260,2026-02-27T00:00:00Z/2026-02-28T00:00:00Z,2026-02-27T00:00:00Z,2026-02-28T00:00:00Z,AmazonEC2,BoxUsage:m5.2xlarge,RunInstances,17.9641,5.557675,5.349922,Usage,us-east-1,,,prod
34ba632d-b70f-7561-7f8e-ed5fe0030c27,2026-02-27T00:00:00Z/2026-02-28T00:00:00Z,2026-02-27T00:00:00Z,2026-02-28T00:00:00Z,AmazonEC2,BoxUsage:m5.xlarge,RunInstances,23.5196,133.223947,127.998514,Usage,us-east-1,,,prod
d642a703-1f20-f5f8-4656-e5c35a222470,2026-02-27T00:00:00Z/2026-02-28T00:00:00Z,2026-02-27T00:00:00Z,2026-02-28T00:00:00Z,AmazonEC2,BoxUsage:m5.xlarge,RunInstances,9.3254,134.364651,137.917855,Usage,us-east-1,,,prod
261e5a87-4489-0828-5c39-b45bf157d59f,2026-02-27T00:00:00Z/2026-02-28T00:00:00Z,2026-02-27T00:00:00Z,2026-02-28T00:00:00Z,AmazonEC2,BoxUsage:m5.xlarge,RunInstances,16.8934,132.220584,137.775461,Usage,us-east-1,,,prod
19f9ddb2-4d2f-82ad-6bb5-1ea67e1455f1,2026-02-27T00:00:00Z/2026-02-28T00:00:00Z,2026-02-27T00:00:00Z,2026-02-28T00:00:00Z,AmazonEC2,BoxUsage:m5.xlarge,RunInstances,16.5536,155.385169,159.272457,Usage,us-east-1,,,prod
6dbbbba0-032f-e164-70b9-912d21b821e7,2026-02-27T00:00:00Z/2026-02-28T00:00:00Z,2026-02-27T00:00:00Z,2026-02-28T00:00:00Z,AmazonEC2,BoxUsage:m5.xlarge,RunInstances,3.9841,125.660606,124.386232,Usage,us-east-1,,,prod
ceb238bb-6bc2-8677-a7b2-e67bba8fa032,2026-02-28T00:00:00Z/2026-03-01T00:00:00Z,2026-02-28T00:00:00Z,2026-03-01T00:00:00Z,AmazonEKS,AmazonEKS-Hours:perCluster,RunInstances,14.8139,5.188638,5.004583,Usage,us-east-1,,,prod
94ed3adb-2825-1fce-0bac-76005fd77fcd,2026-02-28T00:00:00Z/2026-03-01T00:00:00Z,2026-02-28T00:00:00Z,2026-03-01T00:00:00Z,AmazonEC2,BoxUsage:m5.2xlarge,RunInstances,14.8643,4.876101,4.838763,Usage,us-east-1,,,prod
dbaf0dd5-900e-ca2d-da6e-7e1c63130c75,2026-02-28T00:00:00Z/2026-03-01T00:00:00Z,2026-02-28T00:00:00Z,2026-03-01T00:00:00Z,AmazonEC2,BoxUsage:m5.2xlarge,RunInstances,15.1014,4.928766,4.831685,Usage,us-east-1,,,prod
e6cb8ee3-a8a2-fa1f-bcb4-67bf5c00e8b6,2026-02-28T00:00:00Z/2026-03-01T00:00:00Z,2026-02-28T00:00:00Z,2026-03-01T00:00:00Z,AmazonEC2,BoxUsage:m5.2xlarge,RunInstances,21.503,5.381964,5.49398,Usage,us-east-1,,,prod
38d19659-c409-9599-49b9-057b2ad2a589,2026-02-28T00:00:00Z/2026-03-01T00:00:00Z,2026-02-28T00:00:00Z,2026-03-01T00:00:00Z,AmazonEC2,BoxUsage:m5.2xlarge,RunInstances,5.104,6.07083,6.017254,Usage,us-east-1,,,prod
392ec94d-8183-f96b-fe16-4854f956774e,2026-02-28T00:00:00Z/2026-03-01T00:00:00Z,2026-02-28T00:00:00Z,2026-03-01T00:00:00Z,AmazonEC2,BoxUsage:m5.2xlarge,RunInstances,10.664,4.987505,4.934555,Usage,us-east-1,,,prod
a67716cd-4ff5-be50-f754-54c94d9c7e7c,2026-02-28T00:00:00Z/2026-03-01T00:00:00Z,2026-02-28T00:00:00Z,2026-03-01T00:00:00Z,AmazonEC2,BoxUsage:m5.2xlarge,RunInstances,22.6107,5.74062,5.67695,Usage,us-east-1,,,prod
bfd1ea85-3a4f-4496-10cb-6ac142c241fd,2026-02-28T00:00:00Z/2026-03-01T00:00:00Z,2026-02-28T00:00:00Z,2026-03-01T00:00:00Z,AmazonEC2,BoxUsage:m5.2xlarge,RunInstances,19.2116,6.086779,6.311327,Usage,us-east-1,,,prod
48215d29-a27a-4c69-1a1e-10a114055b1d,2026-02-28T00:00:00Z/2026-03-01T00:00:00Z,2026-02-28T00:00:00Z,2026-03-01T00:00:00Z,AmazonEC2,BoxUsage:m5.2xlarge,RunInstances,1.536,5.23595,5.187144,Usage,us-east-1,,,prod
03fa435e-f62c-cad9-46ea-a31b764df1f4,2026-02-28T00:00:00Z/2026-03-01T00:00:00Z,2026-02-28T00:00:00Z,2026-03-01T00:00:00Z,AmazonEC2,BoxUsage:m5.2xlarge,RunInstances,16.0515,4.783758,4.642453,Usage,us-east-1,,,prod
28bafae8-af27-6856-fa79-e9d507246672,2026-02-28T00:00:00Z/2026-03-01T00:00:00Z,2026-02-28T00:00:00Z,2026-03-01T00:00:00Z,AmazonEC2,BoxUsage:m5.2xlarge,RunInstances,10.3158,4.902774,4.766193,Usage,us-east-1,,,prod
990ca207-9b68-1dbd-515c-90040271b77d,2026-02-28T00:00:00Z/2026-03-01T00:00:00Z,2026-02-28T00:00:00Z,2026-03-01T00:00:00Z,AmazonEC2,BoxUsage:m5.2xlarge,RunInstances,19.552,4.60895,4.540955,Usage,us-east-1,,,prod
cc4137aa-da87-7b5f-f068-bf035136079d,2026-02-28T00:00:00Z/2026-03-01T00:00:00Z,2026-02-28T00:00:00Z,2026-03-01T00:00:00Z,AmazonEC2,BoxUsage:m5.2xlarge,RunInstances,4.2551,4.934658,4.824442,Usage,us-east-1,,,prod
69b94771-f8be-f61f-f940-54809430060f,2026-02-28T00:00:00Z/2026-03-01T00:00:00Z,2026-02-28T00:00:00Z,2026-03-01T00:00:00Z,AmazonEC2,BoxUsage:m5.2xlarge,RunInstances,10.18,5.833654,5.603479,Usage,us-east-1,,,prod
ac326c31-d82f-12d0-0118-deba2a186721,2026-02-28T00:00:00Z/2026-03-01T00:00:00Z,2026-02-28T00:00:00Z,2026-03-01T00:00:00Z,AmazonEC2,BoxUsage:m5.2xlarge,RunInstances,8.1959,4.733957,4.776538,Usage,us-east-1,,,prod
a1ab1ff6-4379-347a-4c6b-10ee0e3a3d03,2026-02-28T00:00:00Z/2026-03-01T00:00:00Z,2026-02-28T00:00:00Z,2026-03-01T00:00:00Z,AmazonEC2,BoxUsage:m5.2xlarge,RunInstances,12.8205,5.718084,5.492877,Usage,us-east-1,,,prod
7531e2f9-aba3-ecca-9bee-7823f6074677,2026-02-28T00:00:00Z/2026-03-01T00:00:00Z,2026-02-28T00:00:00Z,2026-03-01T00:00:00Z,AmazonEC2,BoxUsage:m5.2xlarge,RunInstances,7.8624,5.627315,5.351636,Usage,us-east-1,,,prod
e5282c76-0b5e-c90d-d8ac-ea4970419d29,2026-02-28T00:00:00Z/2026-03-01T00:00:00Z,2026-02-28T00:00:00Z,2026-03-01T00:00:00Z,AmazonEC2,BoxUsage:m5.2xlarge,RunInstances,3.1716,5.949092,5.928929,Usage,us-east-1,,,prod
474c9e9a-4b00-686f-4f2c-5fd34599eac6,2026-02-28T00:00:00Z/2026-03-01T00:00:00Z,2026-02-28T00:00:00Z,2026-03-01T00:00:00Z,AmazonEC2,BoxUsage:m5.2xlarge,RunInstances,4.7965,6.115781,6.051302,Usage,us-east-1,,,prod
516472da-d0aa-c71b-144e-df5556a66667,2026-02-28T00:00:00Z/2026-03-01T00:00:00Z,2026-02-28T00:00:00Z,2026-03-01T00:00:00Z,AmazonEC2,BoxUsage:m5.2xlarge,RunInstances,3.0283,5.742128,5.849756,Usage,us-east-1,,,prod
6a4ea3fe-9ad8-73f6-dde1-3a43385c9057,2026-02-28T00:00:00Z/2026-03-01T00:00:00Z,2026-02-28T00:00:00Z,2026-03-01T00:00:00Z,AmazonEC2,BoxUsage:m5.2xlarge,RunInstances,4.7698,5.460491,5.194587,Usage,us-east-1,,,prod
1387099b-fd4b-0640-1f56-1fdae26a0873,2026-02-28T00:00:00Z/2026-03-01T00:00:00Z,2026-02-28T00:00:00Z,2026-03-01T00:00:00Z,AmazonEC2,BoxUsage:m5.xlarge,RunInstances,13.2642,123.783722,126.612318,Usage,us-east-1,,,prod
146f2732-1cfd-2253-2ded-b6fb25828655,2026-02-28T00:00:00Z/2026-03-01T00:00:00Z,2026-02-28T00:00:00Z,2026-03-01T00:00:00Z,AmazonEC2,BoxUsage:m5.xlarge,RunInstances,12.9565,146.084599,142.806188,Usage,us-east-1,,,prod
3b4b2e0e-550b-bcee-04d5-a6008afe6c93,2026-02-28T00:00:00Z/2026-03-01T00:00:00Z,2026-02-28T00:00:00Z,2026-03-01T00:00:00Z,AmazonEC2,BoxUsage:m5.xlarge,RunInstances,18.0591,162.83283,158.154988,Usage,us-east-1,,,prod
003d6987-fd70-95f0-bc4c-df41643cdbcc,2026-02-28T00:00:00Z/2026-03-01T00:00:00Z,2026-02-28T00:00:00Z,2026-03-01T00:00:00Z,AmazonEC2,BoxUsage:m5.xlarge,RunInstances,22.0302,130.936459,133.375925,Usage,us-east-1,,,prod
01beca12-d6df-2901-2956-3cae0e31b2ec,2026-02-28T00:00:00Z/2026-03-01T00:00:00Z,2026-02-28T00:00:00Z,2026-03-01T00:00:00Z,AmazonEC2,BoxUsage:m5.xlarge,RunInstances,7.4471,161.993095,156.100389,Usage,us-east-1,,,prod
b32fab1c-bf09-ab3b-3487-a76a1f227e82,2026-03-01T00:00:00Z/2026-03-02T00:00:00Z,2026-03-01T00:00:00Z,2026-03-02T00:00:00Z,AmazonEKS,AmazonEKS-Hours:perCluster,RunInstances,8.3737,4.708043,4.61785,Usage,us-east-1,,,prod
e77235e8-080b-5703-45e7-3cb2246ebb06,2026-03-01T00:00:00Z/2026-03-02T00:00:00Z,2026-03-01T00:00:00Z,2026-03-02T00:00:00Z,AmazonEC2,BoxUsage:m5.2xlarge,RunInstances,3.9371,4.957516,4.992906,Usage,us-east-1,,,prod
e6f171b8-0b7e-1522-8f91-b7cc3ca6a0f2,2026-03-01T00:00:00Z/2026-03-02T00:00:00Z,2026-03-01T00:00:00Z,2026-03-02T00:00:00Z,AmazonEC2,BoxUsage:m5.2xlarge,RunInstances,13.85,4.744136,4.558081,Usage,us-east-1,,,prod
25f89ae9-c5ec-7046-dcf4-c24012c49561,2026-03-01T00:00:00Z/2026-03-02T00:00:00Z,2026-03-01T00:00:00Z,2026-03-02T00:00:00Z,AmazonEC2,BoxUsage:m5.2xlarge,RunInstances,18.0689,5.025268,4.937759,Usage,us-east-1,,,prod
bdd52f66-a91d-2cbe-a931-4827f84a48b7,2026-03-01T00:00:00Z/2026-03-02T00:00:00Z,2026-03-01T00:00:00Z,2026-03-02T00:00:00Z,AmazonEC2,BoxUsage:m5.2xlarge,RunInstances,23.6406,5.361742,5.301076,Usage,us-east-1,,,prod
1ddeb9dd-f7ac-bdc0-2725-03b1473ab622,2026-03-01T00:00:00Z/2026-03-02T00:00:00Z,2026-03-01T00:00:00Z,2026-03-02T00:00:00Z,AmazonEC2,BoxUsage:m5.2xlarge,RunInstances,19.9563,5.278358,5.309784,Usage,us-east-1,,,prod
867e6298-2821-c1bf-a5fd-19117846e820,2026-03-01T00:00:00Z/2026-03-02T00:00:00Z,2026-03-01T00:00:00Z,2026-03-02T00:00:00Z,AmazonEC2,BoxUsage:m5.2xlarge,RunInstances,14.697,6.100848,6.247295,Usage,us-east-1,,,prod
23f73d54-9fe9-c1b4-eeb2-6f44b8509470,2026-03-01T00:00:00Z/2026-03-02T00:00:00Z,2026-03-01T00:00:00Z,2026-03-02T00:00:00Z,AmazonEC2,BoxUsage:m5.2xlarge,RunInstances,1.3511,5.054062,4.908707,Usage,us-east-1,,,prod
02a75274-e482-3168-c27e-fe87ae065a1b,2026-03-01T00:00:00Z/2026-03-02T00:00:00Z,2026-03-01T00:00:00Z,2026-03-02T00:00:00Z,AmazonEC2,BoxUsage:m5.2xlarge,RunInstances,19.6839,5.542606,5.284762,Usage,us-east-1,,,prod
193c79f5-7496-dbd3-9761-52559cdd601b,2026-03-01T00:00:00Z/2026-03-02T00:00:00Z,2026-03-01T00:00:00Z,2026-03-02T00:00:00Z,AmazonEC2,BoxUsage:m5.2xlarge,RunInstances,7.4625,4.549398,4.773362,Usage,us-east-1,,,prod
b1cd68cd-479c-0a28-128b-a56d12101e3f,2026-03-01T00:00:00Z/2026-03-02T00:00:00Z,2026-03-01T00:00:00Z,2026-03-02T00:00:00Z,AmazonEC2,BoxUsage:m5.2xlarge,RunInstances,11.3467,5.04924,5.118461,Usage,us-east-1,,,prod
484b4f89-efde-6de9-9b93-b2db1465e41c,2026-03-01T00:00:00Z/2026-03-02T00:00:00Z,2026-03-01T00:00:00Z,2026-03-02T00:00:00Z,AmazonEC2,BoxUsage:m5.2xlarge,RunInstances,7.6492,6.123536,6.146924,Usage,us-east-1,,,prod
e8ae023f-7582-f3b8-6090-2a4b79d75593,2026-03-01T00:00:00Z/2026-03-02T00:00:00Z,2026-03-01T00:00:00Z,2026-03-02T00:00:00Z,AmazonEC2,BoxUsage:m5.2xlarge,RunInstances,7.2677,5.254316,5.029481,Usage,us-east-1,,,prod
b569a21d-1881-1b93-f391-77f04f88af28,2026-03-01T00:00:00Z/2026-03-02T00:00:00Z,2026-03-01T00:00:00Z,2026-03-02T00:00:00Z,AmazonEC2,BoxUsage:m5.2xlarge,RunInstances,6.5606,4.748555,4.772843,Usage,us-east-1,,,prod
6ecb26dd-96ee-717a-6afa-6743bf2e4e50,2026-03-01T00:00:00Z/2026-03-02T00:00:00Z,2026-03-01T00:00:00Z,2026-03-02T00:00:00Z,AmazonEC2,BoxUsage:m5.2xlarge,RunInstances,13.2408,4.762862,4.572761,Usage,us-east-1,,,prod
5f690edc-6ebe-fe5e-a121-f38f3ead4f7d,2026-03-01T00:00:00Z/2026-03-02T00:00:00Z,2026-03-01T00:00:00Z,2026-03-02T00:00:00Z,AmazonEC2,BoxUsage:m5.2xlarge,RunInstances,17.8153,5.844332,6.025745,Usage,us-east-1,,,prod
e0d54f8f-132e-b7c7-f6c8-37bc7158cd9e,2026-03-01T00:00:00Z/2026-03-02T00:00:00Z,2026-03-01T00:00:00Z,2026-03-02T00:00:00Z,AmazonEC2,BoxUsage:m5.2xlarge,RunInstances,14.2847,4.852386,4.978683,Usage,us-east-1,,,prod
be4f0a0c-9f26-683f-d42a-25bf9d99c355,2026-03-01T00:00:00Z/2026-03-02T00:00:00Z,2026-03-01T00:00:00Z,2026-03-02T00:00:00Z,AmazonEC2,BoxUsage:m5.2xlarge,RunInstances,16.5434,5.452314,5.519998,Usage,us-east-1,,,prod
e15239d3-129d-fd6b-eff4-0a0efb4fc2ec,2026-03-01T00:00:00Z/2026-03-02T00:00:00Z,2026-03-01T00:00:00Z,2026-03-02T00:00:00Z,AmazonEC2,BoxUsage:m5.2xlarge,RunInstances,4.4403,5.884696,5.730487,Usage,us-east-1,,,prod
76b68e18-c268-022d-1833-557e309578a9,2026-03-01T00:00:00Z/2026-03-02T00:00:00Z,2026-03-01T00:00:00Z,2026-03-02T00:00:00Z,AmazonEC2,BoxUsage:m5.2xlarge,RunInstances,22.3268,5.738005,5.656736,Usage,us-east-1,,,prod
0f6ec483-e16c-1165-ccb0-72b8cda38798,2026-03-01T00:00:00Z/2026-03-02T00:00:00Z,2026-03-01T00:00:00Z,2026-03-02T00:00:00Z,AmazonEC2,BoxUsage:m5.2xlarge,RunInstances,22.7741,5.202699,5.124078,Usage,us-east-1,,,prod
7aae170c-375a-1f83-a3d4-0bfcea75358b,2026-03-01T00:00:00Z/2026-03-02T00:00:00Z,2026-03-01T00:00:00Z,2026-03-02T00:00:00Z,AmazonEC2,BoxUsage:m5.xlarge,RunInstances,14.9629,158.504983,162.566477,Usage,us-east-1,,,prod
6f164c8c-03b6-b8ac-d962-445dcd0a8422,2026-03-01T00:00:00Z/2026-03-02T00:00:00Z,2026-03-01T00:00:00Z,2026-03-02T00:00:00Z,AmazonEC2,BoxUsage:m5.xlarge,RunInstances,11.8663,156.740513,155.977171,Usage,us-east-1,,,prod
52d0d1dc-31bd-f9eb-f24e-51b5cd24c47f,2026-03-01T00:00:00Z/2026-03-02T00:00:00Z,2026-03-01T00:00:00Z,2026-03-02T00:00:00Z,AmazonEC2,BoxUsage:m5.xlarge,RunInstances,20.6715,155.085516,150.014913,Usage,us-east-1,,,prod
b22fd8e7-95e4-3fea-d6b4-ce4bc468c7ad,2026-03-01T00:00:00Z/2026-03-02T00:00:00Z,2026-03-01T00:00:00Z,2026-03-02T00:00:00Z,AmazonEC2,BoxUsage:m5.xlarge,RunInstances,19.9994,143.28307,137.838066,Usage,us-east-1,,,prod
f4b5259a-b59a-8baf-f83f-e7aee5d56396,2026-03-01T00:00:00Z/2026-03-02T00:00:00Z,2026-03-01T00:00:00Z,2026-03-02T00:00:00Z,AmazonEC2,BoxUsage:m5.xlarge,RunInstances,9.1755,135.50711,138.471863,Usage,us-east-1,,,prod
d3283490-01d8-db46-849a-abe7047908f8,2026-03-02T00:00:00Z/2026-03-03T00:00:00Z,2026-03-02T00:00:00Z,2026-03-03T00:00:00Z,AmazonEKS,AmazonEKS-Hours:perCluster,RunInstances,14.032,5.1106,5.240007,Usage,us-east-1,,,prod
989cc096-c581-a175-7498-6811598c479a,2026-03-02T00:00:00Z/2026-03-03T00:00:00Z,2026-03-02T00:00:00Z,2026-03-03T00:00:00Z,AmazonEC2,BoxUsage:m5.2xlarge,RunInstances,11.5958,4.626825,4.787428,Usage,us-east-1,,,prod
525f5f9d-7e67-8251-a200-cb303bccca78,2026-03-02T00:00:00Z/2026-03-03T00:00:00Z,2026-03-02T00:00:00Z,2026-03-03T00:00:00Z,AmazonEC2,BoxUsage:m5.2xlarge,RunInstances,19.0875,5.968114,6.174666,Usage,us-east-1,,,prod
319fefba-8769-d654-4f26-56aa62553497,2026-03-02T00:00:00Z/2026-03-03T00:00:00Z,2026-03-02T00:00:00Z,2026-03-03T00:00:00Z,AmazonEC2,BoxUsage:m5.2xlarge,RunInstances,20.5476,5.995012,6.248411,Usage,us-east-1,,,prod
d584221d-49f9-6ebe-831a-ea8a36265cc5,2026-03-02T00:00:00Z/2026-03-03T00:00:00Z,2026-03-02T00:00:00Z,2026-03-03T00:00:00Z,AmazonEC2,BoxUsage:m5.2xlarge,RunInstances,5.504,4.550365,4.452906,Usage,us-east-1,,,prod
14d51695-7da4-bf3e-d753-a713c1a01719,2026-03-02T00:00:00Z/2026-03-03T00:00:00Z,2026-03-02T00:00:00Z,2026-03-03T00:00:00Z,AmazonEC2,BoxUsage:m5.2xlarge,RunInstances,10.0676,5.670291,5.388309,Usage,us-east-1,,,prod
ddfd1268-4d44-85a6-0847-3a5d44879164,2026-03-02T00:00:00Z/2026-03-03T00:00:00Z,2026-03-02T00:00:00Z,2026-03-03T00:00:00Z,AmazonEC2,BoxUsage:m5.2xlarge,RunInstances,21.4359,4.8779,4.96629,Usage,us-east-1,,,prod
d11cde53-d571-468f-88f5-583941d2e6db,2026-03-02T00:00:00Z/2026-03-03T00:00:00Z,2026-03-02T00:00:00Z,2026-03-03T00:00:00Z,AmazonEC2,BoxUsage:m5.2xlarge,RunInstances,18.8395,5.516541,5.40285,Usage,us-east-1,,,prod
cb74115c-f310-2453-7049-b9c4d9f9a82e,2026-03-02T00:00:00Z/2026-03-03T00:00:00Z,2026-03-02T00:00:00Z,2026-03-03T00:00:00Z,AmazonEC2,BoxUsage:m5.2xlarge,RunInstances,8.5614,5.633493,5.865686,Usage,us-east-1,,,prod
1230a773-0d12-58fe-5dd0-e4520ef1ccd0,2026-03-02T00:00:00Z/2026-03-03T00:00:00Z,2026-03-02T00:00:00Z,2026-03-03T00:00:00Z,AmazonEC2,BoxUsage:m5.2xlarge,RunInstances,1.9444,5.629696,5.407476,Usage,us-east-1,,,prod
489a6149-90bf-7ec1-07e3-3bc89cb8d9eb,2026-03-02T00:00:00Z/2026-03-03T00:00:00Z,2026-03-02T00:00:00Z,2026-03-03T00:00:00Z,AmazonEC2,BoxUsage:m5.2xlarge,RunInstances,17.9144,6.095682,6.219284,Usage,us-east-1,,,prod
3b7115cb-f589-b2cd-05a1-b64aef229309,2026-03-02T00:00:00Z/2026-03-03T00:00:00Z,2026-03-02T00:00:00Z,2026-03-03T00:00:00Z,AmazonEC2,BoxUsage:m5.2xlarge,RunInstances,1.1078,5.82862,6.061856,Usage,us-east-1,,,prod
31602db9-2829-03d2-0eb1-76558157acf2,2026-03-02T00:00:00Z/2026-03-03T00:00:00Z,2026-03-02T00:00:00Z,2026-03-03T00:00:00Z,AmazonEC2,BoxUsage:m5.2xlarge,RunInstances,18.3449,4.664691,4.605741,Usage,us-east-1,,,prod
d6044de6-a9fc-3c90-cd57-e7f847555682,2026-03-02T00:00:00Z/2026-03-03T00:00:00Z,2026-03-02T00:00:00Z,2026-03-03T00:00:00Z,AmazonEC2,BoxUsage:m5.2xlarge,RunInstances,19.7045,4.848492,4.739637,Usage,us-east-1,,,prod
5f17ff57-66d0-14fa-59aa-57463ef576aa,2026-03-02T00:00:00Z/2026-03-03T00:00:00Z,2026-03-02T00:00:00Z,2026-03-03T00:00:00Z,AmazonEC2,BoxUsage:m5.2xlarge,RunInstances,4.0364,4.986723,5.191392,Usage,us-east-1,,,prod
e93a074b-8daf-182c-b5a2-a5c62839702f,2026-03-02T00:00:00Z/2026-03-03T00:00:00Z,2026-03-02T00:00:00Z,2026-03-03T00:00:00Z,AmazonEC2,BoxUsage:m5.2xlarge,RunInstances,12.1193,5.841642,5.903516,Usage,us-east-1,,,prod
45f863a1-c776-0aa9-09f3-e66bfbbff2b7,2026-03-02T00:00:00Z/2026-03-03T00:00:00Z,2026-03-02T00:00:00Z,2026-03-03T00:00:00Z,AmazonEC2,BoxUsage:m5.2xlarge,RunInstances,22.0347,5.430984,5.334304,Usage,us-east-1,,,prod
e375d018-b003-591d-6f59-d58e60941f7a,2026-03-02T00:00:00Z/2026-03-03T00:00:00Z,2026-03-02T00:00:00Z,2026-03-03T00:00:00Z,AmazonEC2,BoxUsage:m5.2xlarge,RunInstances,13.0064,5.693416,5.972785,Usage,us-east-1,,,prod
bce9b14b-0689-b504-71be-827df375c13a,2026-03-02T00:00:00Z/2026-03-03T00:00:00Z,2026-03-02T00:00:00Z,2026-03-03T00:00:00Z,AmazonEC2,BoxUsage:m5.2xlarge,RunInstances,3.6649,6.088962,5.939857,Usage,us-east-1,,,prod
ec564604-d6ad-1c29-20cf-d9ca7a2ad7c4,2026-03-02T00:00:00Z/2026-03-03T00:00:00Z,2026-03-02T00:00:00Z,2026-03-03T00:00:00Z,AmazonEC2,BoxUsage:m5.2xlarge,RunInstances,8.3775,5.633608,5.869494,Usage,us-east-1,,,prod
9bf2f2f7-06f0-1bab-d984-fd3f09b50744,2026-03-02T00:00:00Z/2026-03-03T00:00:00Z,2026-03-02T00:00:00Z,2026-03-03T00:00:00Z,AmazonEC2,BoxUsage:m5.2xlarge,RunInstances,15.9596,5.254222,5.474346,Usage,us-east-1,,,prod
7e4a01fd-d769-504a-2905-66b1d38736bc,2026-03-02T00:00:00Z/2026-03-03T00:00:00Z,2026-03-02T00:00:00Z,2026-03-03T00:00:00Z,AmazonEC2,BoxUsage:m5.xlarge,RunInstances,3.1189,163.209015,157.29688,Usage,us-east-1,,,prod
ce569633-0065-49fd-6106-ae558a740186,2026-03-02T00:00:00Z/2026-03-03T00:00:00Z,2026-03-02T00:00:00Z,2026-03-03T00:00:00Z,AmazonEC2,BoxUsage:m5.xlarge,RunInstances,3.4757,162.195012,162.350652,Usage,us-east-1,,,prod
f64e5006-db34-e789-1ae8-29bf3f045bfe,2026-03-02T00:00:00Z/2026-03-03T00:00:00Z,2026-03-02T00:00:00Z,2026-03-03T00:00:00Z,AmazonEC2,BoxUsage:m5.xlarge,RunInstances,21.5601,161.312614,165.502455,Usage,us-east-1,,,prod
10f01793-95c0-4912-d52f-bcdf25445382,2026-03-02T00:00:00Z/2026-03-03T00:00:00Z,2026-03-02T00:00:00Z,2026-03-03T00:00:00Z,AmazonEC2,BoxUsage:m5.xlarge,RunInstances,23.1837,160.487963,154.998046,Usage,us-east-1,,,prod
e19bb389-17ed-6c66-175e-a690d3dbce67,2026-03-02T00:00:00Z/2026-03-03T00:00:00Z,2026-03-02T00:00:00Z,2026-03-03T00:00:00Z,AmazonEC2,BoxUsage:m5.xlarge,RunInstances,9.0931,133.40508,132.409042,Usage,us-east-1,,,prod
719220c9-9366-9ea6-bd13-a35eb2ea9b18,2026-03-03T00:00:00Z/2026-03-04T00:00:00Z,2026-03-03T00:00:00Z,2026-03-04T00:00:00Z,AmazonEKS,AmazonEKS-Hours:perCluster,RunInstances,22.8607,4.900297,4.964677,Usage,us-east-1,,,prod
d2791b6c-28d8-d087-95da-df22801995ff,2026-03-03T00:00:00Z/2026-03-04T00:00:00Z,2026-03-03T00:00:00Z,2026-03-04T00:00:00Z,AmazonEC2,BoxUsage:m5.2xlarge,RunInstances,1.0233,4.556016,4.369756,Usage,us-east-1,,,prod
cfb73725-b1ea-77f5-557e-23033e73e737,2026-03-03T00:00:00Z/2026-03-04T00:00:00Z,2026-03-03T00:00:00Z,2026-03-04T00:00:00Z,AmazonEC2,BoxUsage:m5.2xlarge,RunInstances,7.9321,4.940999,4.843362,Usage,us-east-1,,,prod
e2f9b5a4-6091-0066-8826-2373b5053361,2026-03-03T00:00:00Z/2026-03-04T00:00:00Z,2026-03-03T00:00:00Z,2026-03-04T00:00:00Z,AmazonEC2,BoxUsage:m5.2xlarge,RunInstances,2.336,5.463833,5.499916,Usage,us-east-1,,,prod
4c7c1c5e-6284-809f-edf0-d8e7e9c6bcb3,2026-03-03T00:00:00Z/2026-03-04T00:00:00Z,2026-03-03T00:00:00Z,2026-03-04T00:00:00Z,AmazonEC2,BoxUsage:m5.2xlarge,RunInstances,16.6844,4.568972,4.700666,Usage,us-east-1,,,prod
023d2f3e-7314-3c11-2855-9ee0c2763bd7,2026-03-03T00:00:00Z/2026-03-04T00:00:00Z,2026-03-03T00:00:00Z,2026-03-04T00:00:00Z,AmazonEC2,BoxUsage:m5.2xlarge,RunInstances,14.9788,5.80243,5.883403,Usage,us-east-1,,,prod
3c303f4e-d775-403a-a1a4-b75f4819021e,2026-03-03T00:00:00Z/2026-03-04T00:00:00Z,2026-03-03T00:00:00Z,2026-03-04T00:00:00Z,AmazonEC2,BoxUsage:m5.2xlarge,RunInstances,23.9581,4.875834,4.778544,Usage,us-east-1,,,prod
83526387-d925-226b-2978-3ac9fc2fdf2f,2026-03-03T00:00:00Z/2026-03-04T00:00:00Z,2026-03-03T00:00:00Z,2026-03-04T00:00:00Z,AmazonEC2,BoxUsage:m5.2xlarge,RunInstances,11.5522,5.365119,5.477649,Usage,us-east-1,,,prod
9d6fd0da-c60b-9a6f-f560-55d1a2c89006,2026-03-03T00:00:00Z/2026-03-04T00:00:00Z,2026-03-03T00:00:00Z,2026-03-04T00:00:00Z,AmazonEC2,BoxUsage:m5.2xlarge,RunInstances,13.1518,5.767886,5.697327,Usage,us-east-1,,,prod
b890da59-5cdf-aff1-dafa-38839d2b351c,2026-03-03T00:00:00Z/2026-03-04T00:00:00Z,2026-03-03T00:00:00Z,2026-03-04T00:00:00Z,AmazonEC2,BoxUsage:m5.2xlarge,RunInstances,9.9725,5.1181,5.13333,Usage,us-east-1,,,prod
b4e35eca-7139-89b5-5231-153b5b9092cb,2026-03-03T00:00:00Z/2026-03-04T00:00:00Z,2026-03-03T00:00:00Z,2026-03-04T00:00:00Z,AmazonEC2,BoxUsage:m5.2xlarge,RunInstances,23.3616,4.732834,4.688695,Usage,us-east-1,,,prod
f099c823-8288-3eea-4816-823e28cdb798,2026-03-03T00:00:00Z/2026-03-04T00:00:00Z,2026-03-03T00:00:00Z,2026-03-04T00:00:00Z,AmazonEC2,BoxUsage:m5.2xlarge,RunInstances,17.28,5.825344,5.897222,Usage,us-east-1,,,prod
70592ed9-63bd-28e8-6eff-723a26b0731b,2026-03-03T00:00:00Z/2026-03-04T00:00:00Z,2026-03-03T00:00:00Z,2026-03-04T00:00:00Z,AmazonEC2,BoxUsage:m5.2xlarge,RunInstances,21.8274,4.659062,4.708023,Usage,us-east-1,,,prod
40425210-94f5-6afe-6eab-54abcc1eb9eb,2026-03-03T00:00:00Z/2026-03-04T00:00:00Z,2026-03-03T00:00:00Z,2026-03-04T00:00:00Z,AmazonEC2,BoxUsage:m5.2xlarge,RunInstances,17.8698,5.145386,5.198938,Usage,us-east-1,,,prod
dfa34f2c-5489-a7ea-bc80-47fb93e4c124,2026-03-03T00:00:00Z/2026-03-04T00:00:00Z,2026-03-03T00:00:00Z,2026-03-04T00:00:00Z,AmazonEC2,BoxUsage:m5.2xlarge,RunInstances,6.7021,5.409396,5.253095,Usage,us-east-1,,,prod
35b6b2ec-cc3f-8598-7232-106fd0dd7268,2026-03-03T00:00:00Z/2026-03-04T00:00:00Z,2026-03-03T00:00:00Z,2026-03-04T00:00:00Z,AmazonEC2,BoxUsage:m5.2xlarge,RunInstances,7.3674,5.53742,5.423474,Usage,us-east-1,,,prod
6740d3dd-7004-3267-e729-f6cea9d857d6,2026-03-03T00:00:00Z/2026-03-04T00:00:00Z,2026-03-03T00:00:00Z,2026-03-04T00:00:00Z,AmazonEC2,BoxUsage:m5.2xlarge,RunInstances,7.8948,5.396966,5.292981,Usage,us-east-1,,,prod
940f7ce6-02f9-22d9-5c11-3cd928fd0322,2026-03-03T00:00:00Z/2026-03-04T00:00:00Z,2026-03-03T00:00:00Z,2026-03-04T00:00:00Z,AmazonEC2,BoxUsage:m5.2xlarge,RunInstances,14.8772,5.390711,5.573668,Usage,us-east-1,,,prod
e1b31d8c-3873-e01f-208b-a334c972e3f6,2026-03-03T00:00:00Z/2026-03-04T00:00:00Z,2026-03-03T00:00:00Z,2026-03-04T00:00:00Z,AmazonEC2,BoxUsage:m5.2xlarge,RunInstances,22.3244,6.110342,6.247861,Usage,us-east-1,,,prod
b1cbfc7c-3c03-2691-dcf3-1368e08fbb92,2026-03-03T00:00:00Z/2026-03-04T00:00:00Z,2026-03-03T00:00:00Z,2026-03-04T00:00:00Z,AmazonEC2,BoxUsage:m5.2xlarge,RunInstances,18.6354,5.388813,5.467513,Usage,us-east-1,,,prod
1a5016a8-1006-d389-8885-df7f3cd4d047,2026-03-03T00:00:00Z/2026-03-04T00:00:00Z,2026-03-03T00:00:00Z,2026-03-04T00:00:00Z,AmazonEC2,BoxUsage:m5.2xlarge,RunInstances,10.8783,6.063138,6.141521,Usage,us-east-1,,,prod
d9f9a577-a876-7b58-aaed-36189f874725,2026-03-03T00:00:00Z/2026-03-04T00:00:00Z,2026-03-03T00:00:00Z,2026-03-04T00:00:00Z,AmazonEC2,BoxUsage:m5.xlarge,RunInstances,14.99,141.347011,143.434687,Usage,us-east-1,,,prod
96cb5920-db53-61e7-b67d-3c5d52f61d7b,2026-03-03T00:00:00Z/2026-03-04T00:00:00Z,2026-03-03T00:00:00Z,2026-03-04T00:00:00Z,AmazonEC2,BoxUsage:m5.xlarge,RunInstances,23.8477,154.303502,159.666418,Usage,us-east-1,,,prod
05886edd-815d-fef2-6bea-d69d36fba1a1,2026-03-03T00:00:00Z/2026-03-04T00:00:00Z,2026-03-03T00:00:00Z,2026-03-04T00:00:00Z,AmazonEC2,BoxUsage:m5.xlarge,RunInstances,11.8131,125.497523,128.882356,Usage,us-east-1,,,prod
31ca48df-de15-bb9e-0e04-43a5aac16fa5,2026-03-03T00:00:00Z/2026-03-04T00:00:00Z,2026-03-03T00:00:00Z,2026-03-04T00:00:00Z,AmazonEC2,BoxUsage:m5.xlarge,RunInstances,20.1722,156.384275,157.649896,Usage,us-east-1,,,prod
81cedc8f-fc6c-d64f-3bf7-3965380a67db,2026-03-03T00:00:00Z/2026-03-04T00:00:00Z,2026-03-03T00:00:00Z,2026-03-04T00:00:00Z,AmazonEC2,BoxUsage:m5.xlarge,RunInstances,7.3097,125.841488,120.983307,Usage,us-east-1,,,prod
9b273945-0670-70a4-50f1-308f3502d11a,2026-03-04T00:00:00Z/2026-03-05T00:00:00Z,2026-03-04T00:00:00Z,2026-03-05T00:00:00Z,AmazonEKS,AmazonEKS-Hours:perCluster,RunInstances,10.6892,5.49703,5.238871,Usage,us-east-1,,,prod
9d98c9b9-07c3-63a8-2360-f41f0951b8c2,2026-03-04T00:00:00Z/2026-03-05T00:00:00Z,2026-03-04T00:00:00Z,2026-03-05T00:00:00Z,AmazonEC2,BoxUsage:m5.2xlarge,RunInstances,23.6763,6.029995,6.219436,Usage,us-east-1,,,prod
2eafda3f-501c-97d7-d2b4-ce2dfb819bed,2026-03-04T00:00:00Z/2026-03-05T00:00:00Z,2026-03-04T00:00:00Z,2026-03-05T00:00:00Z,AmazonEC2,BoxUsage:m5.2xlarge,RunInstances,4.9899,5.018808,4.971942,Usage,us-east-1,,,prod
eea93e8c-14b4-e818-8510-18951042618c,2026-03-04T00:00:00Z/2026-03-05T00:00:00Z,2026-03-04T00:00:00Z,2026-03-05T00:00:00Z,AmazonEC2,BoxUsage:m5.2xlarge,RunInstances,3.7803,4.904028,4.769698,Usage,us-east-1,,,prod
3df9287d-ffc6-26a5-7f4b-baed6883d073,2026-03-04T00:00:00Z/2026-03-05T00:00:00Z,2026-03-04T00:00:00Z,2026-03-05T00:00:00Z,AmazonEC2,BoxUsage:m5.2xlarge,RunInstances,10.1552,6.115021,5.855123,Usage,us-east-1,,,prod
7d0b04e4-7560-c17c-4327-94fba7e67d34,2026-03-04T00:00:00Z/2026-03-05T00:00:00Z,2026-03-04T00:00:00Z,2026-03-05T00:00:00Z,AmazonEC2,BoxUsage:m5.2xlarge,RunInstances,11.9385,5.791422,5.794304,Usage,us-east-1,,,prod
f173d988-7a47-3af6-d9d4-1fd6866b198a,2026-03-04T00:00:00Z/2026-03-05T00:00:00Z,2026-03-04T00:00:00Z,2026-03-05T00:00:00Z,AmazonEC2,BoxUsage:m5.2xlarge,RunInstances,16.9732,5.16581,5.220807,Usage,us-east-1,,,prod
5d3eb656-a3c3-19e5-cf51-84ec06699555,2026-03-04T00:00:00Z/2026-03-05T00:00:00Z,2026-03-04T00:00:00Z,2026-03-05T00:00:00Z,AmazonEC2,BoxUsage:m5.2xlarge,RunInstances,17.5883,4.557873,4.620773,Usage,us-east-1,,,prod
ef4122d7-8aed-e1b6-e282-58fd3dbef3b8,2026-03-04T00:00:00Z/2026-03-05T00:00:00Z,2026-03-04T00:00:00Z,2026-03-05T00:00:00Z,AmazonEC2,BoxUsage:m5.2xlarge,RunInstances,3.9858,4.958968,5.00681,Usage,us-east-1,,,prod
4bcbe371-20ec-b8b5-335f-74094ebe56c4,2026-03-04T00:00:00Z/2026-03-05T00:00:00Z,2026-03-04T00:00:00Z,2026-03-05T00:00:00Z,AmazonEC2,BoxUsage:m5.2xlarge,RunInstances,22.5807,4.66104,4.669807,Usage,us-east-1,,,prod
32897386-f82d-1357-4afc-80e91b5163b8,2026-03-04T00:00:00Z/2026-03-05T00:00:00Z,2026-03-04T00:00:00Z,2026-03-05T00:00:00Z,AmazonEC2,BoxUsage:m5.2xlarge,RunInstances,4.3435,4.877613,5.022852,Usage,us-east-1,,,prod
30b8c557-c5b6-d17d-478e-24d298be803c,2026-03-04T00:00:00Z/2026-03-05T00:00:00Z,2026-03-04T00:00:00Z,2026-03-05T00:00:00Z,AmazonEC2,BoxUsage:m5.2xlarge,RunInstances,18.8904,5.686004,5.961102,Usage,us-east-1,,,prod
8c370986-9867-4fc7-8b28-d72bf6a8cb8d,2026-03-04T00:00:00Z/2026-03-05T00:00:00Z,2026-03-04T00:00:00Z,2026-03-05T00:00:00Z,AmazonEC2,BoxUsage:m5.2xlarge,RunInstances,18.6741,5.338137,5.387861,Usage,us-east-1,,,prod
27c919b0-e307-d9d0-2469-408b1df068ca,2026-03-04T00:00:00Z/2026-03-05T00:00:00Z,2026-03-04T00:00:00Z,2026-03-05T00:00:00Z,AmazonEC2,BoxUsage:m5.2xlarge,RunInstances,4.9874,5.980408,5.932611,Usage,us-east-1,,,prod
8da6fad7-156e-1025-47da-d8177336648c,2026-03-04T00:00:00Z/2026-03-05T00:00:00Z,2026-03-04T00:00:00Z,2026-03-05T00:00:00Z,AmazonEC2,BoxUsage:m5.2xlarge,RunInstances,15.1387,5.742076,5.594782,Usage,us-east-1,,,prod
fad4a5ec-fede-d360-c054-a67bb2b4a370,2026-03-04T00:00:00Z/2026-03-05T00:00:00Z,2026-03-04T00:00:00Z,2026-03-05T00:00:00Z,AmazonEC2,BoxUsage:m5.2xlarge,RunInstances,2.5241,4.593429,4.634797,Usage,us-east-1,,,prod
5566cdf8-cb15-57c4-2139-40e309ca8791,2026-03-04T00:00:00Z/2026-03-05T00:00:00Z,2026-03-04T00:00:00Z,2026-03-05T00:00:00Z,AmazonEC2,BoxUsage:m5.2xlarge,RunInstances,2.8242,5.599568,5.794187,Usage,us-east-1,,,prod
f1c85624-5b55-4aa7-b2dd-6b9f3ddbce8f,2026-03-04T00:00:00Z/2026-03-05T00:00:00Z,2026-03-04T00:00:00Z,2026-03-05T00:00:00Z,AmazonEC2,BoxUsage:m5.2xlarge,RunInstances,7.244,4.850589,4.630511,Usage,us-east-1,,,prod
115c4993-786e-7b55-37cb-86e1907fe864,2026-03-04T00:00:00Z/2026-03-05T00:00:00Z,2026-03-04T00:00:00Z,2026-03-05T00:00:00Z,AmazonEC2,BoxUsage:m5.2xlarge,RunInstances,12.9159,4.752824,4.542398,Usage,us-east-1,,,prod
8332d0ed-0618-7518-aa6b-6db43dba379d,2026-03-04T00:00:00Z/2026-03-05T00:00:00Z,2026-03-04T00:00:00Z,2026-03-05T00:00:00Z,AmazonEC2,BoxUsage:m5.2xlarge,RunInstances,15.2482,5.845842,6.082362,Usage,us-east-1,,,prod
89f0e62a-9e7c-d159-f485-95bd4f802a8a,2026-03-04T00:00:00Z/2026-03-05T00:00:00Z,2026-03-04T00:00:00Z,2026-03-05T00:00:00Z,AmazonEC2,BoxUsage:m5.2xlarge,RunInstances,14.153,5.630975,5.669803,Usage,us-east-1,,,prod
d9998a16-0098-cb43-6672-a0b4379d0231,2026-03-04T00:00:00Z/2026-03-05T00:00:00Z,2026-03-04T00:00:00Z,2026-03-05T00:00:00Z,AmazonEC2,BoxUsage:m5.xlarge,RunInstances,8.5182,149.415843,145.026921,Usage,us-east-1,,,prod
84cc55df-947b-9030-7bf4-19e3d02b8ab1,2026-03-04T00:00:00Z/2026-03-05T00:00:00Z,2026-03-04T00:00:00Z,2026-03-05T00:00:00Z,AmazonEC2,BoxUsage:m5.xlarge,RunInstances,10.1328,161.384467,166.760196,Usage,us-east-1,,,prod
d0439a01-e8f8-0dfc-b426-b8a6c45398a6,2026-03-04T00:00:00Z/2026-03-05T00:00:00Z,2026-03-04T00:00:00Z,2026-03-05T00:00:00Z,AmazonEC2,BoxUsage:m5.xlarge,RunInstances,18.0503,124.455863,122.976454,Usage,us-east-1,,,prod
ca7c1dd9-74bd-6af5-593a-6c28e58d5959,2026-03-04T00:00:00Z/2026-03-05T00:00:00Z,2026-03-04T00:00:00Z,2026-03-05T00:00:00Z,AmazonEC2,BoxUsage:m5.xlarge,RunInstances,19.748,144.224412,150.556941,Usage,us-east-1,,,prod
93438192-408a-8b4a-d2fe-085a39aebf79,2026-03-04T00:00:00Z/2026-03-05T00:00:00Z,2026-03-04T00:00:00Z,2026-03-05T00:00:00Z,AmazonEC2,BoxUsage:m5.xlarge,RunInstances,1.1314,158.688638,161.726865,Usage,us-east-1,,,prod
deb2dea8-b955-7477-f6ee-f37ee71fd71a,2026-03-05T00:00:00Z/2026-03-06T00:00:00Z,2026-03-05T00:00:00Z,2026-03-06T00:00:00Z,AmazonEKS,AmazonEKS-Hours:perCluster,RunInstances,22.9838,4.726168,4.915577,Usage,us-east-1,,,prod
b2a746ae-d61c-76b8-7bad-c551c7244637,2026-03-05T00:00:00Z/2026-03-06T00:00:00Z,2026-03-05T00:00:00Z,2026-03-06T00:00:00Z,AmazonEC2,BoxUsage:m5.2xlarge,RunInstances,10.078,4.595746,4.523014,Usage,us-east-1,,,prod
6b0f3911-09ae-b979-609b-70097eb5a64e,2026-03-05T00:00:00Z/2026-03-06T00:00:00Z,2026-03-05T00:00:00Z,2026-03-06T00:00:00Z,AmazonEC2,BoxUsage:m5.2xlarge,RunInstances,23.636,5.231326,5.062794,Usage,us-east-1,,,prod
99f1cf66-6613-c936-f1be-e5f1321a4269,2026-03-05T00:00:00Z/2026-03-06T00:00:00Z,2026-03-05T00:00:00Z,2026-03-06T00:00:00Z,AmazonEC2,BoxUsage:m5.2xlarge,RunInstances,3.1846,6.122099,6.163569,Usage,us-east-1,,,prod
48180fdc-04e6-7922-0e6f-5dff2d4118fe,2026-03-05T00:00:00Z/2026-03-06T00:00:00Z,2026-03-05T00:00:00Z,2026-03-06T00:00:00Z,AmazonEC2,BoxUsage:m5.2xlarge,RunInstances,3.7219,4.717398,4.829964,Usage,us-east-1,,,prod
f7740024-4e18-8abd-27df-97aa623c0b22,2026-03-05T00:00:00Z/2026-03-06T00:00:00Z,2026-03-05T00:00:00Z,2026-03-06T00:00:00Z,AmazonEC2,BoxUsage:m5.2xlarge,RunInstances,22.5977,4.849284,4.921838,Usage,us-east-1,,,prod
17be3aa7-2eca-c8e5-87a8-b886b5e08945,2026-03-05T00:00:00Z/2026-03-06T00:00:00Z,2026-03-05T00:00:00Z,2026-03-06T00:00:00Z,AmazonEC2,BoxUsage:m5.2xlarge,RunInstances,4.2667,5.598005,5.705476,Usage,us-east-1,,,prod
992c9cee-f6ef-4550-3334-3d21d527c229,2026-03-05T00:00:00Z/2026-03-06T00:00:00Z,2026-03-05T00:00:00Z,2026-03-06T00:00:00Z,AmazonEC2,BoxUsage:m5.2xlarge,RunInstances,19.1187,4.638068,4.707748,Usage,us-east-1,,,prod
51c54d7b-fa35-3bca-31a4-a5a1382afe24,2026-03-05T00:00:00Z/2026-03-06T00:00:00Z,2026-03-05T00:00:00Z,2026-03-06T00:00:00Z,AmazonEC2,BoxUsage:m5.2xlarge,RunInstances,6.3123,5.445781,5.587923,Usage,us-east-1,,,prod
45ca4622-09a4-8ee6-8cbc-d90301d127fb,2026-03-05T00:00:00Z/2026-03-06T00:00:00Z,2026-03-05T00:00:00Z,2026-03-06T00:00:00Z,AmazonEC2,BoxUsage:m5.2xlarge,RunInstances,21.3101,5.151037,5.082091,Usage,us-east-1,,,prod
78f9ecc6-8f75-83ef-c389-bc53bd1f1fff,2026-03-05T00:00:00Z/2026-03-06T00:00:00Z,2026-03-05T00:00:00Z,2026-03-06T00:00:00Z,AmazonEC2,BoxUsage:m5.2xlarge,RunInstances,16.069,5.123221,5.347722,Usage,us-east-1,,,prod
e73fbc83-1707-e4af-0eaf-ac2cd3546dc3,2026-03-05T00:00:00Z/2026-03-06T00:00:00Z,2026-03-05T00:00:00Z,2026-03-06T00:00:00Z,AmazonEC2,BoxUsage:m5.2xlarge,RunInstances,14.1503,6.006466,6.002652,Usage,us-east-1,,,prod
2f1eeaa1-3f77-564f-b3f2-bb92e7956574,2026-03-05T00:00:00Z/2026-03-06T00:00:00Z,2026-03-05T00:00:00Z,2026-03-06T00:00:00Z,AmazonEC2,BoxUsage:m5.2xlarge,RunInstances,4.1413,5.616816,5.46772,Usage,us-east-1,,,prod
e14833d0-a6ab-acbf-8607-48d9d4a9ff1c,2026-03-05T00:00:00Z/2026-03-06T00:00:00Z,2026-03-05T00:00:00Z,2026-03-06T00:00:00Z,AmazonEC2,BoxUsage:m5.2xlarge,RunInstances,21.7805,5.13974,4.982076,Usage,us-east-1,,,prod
c15220f9-babb-e5c9-61ed-52ee894e66e9,2026-03-05T00:00:00Z/2026-03-06T00:00:00Z,2026-03-05T00:00:00Z,2026-03-06T00:00:00Z,AmazonEC2,BoxUsage:m5.2xlarge,RunInstances,17.1854,4.912965,4.705902,Usage,us-east-1,,,prod
f9ca612f-912d-2ce0-e4d1-864b5e9d68dd,2026-03-05T00:00:00Z/2026-03-06T00:00:00Z,2026-03-05T00:00:00Z,2026-03-06T00:00:00Z,AmazonEC2,BoxUsage:m5.2xlarge,RunInstances,9.4421,5.170714,5.141612,Usage,us-east-1,,,prod
69b7efa4-0044-892d-2013-033a045b84ec,2026-03-05T00:00:00Z/2026-03-06T00:00:00Z,2026-03-05T00:00:00Z,2026-03-06T00:00:00Z,AmazonEC2,BoxUsage:m5.2xlarge,RunInstances,17.3952,5.502109,5.351979,Usage,us-east-1,,,prod
8eb8d9ab-8079-b692-babe-02019cdaea8b,2026-03-05T00:00:00Z/2026-03-06T00:00:00Z,2026-03-05T00:00:00Z,2026-03-06T00:00:00Z,AmazonEC2,BoxUsage:m5.2xlarge,RunInstances,21.4586,4.618339,4.771067,Usage,us-east-1,,,prod
84f70aaa-8283-d985-65d4-9bca65f4490e,2026-03-05T00:00:00Z/2026-03-06T00:00:00Z,2026-03-05T00:00:00Z,2026-03-06T00:00:00Z,AmazonEC2,BoxUsage:m5.2xlarge,RunInstances,20.6617,5.799276,5.977467,Usage,us-east-1,,,prod
91b4e899-c920-3948-a48c-e15ba6826158,2026-03-05T00:00:00Z/2026-03-06T00:00:00Z,2026-03-05T00:00:00Z,2026-03-06T00:00:00Z,AmazonEC2,BoxUsage:m5.2xlarge,RunInstances,4.6521,4.750375,4.616744,Usage,us-east-1,,,prod
fd92fe6a-1ed6-ce6b-002c-a877f0659c7a,2026-03-05T00:00:00Z/2026-03-06T00:00:00Z,2026-03-05T00:00:00Z,2026-03-06T00:00:00Z,AmazonEC2,BoxUsage:m5.2xlarge,RunInstances,1.9417,5.861455,6.139851,Usage,us-east-1,,,prod
420ddd4e-400f-7bb7-4967-3ebd240d3569,2026-03-05T00:00:00Z/2026-03-06T00:00:00Z,2026-03-05T00:00:00Z,2026-03-06T00:00:00Z,AmazonEC2,BoxUsage:m5.xlarge,RunInstances,15.3408,134.858195,131.950462,Usage,us-east-1,,,prod
a7c22167-fc3a-acf9-3f1e-093acd81396b,2026-03-05T00:00:00Z/2026-03-06T00:00:00Z,2026-03-05T00:00:00Z,2026-03-06T00:00:00Z,AmazonEC2,BoxUsage:m5.xlarge,RunInstances,17.8763,153.075943,152.182496,Usage,us-east-1,,,prod
e04cf885-ace1-1930-cc19-92a5b2ce726f,2026-03-05T00:00:00Z/2026-03-06T00:00:00Z,2026-03-05T00:00:00Z,2026-03-06T00:00:00Z,AmazonEC2,BoxUsage:m5.xlarge,RunInstances,12.1489,143.167348,148.034908,Usage,us-east-1,,,prod
e5d40ed9-5325-93af-0c4b-dda25ffc361d,2026-03-05T00:00:00Z/2026-03-06T00:00:00Z,2026-03-05T00:00:00Z,2026-03-06T00:00:00Z,AmazonEC2,BoxUsage:m5.xlarge,RunInstances,14.9538,164.532749,169.832778,Usage,us-east-1,,,prod
2debfa37-463a-de88-5312-c688b8d7a6a1,2026-03-05T00:00:00Z/2026-03-06T00:00:00Z,2026-03-05T00:00:00Z,2026-03-06T00:00:00Z,AmazonEC2,BoxUsage:m5.xlarge,RunInstances,12.4504,146.014653,148.245058,Usage,us-east-1,,,prod
f523b437-5111-c5e4-f3fe-80a9bbbf2433,2026-03-06T00:00:00Z/2026-03-07T00:00:00Z,2026-03-06T00:00:00Z,2026-03-07T00:00:00Z,AmazonEKS,AmazonEKS-Hours:perCluster,RunInstances,6.7141,4.687001,4.629437,Usage,us-east-1,,,prod
cf6b3e19-8281-1fd6-8328-d06a49661ff0,2026-03-06T00:00:00Z/2026-03-07T00:00:00Z,2026-03-06T00:00:00Z,2026-03-07T00:00:00Z,AmazonEC2,BoxUsage:m5.2xlarge,RunInstances,22.8259,5.324053,5.194935,Usage,us-east-1,,,prod
8ea6cac1-45cd-2462-abfd-88fdd1eebc5e,2026-03-06T00:00:00Z/2026-03-07T00:00:00Z,2026-03-06T00:00:00Z,2026-03-07T00:00:00Z,AmazonEC2,BoxUsage:m5.2xlarge,RunInstances,3.9618,5.50967,5.709965,Usage,us-east-1,,,prod
5eaa9fb3-d9aa-c6f0-b727-1def9de0437b,2026-03-06T00:00:00Z/2026-03-07T00:00:00Z,2026-03-06T00:00:00Z,2026-03-07T00:00:00Z,AmazonEC2,BoxUsage:m5.2xlarge,RunInstances,6.603,4.66485,4.596626,Usage,us-east-1,,,prod
50daa68c-18e6-92da-372c-3f9569351b4e,2026-03-06T00:00:00Z/2026-03-07T00:00:00Z,2026-03-06T00:00:00Z,2026-03-07T00:00:00Z,AmazonEC2,BoxUsage:m5.2xlarge,RunInstances,3.9701,5.112633,5.15735,Usage,us-east-1,,,prod
d65c85a0-4c27-b2ad-0cd6-3b842f16bf8e,2026-03-06T00:00:00Z/2026-03-07T00:00:00Z,2026-03-06T00:00:00Z,2026-03-07T00:00:00Z,AmazonEC2,BoxUsage:m5.2xlarge,RunInstances,8.4004,4.855887,4.919323,Usage,us-east-1,,,prod
352ff5b9-c32b-1afa-3b20-28478b3de79f,2026-03-06T00:00:00Z/2026-03-07T00:00:00Z,2026-03-06T00:00:00Z,2026-03-07T00:00:00Z,AmazonEC2,BoxUsage:m5.2xlarge,RunInstances,4.6703,5.017914,4.865974,Usage,us-east-1,,,prod
f4667a66-456f-7e80-c766-e84c351c1541,2026-03-06T00:00:00Z/2026-03-07T00:00:00Z,2026-03-06T00:00:00Z,2026-03-07T00:00:00Z,AmazonEC2,BoxUsage:m5.2xlarge,RunInstances,13.4431,5.425747,5.548152,Usage,us-east-1,,,prod
261bf0eb-94a8-0a40-4f5e-6956634c66c6,2026-03-06T00:00:00Z/2026-03-07T00:00:00Z,2026-03-06T00:00:00Z,2026-03-07T00:00:00Z,AmazonEC2,BoxUsage:m5.2xlarge,RunInstances,4.6535,5.058835,5.231157,Usage,us-east-1,,,prod
7ac85737-56ee-712d-462f-2a05f1b55a5d,2026-03-06T00:00:00Z/2026-03-07T00:00:00Z,2026-03-06T00:00:00Z,2026-03-07T00:00:00Z,AmazonEC2,BoxUsage:m5.2xlarge,RunInstances,7.1671,5.695075,5.739925,Usage,us-east-1,,,prod
6e9fb7b7-d7df-df91-459d-7e36a663aa8e,2026-03-06T00:00:00Z/2026-03-07T00:00:00Z,2026-03-06T00:00:00Z,2026-03-07T00:00:00Z,AmazonEC2,BoxUsage:m5.2xlarge,RunInstances,20.8102,4.985322,5.157248,Usage,us-east-1,,,prod
1989c73c-e4ee-6cb1-c9af-6bcb73ee75b4,2026-03-06T00:00:00Z/2026-03-07T00:00:00Z,2026-03-06T00:00:00Z,2026-03-07T00:00:00Z,AmazonEC2,BoxUsage:m5.2xlarge,RunInstances,1.2677,5.263967,5.189752,Usage,us-east-1,,,prod
cda8cff9-cb9c-c284-34c1-2f82a6d4269b,2026-03-06T00:00:00Z/2026-03-07T00:00:00Z,2026-03-06T00:00:00Z,2026-03-07T00:00:00Z,AmazonEC2,BoxUsage:m5.2xlarge,RunInstances,22.0259,4.948911,4.759515,Usage,us-east-1,,,prod
0fbf1e7c-02b3-4de3-a7fd-3685f3fb268f,2026-03-06T00:00:00Z/2026-03-07T00:00:00Z,2026-03-06T00:00:00Z,2026-03-07T00:00:00Z,AmazonEC2,BoxUsage:m5.2xlarge,RunInstances,11.5118,6.036771,5.86577,Usage,us-east-1,,,prod
5d868166-d172-29c9-be6a-750ab041b34b,2026-03-06T00:00:00Z/2026-03-07T00:00:00Z,2026-03-06T00:00:00Z,2026-03-07T00:00:00Z,AmazonEC2,BoxUsage:m5.2xlarge,RunInstances,20.5154,5.072972,4.970164,Usage,us-east-1,,,prod
26ab592e-eda8-38b3-1388-c0f4f9f73fb4,2026-03-06T00:00:00Z/2026-03-07T00:00:00Z,2026-03-06T00:00:00Z,2026-03-07T00:00:00Z,AmazonEC2,BoxUsage:m5.2xlarge,RunInstances,21.8472,5.392039,5.554014,Usage,us-east-1,,,prod
6867802a-751f-e7f9-9777-e8662d4c7b7b,2026-03-06T00:00:00Z/2026-03-07T00:00:00Z,2026-03-06T00:00:00Z,2026-03-07T00:00:00Z,AmazonEC2,BoxUsage:m5.2xlarge,RunInstances,9.1658,5.037895,4.797541,Usage,us-east-1,,,prod
77ea2291-2c8a-9e5b-74fe-c43a1eafc71b,2026-03-06T00:00:00Z/2026-03-07T00:00:00Z,2026-03-06T00:00:00Z,2026-03-07T00:00:00Z,AmazonEC2,BoxUsage:m5.2xlarge,RunInstances,15.5087,5.150873,5.254656,Usage,us-east-1,,,prod
8459828b-98e5-5b93-4be5-dd5ec6339959,2026-03-06T00:00:00Z/2026-03-07T00:00:00Z,2026-03-06T00:00:00Z,2026-03-07T00:00:00Z,AmazonEC2,BoxUsage:m5.2xlarge,RunInstances,4.4585,5.369582,5.139364,Usage,us-east-1,,,prod
df47bead-4692-d35c-0abf-be7995383fdd,2026-03-06T00:00:00Z/2026-03-07T00:00:00Z,2026-03-06T00:00:00Z,2026-03-07T00:00:00Z,AmazonEC2,BoxUsage:m5.2xlarge,RunInstances,13.9381,5.878822,5.828291,Usage,us-east-1,,,prod
6fe5a1f8-f6ef-45ca-9c49-ce75bf5f8a90,2026-03-06T00:00:00Z/2026-03-07T00:00:00Z,2026-03-06T00:00:00Z,2026-03-07T00:00:00Z,AmazonEC2,BoxUsage:m5.2xlarge,RunInstances,18.8067,5.281666,5.090835,Usage,us-east-1,,,prod
7ed0b98b-16c3-7cc9-43cf-abc2797f5781,2026-03-06T00:00:00Z/2026-03-07T00:00:00Z,2026-03-06T00:00:00Z,2026-03-07T00:00:00Z,AmazonEC2,BoxUsage:m5.xlarge,RunInstances,9.0333,163.536299,169.298262,Usage,us-east-1,,,prod
02c1e744-83c2-2be5-d4b1-017f8e3c850c,2026-03-06T00:00:00Z/2026-03-07T00:00:00Z,2026-03-06T00:00:00Z,2026-03-07T00:00:00Z,AmazonEC2,BoxUsage:m5.xlarge,RunInstances,18.3146,125.166032,120.579172,Usage,us-east-1,,,prod
198ece34-3f76-67e8-2411-2dfea58ed8c0,2026-03-06T00:00:00Z/2026-03-07T00:00:00Z,2026-03-06T00:00:00Z,2026-03-07T00:00:00Z,AmazonEC2,BoxUsage:m5.xlarge,RunInstances,4.9584,126.040879,125.437715,Usage,us-east-1,,,prod
fae7733b-48fb-653c-5683-4aae52c81d56,2026-03-06T00:00:00Z/2026-03-07T00:00:00Z,2026-03-06T00:00:00Z,2026-03-07T00:00:00Z,AmazonEC2,BoxUsage:m5.xlarge,RunInstances,2.5455,152.4546,156.234205,Usage,us-east-1,,,prod
baaf54c6-2fc0-a982-1da9-fc6f105ed25c,2026-03-06T00:00:00Z/2026-03-07T00:00:00Z,2026-03-06T00:00:00Z,2026-03-07T00:00:00Z,AmazonEC2,BoxUsage:m5.xlarge,RunInstances,10.5769,139.466917,135.137124,Usage,us-east-1,,,prod
f3a9234d-2c28-15dd-bd83-09b3afce460b,2026-03-07T00:00:00Z/2026-03-08T00:00:00Z,2026-03-07T00:00:00Z,2026-03-08T00:00:00Z,AmazonEKS,AmazonEKS-Hours:perCluster,RunInstances,15.1296,5.090479,5.235805,Usage,us-east-1,,,prod
0ef412ec-9669-15c5-5281-73085bc37953,2026-03-07T00:00:00Z/2026-03-08T00:00:00Z,2026-03-07T00:00:00Z,2026-03-08T00:00:00Z,AmazonEC2,BoxUsage:m5.2xlarge,RunInstances,18.9779,4.832571,5.012748,Usage,us-east-1,,,prod
ed352053-002b-96bf-30e5-6ff66028edb3,2026-03-07T00:00:00Z/2026-03-08T00:00:00Z,2026-03-07T00:00:00Z,2026-03-08T00:00:00Z,AmazonEC2,BoxUsage:m5.2xlarge,RunInstances,22.5642,6.112899,6.35758,Usage,us-east-1,,,prod
0c1fdf9a-199e-1b24-6d38-e97e195bcb2b,2026-03-07T00:00:00Z/2026-03-08T00:00:00Z,2026-03-07T00:00:00Z,2026-03-08T00:00:00Z,AmazonEC2,BoxUsage:m5.2xlarge,RunInstances,16.8993,4.992852,4.989926,Usage,us-east-1,,,prod
29f1fe30-3dc1-aee6-dbf3-1ffe262bb88d,2026-03-07T00:00:00Z/2026-03-08T00:00:00Z,2026-03-07T00:00:00Z,2026-03-08T00:00:00Z,AmazonEC2,BoxUsage:m5.2xlarge,RunInstances,22.3568,5.490071,5.463872,Usage,us-east-1,,,prod
a4c75e37-1232-6c01-419b-f05140d9c5c2,2026-03-07T00:00:00Z/2026-03-08T00:00:00Z,2026-03-07T00:00:00Z,2026-03-08T00:00:00Z,AmazonEC2,BoxUsage:m5.2xlarge,RunInstances,2.6106,5.725925,5.589372,Usage,us-east-1,,,prod
f868e525-950b-2493-69f5-7edb12626bf2,2026-03-07T00:00:00Z/2026-03-08T00:00:00Z,2026-03-07T00:00:00Z,2026-03-08T00:00:00Z,AmazonEC2,BoxUsage:m5.2xlarge,RunInstances,11.9081,5.025791,5.20261,Usage,us-east-1,,,prod
2e889251-f76d-a8cd-1e88-d46e00bbe4b2,2026-03-07T00:00:00Z/2026-03-08T00:00:00Z,2026-03-07T00:00:00Z,2026-03-08T00:00:00Z,AmazonEC2,BoxUsage:m5.2xlarge,RunInstances,2.1292,4.991092,5.203306,Usage,us-east-1,,,prod
d67ca791-a942-cec1-9a9b-7074a6aed917,2026-03-07T00:00:00Z/2026-03-08T00:00:00Z,2026-03-07T00:00:00Z,2026-03-08T00:00:00Z,AmazonEC2,BoxUsage:m5.2xlarge,RunInstances,17.6065,4.545989,4.326063,Usage,us-east-1,,,prod
b917a4b0-0210-a56b-65a0-2baee2aec181,2026-03-07T00:00:00Z/2026-03-08T00:00:00Z,2026-03-07T00:00:00Z,2026-03-08T00:00:00Z,AmazonEC2,BoxUsage:m5.2xlarge,RunInstances,17.6255,6.077062,6.275737,Usage,us-east-1,,,prod
a9be6214-cb47-0329-d9da-2d140df20329,2026-03-07T00:00:00Z/2026-03-08T00:00:00Z,2026-03-07T00:00:00Z,2026-03-08T00:00:00Z,AmazonEC2,BoxUsage:m5.2xlarge,RunInstances,10.975,4.612498,4.470262,Usage,us-east-1,,,prod
4b7d29b6-9330-a5c0-cd99-671a09c7a85f,2026-03-07T00:00:00Z/2026-03-08T00:00:00Z,2026-03-07T00:00:00Z,2026-03-08T00:00:00Z,AmazonEC2,BoxUsage:m5.2xlarge,RunInstances,13.0459,5.220023,5.121563,Usage,us-east-1,,,prod
8fcd8ad5-5e71-51a5-c9b8-743f9a39410e,2026-03-07T00:00:00Z/2026-03-08T00:00:00Z,2026-03-07T00:00:00Z,2026-03-08T00:00:00Z,AmazonEC2,BoxUsage:m5.2xlarge,RunInstances,7.5153,4.631136,4.622218,Usage,us-east-1,,,prod
58bbef53-094a-e19b-da25-3d1b95540ea9,2026-03-07T00:00:00Z/2026-03-08T00:00:00Z,2026-03-07T00:00:00Z,2026-03-08T00:00:00Z,AmazonEC2,BoxUsage:m5.2xlarge,RunInstances,22.6502,4.612327,4.515599,Usage,us-east-1,,,prod
32673979-c7bb-ba3a-2475-988acbf09c90,2026-03-07T00:00:00Z/2026-03-08T00:00:00Z,2026-03-07T00:00:00Z,2026-03-08T00:00:00Z,AmazonEC2,BoxUsage:m5.2xlarge,RunInstances,17.8688,5.5281,5.313933,Usage,us-east-1,,,prod
50a5dd45-8d43-1fca-2d4b-b92f6925a27b,2026-03-07T00:00:00Z/2026-03-08T00:00:00Z,2026-03-07T00:00:00Z,2026-03-08T00:00:00Z,AmazonEC2,BoxUsage:m5.2xlarge,RunInstances,7.2101,5.170867,5.124713,Usage,us-east-1,,,prod
c9cdc63f-0089-1bf0-34cb-eebe69229a84,2026-03-07T00:00:00Z/2026-03-08T00:00:00Z,2026-03-07T00:00:00Z,2026-03-08T00:00:00Z,AmazonEC2,BoxUsage:m5.2xlarge,RunInstances,22.5171,5.002748,5.073291,Usage,us-east-1,,,prod
bcc0f4c7-dd18-a131-3aa2-84939bbe479a,2026-03-07T00:00:00Z/2026-03-08T00:00:00Z,2026-03-07T00:00:00Z,2026-03-08T00:00:00Z,AmazonEC2,BoxUsage:m5.2xlarge,RunInstances,11.2853,5.036638,5.209662,Usage,us-east-1,,,prod
b45b4e18-4ce1-9bb1-2459-500fe03c709b,2026-03-07T00:00:00Z/2026-03-08T00:00:00Z,2026-03-07T00:00:00Z,2026-03-08T00:00:00Z,AmazonEC2,BoxUsage:m5.2xlarge,RunInstances,21.2775,5.173864,4.946079,Usage,us-east-1,,,prod
805d832f-5b60-7b5a-44fd-f21b9d16ee85,2026-03-07T00:00:00Z/2026-03-08T00:00:00Z,2026-03-07T00:00:00Z,2026-03-08T00:00:00Z,AmazonEC2,BoxUsage:m5.2xlarge,RunInstances,18.3517,5.420916,5.214117,Usage,us-east-1,,,prod
ba9a6251-4f0a-316a-0f6b-56816073c2a1,2026-03-07T00:00:00Z/2026-03-08T00:00:00Z,2026-03-07T00:00:00Z,2026-03-08T00:00:00Z,AmazonEC2,BoxUsage:m5.2xlarge,RunInstances,14.9398,5.44648,5.373581,Usage,us-east-1,,,prod
dee645ab-dc51-2e2b-1fe1-669a3af2d41c,2026-03-07T00:00:00Z/2026-03-08T00:00:00Z,2026-03-07T00:00:00Z,2026-03-08T00:00:00Z,AmazonEC2,BoxUsage:m5.xlarge,RunInstances,2.6194,140.004062,146.222421,Usage,us-east-1,,,prod
b38d6f52-69cd-289b-be49-6f9025805d88,2026-03-07T00:00:00Z/2026-03-08T00:00:00Z,2026-03-07T00:00:00Z,2026-03-08T00:00:00Z,AmazonEC2,BoxUsage:m5.xlarge,RunInstances,8.9463,148.608773,147.252681,Usage,us-east-1,,,prod
4557dd5e-61f1-3d46-b2e7-3f7252045911,2026-03-07T00:00:00Z/2026-03-08T00:00:00Z,2026-03-07T00:00:00Z,2026-03-08T00:00:00Z,AmazonEC2,BoxUsage:m5.xlarge,RunInstances,12.3576,131.571687,128.317333,Usage,us-east-1,,,prod
866cc526-7109-939c-2894-243acf8c22c3,2026-03-07T00:00:00Z/2026-03-08T00:00:00Z,2026-03-07T00:00:00Z,2026-03-08T00:00:00Z,AmazonEC2,BoxUsage:m5.xlarge,RunInstances,11.7777,134.133007,132.588424,Usage,us-east-1,,,prod
d22b8e94-55fd-9641-f5e8-deffc7944a38,2026-03-07T00:00:00Z/2026-03-08T00:00:00Z,2026-03-07T00:00:00Z,2026-03-08T00:00:00Z,AmazonEC2,BoxUsage:m5.xlarge,RunInstances,1.3065,148.468318,145.394067,Usage,us-east-1,,,prod
065725d6-d9f6-a5d2-caff-d9daf4e0eced,2026-03-08T00:00:00Z/2026-03-09T00:00:00Z,2026-03-08T00:00:00Z,2026-03-09T00:00:00Z,AmazonEKS,AmazonEKS-Hours:perCluster,RunInstances,20.537,5.352114,5.28837,Usage,us-east-1,,,prod
fd6e252d-f2d7-a2ed-b931-6cf88d44d7b4,2026-03-08T00:00:00Z/2026-03-09T00:00:00Z,2026-03-08T00:00:00Z,2026-03-09T00:00:00Z,AmazonEC2,BoxUsage:m5.2xlarge,RunInstances,10.5646,6.021831,6.284772,Usage,us-east-1,,,prod
d0d374b3-4052-c43b-02aa-0e0a0f622eda,2026-03-08T00:00:00Z/2026-03-09T00:00:00Z,2026-03-08T00:00:00Z,2026-03-09T00:00:00Z,AmazonEC2,BoxUsage:m5.2xlarge,RunInstances,23.1581,5.68585,5.72467,Usage,us-east-1,,,prod
cd23239e-0450-07b1-cadb-ea50dcf61bf9,2026-03-08T00:00:00Z/2026-03-09T00:00:00Z,2026-03-08T00:00:00Z,2026-03-09T00:00:00Z,AmazonEC2,BoxUsage:m5.2xlarge,RunInstances,18.1152,5.018598,5.216465,Usage,us-east-1,,,prod
4f2692c1-3dc6-5a4a-ea7c-5fdd31674550,2026-03-08T00:00:00Z/2026-03-09T00:00:00Z,2026-03-08T00:00:00Z,2026-03-09T00:00:00Z,AmazonEC2,BoxUsage:m5.2xlarge,RunInstances,2.5211,4.768987,4.90339,Usage,us-east-1,,,prod
48af14b9-8e57-82a2-ab06-7499927b3743,2026-03-08T00:00:00Z/2026-03-09T00:00:00Z,2026-03-08T00:00:00Z,2026-03-09T00:00:00Z,AmazonEC2,BoxUsage:m5.2xlarge,RunInstances,3.1501,5.139516,5.359891,Usage,us-east-1,,,prod
58c4ae0b-99ae-0805-49a1-5491dceb2b98,2026-03-08T00:00:00Z/2026-03-09T00:00:00Z,2026-03-08T00:00:00Z,2026-03-09T00:00:00Z,AmazonEC2,BoxUsage:m5.2xlarge,RunInstances,8.025,4.562078,4.37083,Usage,us-east-1,,,prod
cdd31ae8-d5dc-4d7a-aa7c-441ca10fbdfc,2026-03-08T00:00:00Z/2026-03-09T00:00:00Z,2026-03-08T00:00:00Z,2026-03-09T00:00:00Z,AmazonEC2,BoxUsage:m5.2xlarge,RunInstances,7.4504,6.060317,6.046612,Usage,us-east-1,,,prod
8aefc58c-1605-a801-3561-e94d3c8c6d88,2026-03-08T00:00:00Z/2026-03-09T00:00:00Z,2026-03-08T00:00:00Z,2026-03-09T00:00:00Z,AmazonEC2,BoxUsage:m5.2xlarge,RunInstances,19.8569,4.802979,4.796642,Usage,us-east-1,,,prod
de719918-0696-9460-d4a3-e37a45a7d7f3,2026-03-08T00:00:00Z/2026-03-09T00:00:00Z,2026-03-08T00:00:00Z,2026-03-09T00:00:00Z,AmazonEC2,BoxUsage:m5.2xlarge,RunInstances,7.2494,6.0751,6.032558,Usage,us-east-1,,,prod
3787db0f-3cc8-05fc-4061-5cc30978ae04,2026-03-08T00:00:00Z/2026-03-09T00:00:00Z,2026-03-08T00:00:00Z,2026-03-09T00:00:00Z,AmazonEC2,BoxUsage:m5.2xlarge,RunInstances,11.9429,5.685041,5.877392,Usage,us-east-1,,,prod
e86bf748-4128-b42a-00ed-05df21712fa6,2026-03-08T00:00:00Z/2026-03-09T00:00:00Z,2026-03-08T00:00:00Z,2026-03-09T00:00:00Z,AmazonEC2,BoxUsage:m5.2xlarge,RunInstances,18.3164,5.75384,5.577663,Usage,us-east-1,,,prod
919814a9-6e2b-2742-beca-6ed47871f59b,2026-03-08T00:00:00Z/2026-03-09T00:00:00Z,2026-03-08T00:00:00Z,2026-03-09T00:00:00Z,AmazonEC2,BoxUsage:m5.2xlarge,RunInstances,19.2546,5.958872,5.845139,Usage,us-east-1,,,prod
c25be9f5-e184-59e6-13c7-9ace94dba13b,2026-03-08T00:00:00Z/2026-03-09T00:00:00Z,2026-03-08T00:00:00Z,2026-03-09T00:00:00Z,AmazonEC2,BoxUsage:m5.2xlarge,RunInstances,15.0999,5.457983,5.342592,Usage,us-east-1,,,prod
4935ecc4-ad1d-6498-1265-f839b3fd8d5e,2026-03-08T00:00:00Z/2026-03-09T00:00:00Z,2026-03-08T00:00:00Z,2026-03-09T00:00:00Z,AmazonEC2,BoxUsage:m5.2xlarge,RunInstances,11.3853,5.699572,5.713393,Usage,us-east-1,,,prod
ce33833d-85d2-51be-02de-dfe48b784fd7,2026-03-08T00:00:00Z/2026-03-09T00:00:00Z,2026-03-08T00:00:00Z,2026-03-09T00:00:00Z,AmazonEC2,BoxUsage:m5.2xlarge,RunInstances,6.9058,5.762486,5.531736,Usage,us-east-1,,,prod
07ba0a70-e7a7-43a5-5c6e-fa86ee11c5e9,2026-03-08T00:00:00Z/2026-03-09T00:00:00Z,2026-03-08T00:00:00Z,2026-03-09T00:00:00Z,AmazonEC2,BoxUsage:m5.2xlarge,RunInstances,6.5271,4.72003,4.770067,Usage,us-east-1,,,prod
a6c52143-7eef-1d27-4b90-104184d8bef6,2026-03-08T00:00:00Z/2026-03-09T00:00:00Z,2026-03-08T00:00:00Z,2026-03-09T00:00:00Z,AmazonEC2,BoxUsage:m5.2xlarge,RunInstances,4.8964,5.210623,5.431677,Usage,us-east-1,,,prod
e42cedc1-bc78-38fe-d2c0-2c95a335ac6a,2026-03-08T00:00:00Z/2026-03-09T00:00:00Z,2026-03-08T00:00:00Z,2026-03-09T00:00:00Z,AmazonEC2,BoxUsage:m5.2xlarge,RunInstances,19.4028,4.609716,4.74335,Usage,us-east-1,,,prod
c3c9be99-fa17-25d6-71ba-bd23dffb3e97,2026-03-08T00:00:00Z/2026-03-09T00:00:00Z,2026-03-08T00:00:00Z,2026-03-09T00:00:00Z,AmazonEC2,BoxUsage:m5.2xlarge,RunInstances,6.7968,5.614559,5.546626,Usage,us-east-1,,,prod
553ce307-fa6d-7491-4c4a-19274f26c054,2026-03-08T00:00:00Z/2026-03-09T00:00:00Z,2026-03-08T00:00:00Z,2026-03-09T00:00:00Z,AmazonEC2,BoxUsage:m5.2xlarge,RunInstances,4.8748,5.238274,5.080462,Usage,us-east-1,,,prod
ecfa6f05-2b82-d1a0-cde3-179ae742ba56,2026-03-08T00:00:00Z/2026-03-09T00:00:00Z,2026-03-08T00:00:00Z,2026-03-09T00:00:00Z,AmazonEC2,BoxUsage:m5.xlarge,RunInstances,2.909,145.595705,140.978032,Usage,us-east-1,,,prod
8fa925ad-fc20-b020-d58f-9ea8d205e4f1,2026-03-08T00:00:00Z/2026-03-09T00:00:00Z,2026-03-08T00:00:00Z,2026-03-09T00:00:00Z,AmazonEC2,BoxUsage:m5.xlarge,RunInstances,14.8207,142.807087,135.859563,Usage,us-east-1,,,prod
3c77c3b4-7042-8792-fd45-44ccc751d8bf,2026-03-08T00:00:00Z/2026-03-09T00:00:00Z,2026-03-08T00:00:00Z,2026-03-09T00:00:00Z,AmazonEC2,BoxUsage:m5.xlarge,RunInstances,23.2961,138.874322,140.785496,Usage,us-east-1,,,prod
4342f189-c6e9-3aa5-516f-12b4b18bff09,2026-03-08T00:00:00Z/2026-03-09T00:00:00Z,2026-03-08T00:00:00Z,2026-03-09T00:00:00Z,AmazonEC2,BoxUsage:m5.xlarge,RunInstances,13.8138,151.541173,146.077063,Usage,us-east-1,,,prod
79ba7d9e-6d88-2bf1-1b55-6d9c3ec3af3a,2026-03-08T00:00:00Z/2026-03-09T00:00:00Z,2026-03-08T00:00:00Z,2026-03-09T00:00:00Z,AmazonEC2,BoxUsage:m5.xlarge,RunInstances,17.8223,132.116035,126.866396,Usage,us-east-1,,,prod
51c3131f-ab00-4415-4ade-b78421247bd8,2026-03-09T00:00:00Z/2026-03-10T00:00:00Z,2026-03-09T00:00:00Z,2026-03-10T00:00:00Z,AmazonEKS,AmazonEKS-Hours:perCluster,RunInstances,21.9642,4.869832,4.758158,Usage,us-east-1,,,prod
b889ac93-720e-6d90-b3e7-51581a565528,2026-03-09T00:00:00Z/2026-03-10T00:00:00Z,2026-03-09T00:00:00Z,2026-03-10T00:00:00Z,AmazonEC2,BoxUsage:m5.2xlarge,RunInstances,1.4102,4.665956,4.783088,Usage,us-east-1,,,prod
d851d563-7fb3-5c4d-83f0-f02de83342b3,2026-03-09T00:00:00Z/2026-03-10T00:00:00Z,2026-03-09T00:00:00Z,2026-03-10T00:00:00Z,AmazonEC2,BoxUsage:m5.2xlarge,RunInstances,10.1984,5.465538,5.416157,Usage,us-east-1,,,prod
1f696420-fd1b-9a5e-9ec2-07f8be6c9283,2026-03-09T00:00:00Z/2026-03-10T00:00:00Z,2026-03-09T00:00:00Z,2026-03-10T00:00:00Z,AmazonEC2,BoxUsage:m5.2xlarge,RunInstances,13.3839,6.042294,6.042627,Usage,us-east-1,,,prod
e598145c-7805-bac3-3475-0e3b93e40fa6,2026-03-09T00:00:00Z/2026-03-10T00:00:00Z,2026-03-09T00:00:00Z,2026-03-10T00:00:00Z,AmazonEC2,BoxUsage:m5.2xlarge,RunInstances,12.9747,5.505016,5.739137,Usage,us-east-1,,,prod
e23561ee-48dc-d394-75d4-4df96fc596c2,2026-03-09T00:00:00Z/2026-03-10T00:00:00Z,2026-03-09T00:00:00Z,2026-03-10T00:00:00Z,AmazonEC2,BoxUsage:m5.2xlarge,RunInstances,23.274,6.114258,6.031192,Usage,us-east-1,,,prod
bea98594-66f3-df5f-4bd5-fb77a805a5bc,2026-03-09T00:00:00Z/2026-03-10T00:00:00Z,2026-03-09T00:00:00Z,2026-03-10T00:00:00Z,AmazonEC2,BoxUsage:m5.2xlarge,RunInstances,5.6549,4.837122,4.953979,Usage,us-east-1,,,prod
5c92fe7d-9711-d25e-2318-046797c916f1,2026-03-09T00:00:00Z/2026-03-10T00:00:00Z,2026-03-09T00:00:00Z,2026-03-10T00:00:00Z,AmazonEC2,BoxUsage:m5.2xlarge,RunInstances,16.8916,5.569154,5.450622,Usage,us-east-1,,,prod
a0302c0c-2aea-9a2d-f4b6-ec9f4da13c55,2026-03-09T00:00:00Z/2026-03-10T00:00:00Z,2026-03-09T00:00:00Z,2026-03-10T00:00:00Z,AmazonEC2,BoxUsage:m5.2xlarge,RunInstances,11.9276,5.863212,6.027874,Usage,us-east-1,,,prod
25c4da5e-c887-19a4-2713-64815f751c10,2026-03-09T00:00:00Z/2026-03-10T00:00:00Z,2026-03-09T00:00:00Z,2026-03-10T00:00:00Z,AmazonEC2,BoxUsage:m5.2xlarge,RunInstances,23.3482,4.707154,4.611331,Usage,us-east-1,,,prod
5e5463df-dd1f-950a-4caa-5324f82e5c98,2026-03-09T00:00:00Z/2026-03-10T00:00:00Z,2026-03-09T00:00:00Z,2026-03-10T00:00:00Z,AmazonEC2,BoxUsage:m5.2xlarge,RunInstances,7.8445,5.57875,5.446371,Usage,us-east-1,,,prod
aaf5e65c-5d09-b5f2-cfed-00238aacceb3,2026-03-09T00:00:00Z/2026-03-10T00:00:00Z,2026-03-09T00:00:00Z,2026-03-10T00:00:00Z,AmazonEC2,BoxUsage:m5.2xlarge,RunInstances,16.1313,4.606259,4.719563,Usage,us-east-1,,,prod
398b356f-b5b5-2658-d9fc-d7204719ca2d,2026-03-09T00:00:00Z/2026-03-10T00:00:00Z,2026-03-09T00:00:00Z,2026-03-10T00:00:00Z,AmazonEC2,BoxUsage:m5.2xlarge,RunInstances,12.1983,5.512041,5.64956,Usage,us-east-1,,,prod
c3a73bb1-da2a-b327-5f4b-f98e8a89a5f2,2026-03-09T00:00:00Z/2026-03-10T00:00:00Z,2026-03-09T00:00:00Z,2026-03-10T00:00:00Z,AmazonEC2,BoxUsage:m5.2xlarge,RunInstances,10.7133,5.032258,5.167931,Usage,us-east-1,,,prod
c3cc8260-7f33-83c4-680e-ff7a3afe75c1,2026-03-09T00:00:00Z/2026-03-10T00:00:00Z,2026-03-09T00:00:00Z,2026-03-10T00:00:00Z,AmazonEC2,BoxUsage:m5.2xlarge,RunInstances,5.8534,4.688302,4.782737,Usage,us-east-1,,,prod
dd585d63-f1a1-a997-c70a-8263336550f1,2026-03-09T00:00:00Z/2026-03-10T00:00:00Z,2026-03-09T00:00:00Z,2026-03-10T00:00:00Z,AmazonEC2,BoxUsage:m5.2xlarge,RunInstances,23.8202,4.534129,4.714539,Usage,us-east-1,,,prod
e63726fc-464f-41b1-818d-0a79553ef2e8,2026-03-09T00:00:00Z/2026-03-10T00:00:00Z,2026-03-09T00:00:00Z,2026-03-10T00:00:00Z,AmazonEC2,BoxUsage:m5.2xlarge,RunInstances,20.1072,5.770635,5.597294,Usage,us-east-1,,,prod
7bb8e39e-ccf2-82d4-c66a-bbb15d11e4a3,2026-03-09T00:00:00Z/2026-03-10T00:00:00Z,2026-03-09T00:00:00Z,2026-03-10T00:00:00Z,AmazonEC2,BoxUsage:m5.2xlarge,RunInstances,1.7461,5.151078,5.277207,Usage,us-east-1,,,prod
62acf12b-84e3-efb8-ff7e-c5dfd6ce5d95,2026-03-09T00:00:00Z/2026-03-10T00:00:00Z,2026-03-09T00:00:00Z,2026-03-10T00:00:00Z,AmazonEC2,BoxUsage:m5.2xlarge,RunInstances,20.4619,5.027762,5.062514,Usage,us-east-1,,,prod
c22e8d08-7fab-233b-2a69-d9d906b39b61,2026-03-09T00:00:00Z/2026-03-10T00:00:00Z,2026-03-09T00:00:00Z,2026-03-10T00:00:00Z,AmazonEC2,BoxUsage:m5.2xlarge,RunInstances,1.2047,5.269309,5.261028,Usage,us-east-1,,,prod
d42afcea-4590-0b9e-ae32-0c8edf8b6677,2026-03-09T00:00:00Z/2026-03-10T00:00:00Z,2026-03-09T00:00:00Z,2026-03-10T00:00:00Z,AmazonEC2,BoxUsage:m5.2xlarge,RunInstances,21.1414,6.040731,6.152013,Usage,us-east-1,,,prod
2ce03b9a-5eb8-2843-54b9-266cb91c792e,2026-03-09T00:00:00Z/2026-03-10T00:00:00Z,2026-03-09T00:00:00Z,2026-03-10T00:00:00Z,AmazonEC2,BoxUsage:m5.xlarge,RunInstances,12.8322,137.013122,131.750366,Usage,us-east-1,,,prod
631816d3-fb85-1222-499f-c95d0d197ae7,2026-03-09T00:00:00Z/2026-03-10T00:00:00Z,2026-03-09T00:00:00Z,2026-03-10T00:00:00Z,AmazonEC2,BoxUsage:m5.xlarge,RunInstances,20.2106,129.474227,128.294065,Usage,us-east-1,,,prod
1b36d4fa-d7c7-8513-1574-6fabe093c2a0,2026-03-09T00:00:00Z/2026-03-10T00:00:00Z,2026-03-09T00:00:00Z,2026-03-10T00:00:00Z,AmazonEC2,BoxUsage:m5.xlarge,RunInstances,3.6578,139.271744,142.522217,Usage,us-east-1,,,prod
3ddefd0d-88e7-b624-cd01-419b92d217dc,2026-03-09T00:00:00Z/2026-03-10T00:00:00Z,2026-03-09T00:00:00Z,2026-03-10T00:00:00Z,AmazonEC2,BoxUsage:m5.xlarge,RunInstances,16.4364,129.601048,128.454426,Usage,us-east-1,,,prod
e866aeba-d642-4783-c7c1-52697461fbf9,2026-03-09T00:00:00Z/2026-03-10T00:00:00Z,2026-03-09T00:00:00Z,2026-03-10T00:00:00Z,AmazonEC2,BoxUsage:m5.xlarge,RunInstances,2.8567,134.323935,133.174721,Usage,us-east-1,,,prod
c173b653-ed33-f9b7-69b8-8b36a06ac9e4,2026-03-10T00:00:00Z/2026-03-11T00:00:00Z,2026-03-10T00:00:00Z,2026-03-11T00:00:00Z,AmazonEKS,AmazonEKS-Hours:perCluster,RunInstances,12.4662,5.551978,5.388169,Usage,us-east-1,,,prod
15a4d159-3998-64ac-3f5b-bfbe2444f2a6,2026-03-10T00:00:00Z/2026-03-11T00:00:00Z,2026-03-10T00:00:00Z,2026-03-11T00:00:00Z,AmazonEC2,BoxUsage:m5.2xlarge,RunInstances,7.735,4.858777,4.740954,Usage,us-east-1,,,prod
cf0c3bce-4369-af69-e665-6ef97ccb0345,2026-03-10T00:00:00Z/2026-03-11T00:00:00Z,2026-03-10T00:00:00Z,2026-03-11T00:00:00Z,AmazonEC2,BoxUsage:m5.2xlarge,RunInstances,19.0354,5.652563,5.508473,Usage,us-east-1,,,prod
ce7d5c31-6e54-1c4b-4bd5-b55e01f65284,2026-03-10T00:00:00Z/2026-03-11T00:00:00Z,2026-03-10T00:00:00Z,2026-03-11T00:00:00Z,AmazonEC2,BoxUsage:m5.2xlarge,RunInstances,19.2137,5.716591,5.71625,Usage,us-east-1,,,prod
e6040141-66b9-3b75-2209-145773ea9d70,2026-03-10T00:00:00Z/2026-03-11T00:00:00Z,2026-03-10T00:00:00Z,2026-03-11T00:00:00Z,AmazonEC2,BoxUsage:m5.2xlarge,RunInstances,21.2315,5.508986,5.589419,Usage,us-east-1,,,prod
78783fdd-d1c0-8bff-3085-c1684a1c3f26,2026-03-10T00:00:00Z/2026-03-11T00:00:00Z,2026-03-10T00:00:00Z,2026-03-11T00:00:00Z,AmazonEC2,BoxUsage:m5.2xlarge,RunInstances,13.6468,4.953757,4.936144,Usage,us-east-1,,,prod
c595020c-8b28-a0ba-9373-c1eecac64e4f,2026-03-10T00:00:00Z/2026-03-11T00:00:00Z,2026-03-10T00:00:00Z,2026-03-11T00:00:00Z,AmazonEC2,BoxUsage:m5.2xlarge,RunInstances,3.521,6.126512,6.130754,Usage,us-east-1,,,prod
1e6d1552-b2de-4c86-22e7-8effd0b03178,2026-03-10T00:00:00Z/2026-03-11T00:00:00Z,2026-03-10T00:00:00Z,2026-03-11T00:00:00Z,AmazonEC2,BoxUsage:m5.2xlarge,RunInstances,7.1247,4.787719,4.608529,Usage,us-east-1,,,prod
247321d2-4273-079e-7121-019b9e4b47eb,2026-03-10T00:00:00Z/2026-03-11T00:00:00Z,2026-03-10T00:00:00Z,2026-03-11T00:00:00Z,AmazonEC2,BoxUsage:m5.2xlarge,RunInstances,6.9279,5.62911,5.761745,Usage,us-east-1,,,prod
82a11c51-e5b0-ffd5-173f-8e0c4d96493f,2026-03-10T00:00:00Z/2026-03-11T00:00:00Z,2026-03-10T00:00:00Z,2026-03-11T00:00:00Z,AmazonEC2,BoxUsage:m5.2xlarge,RunInstances,8.752,4.739512,4.523204,Usage,us-east-1,,,prod
2f20d2f7-0d09-c1d8-c576-717a7e3153a9,2026-03-10T00:00:00Z/2026-03-11T00:00:00Z,2026-03-10T00:00:00Z,2026-03-11T00:00:00Z,AmazonEC2,BoxUsage:m5.2xlarge,RunInstances,9.4884,6.123146,5.841512,Usage,us-east-1,,,prod
ef08eaa5-0033-6467-e207-a66f1249df1a,2026-03-10T00:00:00Z/2026-03-11T00:00:00Z,2026-03-10T00:00:00Z,2026-03-11T00:00:00Z,AmazonEC2,BoxUsage:m5.2xlarge,RunInstances,5.2077,5.943834,6.188298,Usage,us-east-1,,,prod
efae613e-19fb-76ad-ab43-31df69daaab8,2026-03-10T00:00:00Z/2026-03-11T00:00:00Z,2026-03-10T00:00:00Z,2026-03-11T00:00:00Z,AmazonEC2,BoxUsage:m5.2xlarge,RunInstances,16.5545,5.274359,5.480179,Usage,us-east-1,,,prod
4dc380bb-4f4e-d8dc-281f-fa723582a278,2026-03-10T00:00:00Z/2026-03-11T00:00:00Z,2026-03-10T00:00:00Z,2026-03-11T00:00:00Z,AmazonEC2,BoxUsage:m5.2xlarge,RunInstances,18.5863,5.031752,5.00498,Usage,us-east-1,,,prod
217b26a8-8bff-9b75-fa66-a70e6511a8ef,2026-03-10T00:00:00Z/2026-03-11T00:00:00Z,2026-03-10T00:00:00Z,2026-03-11T00:00:00Z,AmazonEC2,BoxUsage:m5.2xlarge,RunInstances,8.9637,6.131358,6.293117,Usage,us-east-1,,,prod
73c048c3-d385-a44c-61e1-e0e982f5cf04,2026-03-10T00:00:00Z/2026-03-11T00:00:00Z,2026-03-10T00:00:00Z,2026-03-11T00:00:00Z,AmazonEC2,BoxUsage:m5.2xlarge,RunInstances,8.8677,5.488695,5.584908,Usage,us-east-1,,,prod
7725e471-ec2d-4b5e-4014-fddc4a70be69,2026-03-10T00:00:00Z/2026-03-11T00:00:00Z,2026-03-10T00:00:00Z,2026-03-11T00:00:00Z,AmazonEC2,BoxUsage:m5.2xlarge,RunInstances,20.7703,4.691298,4.850822,Usage,us-east-1,,,prod
5e4539b2-c0b7-0540-b5ad-4ae984a866a3,2026-03-10T00:00:00Z/2026-03-11T00:00:00Z,2026-03-10T00:00:00Z,2026-03-11T00:00:00Z,AmazonEC2,BoxUsage:m5.2xlarge,RunInstances,22.1867,4.803586,4.789139,Usage,us-east-1,,,prod
a0718261-16c0-79b1-bff3-8539731a1d66,2026-03-10T00:00:00Z/2026-03-11T00:00:00Z,2026-03-10T00:00:00Z,2026-03-11T00:00:00Z,AmazonEC2,BoxUsage:m5.2xlarge,RunInstances,9.1712,5.134289,5.062265,Usage,us-east-1,,,prod
bae63280-abb1-e162-5ca7-98356fa67d09,2026-03-10T00:00:00Z/2026-03-11T00:00:00Z,2026-03-10T00:00:00Z,2026-03-11T00:00:00Z,AmazonEC2,BoxUsage:m5.2xlarge,RunInstances,10.6084,5.329178,5.261743,Usage,us-east-1,,,prod
6e9ccab4-e43d-f98a-ef79-ccbbacaa7a24,2026-03-10T00:00:00Z/2026-03-11T00:00:00Z,2026-03-10T00:00:00Z,2026-03-11T00:00:00Z,AmazonEC2,BoxUsage:m5.2xlarge,RunInstances,16.8763,5.859234,5.86638,Usage,us-east-1,,,prod
01d2d069-bb4a-73ab-78bf-2fda56771699,2026-03-10T00:00:00Z/2026-03-11T00:00:00Z,2026-03-10T00:00:00Z,2026-03-11T00:00:00Z,AmazonEC2,BoxUsage:m5.xlarge,RunInstances,1.5267,124.376217,128.524244,Usage,us-east-1,,,prod
cd14a7f2-4510-f10c-5c85-a4514a266738,2026-03-10T00:00:00Z/2026-03-11T00:00:00Z,2026-03-10T00:00:00Z,2026-03-11T00:00:00Z,AmazonEC2,BoxUsage:m5.xlarge,RunInstances,12.0786,148.931454,152.340338,Usage,us-east-1,,,prod
3aba11b9-afc8-4eb1-e9be-3c3950d5ff6a,2026-03-10T00:00:00Z/2026-03-11T00:00:00Z,2026-03-10T00:00:00Z,2026-03-11T00:00:00Z,AmazonEC2,BoxUsage:m5.xlarge,RunInstances,5.2764,131.827329,131.301869,Usage,us-east-1,,,prod
f2cae254-5975-7d21-d47e-d1f817bc7539,2026-03-10T00:00:00Z/2026-03-11T00:00:00Z,2026-03-10T00:00:00Z,2026-03-11T00:00:00Z,AmazonEC2,BoxUsage:m5.xlarge,RunInstances,3.6102,137.11648,137.930889,Usage,us-east-1,,,prod
86da7adc-c20d-a713-1ba7-427cc4b6ca93,2026-03-10T00:00:00Z/2026-03-11T00:00:00Z,2026-03-10T00:00:00Z,2026-03-11T00:00:00Z,AmazonEC2,BoxUsage:m5.xlarge,RunInstances,1.3198,151.275469,155.235383,Usage,us-east-1,,,prod
add33f7e-3a10-2547-59aa-3732fc9e6bfd,2026-03-11T00:00:00Z/2026-03-12T00:00:00Z,2026-03-11T00:00:00Z,2026-03-12T00:00:00Z,AmazonEKS,AmazonEKS-Hours:perCluster,RunInstances,3.2903,5.978881,5.80102,Usage,us-east-1,,,prod
8c54883d-62b5-53ef-2672-e8837f6148e4,2026-03-11T00:00:00Z/2026-03-12T00:00:00Z,2026-03-11T00:00:00Z,2026-03-12T00:00:00Z,AmazonEC2,BoxUsage:m5.2xlarge,RunInstances,9.5223,5.673932,5.941485,Usage,us-east-1,,,prod
f5923ee9-afe2-f138-7bcc-b99ce9b69da6,2026-03-11T00:00:00Z/2026-03-12T00:00:00Z,2026-03-11T00:00:00Z,2026-03-12T00:00:00Z,AmazonEC2,BoxUsage:m5.2xlarge,RunInstances,21.76,5.94496,5.803982,Usage,us-east-1,,,prod
920488c2-e404-e83f-72d4-7d033252bbe0,2026-03-11T00:00:00Z/2026-03-12T00:00:00Z,2026-03-11T00:00:00Z,2026-03-12T00:00:00Z,AmazonEC2,BoxUsage:m5.2xlarge,RunInstances,20.4293,5.080637,5.204678,Usage,us-east-1,,,prod
5c94e4b1-3cac-2e5b-7a03-28d37f80d83a,2026-03-11T00:00:00Z/2026-03-12T00:00:00Z,2026-03-11T00:00:00Z,2026-03-12T00:00:00Z,AmazonEC2,BoxUsage:m5.2xlarge,RunInstances,23.9272,5.046908,5.112244,Usage,us-east-1,,,prod
34ca7506-274a-180c-f174-c9ada3c66ba0,2026-03-11T00:00:00Z/2026-03-12T00:00:00Z,2026-03-11T00:00:00Z,2026-03-12T00:00:00Z,AmazonEC2,BoxUsage:m5.2xlarge,RunInstances,13.7283,5.269138,5.519457,Usage,us-east-1,,,prod
9dda6c75-3801-aec7-2247-e95d3b4002af,2026-03-11T00:00:00Z/2026-03-12T00:00:00Z,2026-03-11T00:00:00Z,2026-03-12T00:00:00Z,AmazonEC2,BoxUsage:m5.2xlarge,RunInstances,6.9695,6.073563,6.357445,Usage,us-east-1,,,prod
b5d131be-a802-e20f-fd62-a960193fb1bf,2026-03-11T00:00:00Z/2026-03-12T00:00:00Z,2026-03-11T00:00:00Z,2026-03-12T00:00:00Z,AmazonEC2,BoxUsage:m5.2xlarge,RunInstances,21.207,5.596231,5.344208,Usage,us-east-1,,,prod
27dc6ce0-0c7f-a936-9ec0-9aff8ae1d4c1,2026-03-11T00:00:00Z/2026-03-12T00:00:00Z,2026-03-11T00:00:00Z,2026-03-12T00:00:00Z,AmazonEC2,BoxUsage:m5.2xlarge,RunInstances,23.9603,5.404881,5.362824,Usage,us-east-1,,,prod
d5a695fd-f464-c1d4-0485-20251fd4052c,2026-03-11T00:00:00Z/2026-03-12T00:00:00Z,2026-03-11T00:00:00Z,2026-03-12T00:00:00Z,AmazonEC2,BoxUsage:m5.2xlarge,RunInstances,2.9503,5.264387,5.073144,Usage,us-east-1,,,prod
c45dcf75-2006-4d6b-5566-f715a4fa3a3a,2026-03-11T00:00:00Z/2026-03-12T00:00:00Z,2026-03-11T00:00:00Z,2026-03-12T00:00:00Z,AmazonEC2,BoxUsage:m5.2xlarge,RunInstances,9.905,6.041027,5.946047,Usage,us-east-1,,,prod
0efcc672-7761-1820-77fe-1cec0e18bd68,2026-03-11T00:00:00Z/2026-03-12T00:00:00Z,2026-03-11T00:00:00Z,2026-03-12T00:00:00Z,AmazonEC2,BoxUsage:m5.2xlarge,RunInstances,11.5842,6.024801,5.939662,Usage,us-east-1,,,prod
a32eb7bd-c41e-58e8-f2a5-8785193351de,2026-03-11T00:00:00Z/2026-03-12T00:00:00Z,2026-03-11T00:00:00Z,2026-03-12T00:00:00Z,AmazonEC2,BoxUsage:m5.2xlarge,RunInstances,23.6109,5.501943,5.750288,Usage,us-east-1,,,prod
ddd0368d-9e41-4c3e-438e-079e68174c4d,2026-03-11T00:00:00Z/2026-03-12T00:00:00Z,2026-03-11T00:00:00Z,2026-03-12T00:00:00Z,AmazonEC2,BoxUsage:m5.2xlarge,RunInstances,9.5443,5.409821,5.613613,Usage,us-east-1,,,prod
4a922f43-369c-c3ab-db46-c360ee035feb,2026-03-11T00:00:00Z/2026-03-12T00:00:00Z,2026-03-11T00:00:00Z,2026-03-12T00:00:00Z,AmazonEC2,BoxUsage:m5.2xlarge,RunInstances,4.3165,5.328605,5.480769,Usage,us-east-1,,,prod
ecd70f0b-74e9-efa3-9351-c3ca828ad7c2,2026-03-11T00:00:00Z/2026-03-12T00:00:00Z,2026-03-11T00:00:00Z,2026-03-12T00:00:00Z,AmazonEC2,BoxUsage:m5.2xlarge,RunInstances,12.0152,5.961797,6.235104,Usage,us-east-1,,,prod
55ff56e8-9cfb-4a6d-04a2-277049eaa8dd,2026-03-11T00:00:00Z/2026-03-12T00:00:00Z,2026-03-11T00:00:00Z,2026-03-12T00:00:00Z,AmazonEC2,BoxUsage:m5.2xlarge,RunInstances,9.0848,4.612873,4.620626,Usage,us-east-1,,,prod
c85421c8-0164-2187-eaa2-4f40f0a11e7c,2026-03-11T00:00:00Z/2026-03-12T00:00:00Z,2026-03-11T00:00:00Z,2026-03-12T00:00:00Z,AmazonEC2,BoxUsage:m5.2xlarge,RunInstances,20.8467,5.791754,5.729172,Usage,us-east-1,,,prod
0f40e402-10a4-fe0b-cd69-1ac8f6db763f,2026-03-11T00:00:00Z/2026-03-12T00:00:00Z,2026-03-11T00:00:00Z,2026-03-12T00:00:00Z,AmazonEC2,BoxUsage:m5.2xlarge,RunInstances,3.5685,5.187671,5.387933,Usage,us-east-1,,,prod
68601dee-48d9-d34e-ed41-b8a8e69b7e97,2026-03-11T00:00:00Z/2026-03-12T00:00:00Z,2026-03-11T00:00:00Z,2026-03-12T00:00:00Z,AmazonEC2,BoxUsage:m5.2xlarge,RunInstances,10.8395,5.602371,5.724126,Usage,us-east-1,,,prod
46077513-6792-2334-19d6-dad9c1a5ba0f,2026-03-11T00:00:00Z/2026-03-12T00:00:00Z,2026-03-11T00:00:00Z,2026-03-12T00:00:00Z,AmazonEC2,BoxUsage:m5.2xlarge,RunInstances,15.4137,5.353999,5.272856,Usage,us-east-1,,,prod
99eb15c3-0a8f-ca8f-e7d5-6b8b4b5521ae,2026-03-11T00:00:00Z/2026-03-12T00:00:00Z,2026-03-11T00:00:00Z,2026-03-12T00:00:00Z,AmazonEC2,BoxUsage:m5.xlarge,RunInstances,15.8697,125.069678,122.351808,Usage,us-east-1,,,prod
07d89053-e11c-d06b-29ac-59a1b60b0663,2026-03-11T00:00:00Z/2026-03-12T00:00:00Z,2026-03-11T00:00:00Z,2026-03-12T00:00:00Z,AmazonEC2,BoxUsage:m5.xlarge,RunInstances,4.8528,136.320032,133.705589,Usage,us-east-1,,,prod
8edd6fd4-fbfe-120c-c3d4-82704ecb5a97,2026-03-11T00:00:00Z/2026-03-12T00:00:00Z,2026-03-11T00:00:00Z,2026-03-12T00:00:00Z,AmazonEC2,BoxUsage:m5.xlarge,RunInstances,17.4737,163.913818,167.481878,Usage,us-east-1,,,prod
7c5059fb-9a55-c740-1bf8-de13afa584a6,2026-03-11T00:00:00Z/2026-03-12T00:00:00Z,2026-03-11T00:00:00Z,2026-03-12T00:00:00Z,AmazonEC2,BoxUsage:m5.xlarge,RunInstances,4.4791,133.740759,131.883895,Usage,us-east-1,,,prod
b12e0141-a8c7-1225-a2c6-d772bc6babd1,2026-03-11T00:00:00Z/2026-03-12T00:00:00Z,2026-03-11T00:00:00Z,2026-03-12T00:00:00Z,AmazonEC2,BoxUsage:m5.xlarge,RunInstances,23.9796,128.064538,130.749805,Usage,us-east-1,,,prod
0be05aff-da16-ad97-8d2c-59d668a15465,2026-03-12T00:00:00Z/2026-03-13T00:00:00Z,2026-03-12T00:00:00Z,2026-03-13T00:00:00Z,AmazonEKS,AmazonEKS-Hours:perCluster,RunInstances,22.2417,6.00012,6.288128,Usage,us-east-1,,,prod
b69cba49-1963-9c02-727f-2f944fd095c8,2026-03-12T00:00:00Z/2026-03-13T00:00:00Z,2026-03-12T00:00:00Z,2026-03-13T00:00:00Z,AmazonEC2,BoxUsage:m5.2xlarge,RunInstances,18.4645,6.088711,5.872193,Usage,us-east-1,,,prod
d7132936-760b-6a80-8e9f-477a0a3127b2,2026-03-12T00:00:00Z/2026-03-13T00:00:00Z,2026-03-12T00:00:00Z,2026-03-13T00:00:00Z,AmazonEC2,BoxUsage:m5.2xlarge,RunInstances,13.4838,5.973971,6.030763,Usage,us-east-1,,,prod
3a08475b-2dff-48ff-dac6-49d634b019e3,2026-03-12T00:00:00Z/2026-03-13T00:00:00Z,2026-03-12T00:00:00Z,2026-03-13T00:00:00Z,AmazonEC2,BoxUsage:m5.2xlarge,RunInstances,8.9147,5.135426,4.913184,Usage,us-east-1,,,prod
870085cb-9d80-f351-b783-4403c4ad3576,2026-03-12T00:00:00Z/2026-03-13T00:00:00Z,2026-03-12T00:00:00Z,2026-03-13T00:00:00Z,AmazonEC2,BoxUsage:m5.2xlarge,RunInstances,1.5289,4.565621,4.386322,Usage,us-east-1,,,prod
21441c79-b91d-267b-9b0f-40df36b45a29,2026-03-12T00:00:00Z/2026-03-13T00:00:00Z,2026-03-12T00:00:00Z,2026-03-13T00:00:00Z,AmazonEC2,BoxUsage:m5.2xlarge,RunInstances,4.8223,5.090868,5.181081,Usage,us-east-1,,,prod
69f32cf0-a7e5-0fe1-43dc-ce47f53c5101,2026-03-12T00:00:00Z/2026-03-13T00:00:00Z,2026-03-12T00:00:00Z,2026-03-13T00:00:00Z,AmazonEC2,BoxUsage:m5.2xlarge,RunInstances,3.2337,4.883631,4.982183,Usage,us-east-1,,,prod
c20e998d-7575-8e0b-ec34-85a3c9c9cc9d,2026-03-12T00:00:00Z/2026-03-13T00:00:00Z,2026-03-12T00:00:00Z,2026-03-13T00:00:00Z,AmazonEC2,BoxUsage:m5.2xlarge,RunInstances,11.4005,4.62803,4.410938,Usage,us-east-1,,,prod
3c641193-139e-a9f5-3376-6b52f0452148,2026-03-12T00:00:00Z/2026-03-13T00:00:00Z,2026-03-12T00:00:00Z,2026-03-13T00:00:00Z,AmazonEC2,BoxUsage:m5.2xlarge,RunInstances,20.59,5.18788,5.173186,Usage,us-east-1,,,prod
28496161-89e6-64ad-abc6-6c88c4016a3e,2026-03-12T00:00:00Z/2026-03-13T00:00:00Z,2026-03-12T00:00:00Z,2026-03-13T00:00:00Z,AmazonEC2,BoxUsage:m5.2xlarge,RunInstances,18.8034,5.611595,5.601546,Usage,us-east-1,,,prod
10d9b9f4-80a6-7680-454a-b40bd081e1ee,2026-03-12T00:00:00Z/2026-03-13T00:00:00Z,2026-03-12T00:00:00Z,2026-03-13T00:00:00Z,AmazonEC2,BoxUsage:m5.2xlarge,RunInstances,18.6062,5.870654,5.917412,Usage,us-east-1,,,prod
7a88de46-9bed-dbb2-908d-c9eb2454f1b7,2026-03-12T00:00:00Z/2026-03-13T00:00:00Z,2026-03-12T00:00:00Z,2026-03-13T00:00:00Z,AmazonEC2,BoxUsage:m5.2xlarge,RunInstances,4.6421,4.936926,5.013627,Usage,us-east-1,,,prod
3cd1c8e6-b8ef-7347-78bd-8e24aaf07314,2026-03-12T00:00:00Z/2026-03-13T00:00:00Z,2026-03-12T00:00:00Z,2026-03-13T00:00:00Z,AmazonEC2,BoxUsage:m5.2xlarge,RunInstances,19.5255,5.35846,5.142915,Usage,us-east-1,,,prod
85685d16-8a9f-5e70-89da-1cd14bc939e3,2026-03-12T00:00:00Z/2026-03-13T00:00:00Z,2026-03-12T00:00:00Z,2026-03-13T00:00:00Z,AmazonEC2,BoxUsage:m5.2xlarge,RunInstances,22.8289,4.982605,4.766571,Usage,us-east-1,,,prod
403026d8-4b6b-cc9e-ec1c-4e8b4f6b621b,2026-03-12T00:00:00Z/2026-03-13T00:00:00Z,2026-03-12T00:00:00Z,2026-03-13T00:00:00Z,AmazonEC2,BoxUsage:m5.2xlarge,RunInstances,4.8528,4.940545,4.875369,Usage,us-east-1,,,prod
342d7452-ef86-8c52-8683-1fe9295a64d0,2026-03-12T00:00:00Z/2026-03-13T00:00:00Z,2026-03-12T00:00:00Z,2026-03-13T00:00:00Z,AmazonEC2,BoxUsage:m5.2xlarge,RunInstances,1.4719,4.687003,4.787389,Usage,us-east-1,,,prod
bc7dd0f5-385f-f207-e95d-7a6e635a75f8,2026-03-12T00:00:00Z/2026-03-13T00:00:00Z,2026-03-12T00:00:00Z,2026-03-13T00:00:00Z,AmazonEC2,BoxUsage:m5.2xlarge,RunInstances,9.8605,5.219514,5.078382,Usage,us-east-1,,,prod
188531c8-74e0-8767-b828-218adfdbbd07,2026-03-12T00:00:00Z/2026-03-13T00:00:00Z,2026-03-12T00:00:00Z,2026-03-13T00:00:00Z,AmazonEC2,BoxUsage:m5.2xlarge,RunInstances,17.4199,5.93278,6.222328,Usage,us-east-1,,,prod
1da27e3a-d9db-73b7-fd59-de97230b2e9b,2026-03-12T00:00:00Z/2026-03-13T00:00:00Z,2026-03-12T00:00:00Z,2026-03-13T00:00:00Z,AmazonEC2,BoxUsage:m5.2xlarge,RunInstances,9.4567,5.701979,5.723575,Usage,us-east-1,,,prod
05aeff84-8019-19bb-5c92-64bbf3abe6b8,2026-03-12T00:00:00Z/2026-03-13T00:00:00Z,2026-03-12T00:00:00Z,2026-03-13T00:00:00Z,AmazonEC2,BoxUsage:m5.2xlarge,RunInstances,19.9262,5.653952,5.799538,Usage,us-east-1,,,prod
f55e9e10-93b5-5358-3e13-f56af78cd822,2026-03-12T00:00:00Z/2026-03-13T00:00:00Z,2026-03-12T00:00:00Z,2026-03-13T00:00:00Z,AmazonEC2,BoxUsage:m5.2xlarge,RunInstances,14.7076,5.153989,5.150666,Usage,us-east-1,,,prod
b20f03aa-a42a-c461-50aa-dae42e4ddde0,2026-03-12T00:00:00Z/2026-03-13T00:00:00Z,2026-03-12T00:00:00Z,2026-03-13T00:00:00Z,AmazonEC2,BoxUsage:m5.xlarge,RunInstances,18.6919,133.00232,130.080111,Usage,us-east-1,,,prod
d7a46dc7-684c-c1ef-d14e-77e6cfaf3610,2026-03-12T00:00:00Z/2026-03-13T00:00:00Z,2026-03-12T00:00:00Z,2026-03-13T00:00:00Z,AmazonEC2,BoxUsage:m5.xlarge,RunInstances,13.4948,150.813919,146.777738,Usage,us-east-1,,,prod
b1d341e5-9914-8ef7-7326-bce7c7b27336,2026-03-12T00:00:00Z/2026-03-13T00:00:00Z,2026-03-12T00:00:00Z,2026-03-13T00:00:00Z,AmazonEC2,BoxUsage:m5.xlarge,RunInstances,15.3328,134.830962,140.521277,Usage,us-east-1,,,prod
878f7668-dc69-e752-1cf6-5ff4471f91c2,2026-03-12T00:00:00Z/2026-03-13T00:00:00Z,2026-03-12T00:00:00Z,2026-03-13T00:00:00Z,AmazonEC2,BoxUsage:m5.xlarge,RunInstances,18.7094,124.840924,130.589545,Usage,us-east-1,,,prod
dba225ac-a203-c4c5-6547-c8c7a473e797,2026-03-12T00:00:00Z/2026-03-13T00:00:00Z,2026-03-12T00:00:00Z,2026-03-13T00:00:00Z,AmazonEC2,BoxUsage:m5.xlarge,RunInstances,17.0862,135.072721,136.085053,Usage,us-east-1,,,prod
fceb67bd-71ae-ab7a-10b2-cc34d789a9a4,2026-03-13T00:00:00Z/2026-03-14T00:00:00Z,2026-03-13T00:00:00Z,2026-03-14T00:00:00Z,AmazonEKS,AmazonEKS-Hours:perCluster,RunInstances,6.2005,5.475961,5.231829,Usage,us-east-1,,,prod
e7272aa4-b0b7-4672-b6e0-fe388a9c9f9e,2026-03-13T00:00:00Z/2026-03-14T00:00:00Z,2026-03-13T00:00:00Z,2026-03-14T00:00:00Z,AmazonEC2,BoxUsage:m5.2xlarge,RunInstances,4.5703,4.700295,4.843261,Usage,us-east-1,,,prod
a56dc69a-ca95-aed6-13db-4acf4d0ac5e0,2026-03-13T00:00:00Z/2026-03-14T00:00:00Z,2026-03-13T00:00:00Z,2026-03-14T00:00:00Z,AmazonEC2,BoxUsage:m5.2xlarge,RunInstances,1.055,5.499061,5.367068,Usage,us-east-1,,,prod
c21d6ff3-0eb9-a575-972c-82e1c282186b,2026-03-13T00:00:00Z/2026-03-14T00:00:00Z,2026-03-13T00:00:00Z,2026-03-14T00:00:00Z,AmazonEC2,BoxUsage:m5.2xlarge,RunInstances,23.2343,5.545085,5.317997,Usage,us-east-1,,,prod
30aed0ff-f197-984d-0f97-e68460398148,2026-03-13T00:00:00Z/2026-03-14T00:00:00Z,2026-03-13T00:00:00Z,2026-03-14T00:00:00Z,AmazonEC2,BoxUsage:m5.2xlarge,RunInstances,18.0873,5.884675,6.092429,Usage,us-east-1,,,prod
21253e95-a8dc-a713-ce97-4f6e90e8453e,2026-03-13T00:00:00Z/2026-03-14T00:00:00Z,2026-03-13T00:00:00Z,2026-03-14T00:00:00Z,AmazonEC2,BoxUsage:m5.2xlarge,RunInstances,10.6781,6.101282,5.898769,Usage,us-east-1,,,prod
e6e77835-0562-7cac-9700-6a195110c99e,2026-03-13T00:00:00Z/2026-03-14T00:00:00Z,2026-03-13T00:00:00Z,2026-03-14T00:00:00Z,AmazonEC2,BoxUsage:m5.2xlarge,RunInstances,13.0717,5.071027,4.926408,Usage,us-east-1,,,prod
235e78a4-8d91-3d58-b00f-16a21e219a8b,2026-03-13T00:00:00Z/2026-03-14T00:00:00Z,2026-03-13T00:00:00Z,2026-03-14T00:00:00Z,AmazonEC2,BoxUsage:m5.2xlarge,RunInstances,9.3477,5.356154,5.441705,Usage,us-east-1,,,prod
71d742b3-003c-e2b4-3043-a9d0cb4ceb98,2026-03-13T00:00:00Z/2026-03-14T00:00:00Z,2026-03-13T00:00:00Z,2026-03-14T00:00:00Z,AmazonEC2,BoxUsage:m5.2xlarge,RunInstances,21.5571,5.797227,5.962721,Usage,us-east-1,,,prod
a6342bbf-aca5-8921-98b1-c5ad5ba0a913,2026-03-13T00:00:00Z/2026-03-14T00:00:00Z,2026-03-13T00:00:00Z,2026-03-14T00:00:00Z,AmazonEC2,BoxUsage:m5.2xlarge,RunInstances,2.3551,5.764203,5.768819,Usage,us-east-1,,,prod
e0ceace4-3058-614f-db38-16c342d4b3ec,2026-03-13T00:00:00Z/2026-03-14T00:00:00Z,2026-03-13T00:00:00Z,2026-03-14T00:00:00Z,AmazonEC2,BoxUsage:m5.2xlarge,RunInstances,21.3913,4.698892,4.88473,Usage,us-east-1,,,prod
8b55d3d7-cb6c-13eb-aae5-8c29650ea722,2026-03-13T00:00:00Z/2026-03-14T00:00:00Z,2026-03-13T00:00:00Z,2026-03-14T00:00:00Z,AmazonEC2,BoxUsage:m5.2xlarge,RunInstances,7.7692,5.064046,4.985209,Usage,us-east-1,,,prod
cc3c1864-34fb-06a6-407a-91e5acefe0bc,2026-03-13T00:00:00Z/2026-03-14T00:00:00Z,2026-03-13T00:00:00Z,2026-03-14T00:00:00Z,AmazonEC2,BoxUsage:m5.2xlarge,RunInstances,14.1161,5.19791,5.422629,Usage,us-east-1,,,prod
45ebcf04-fd24-c0ee-fcb9-590a9eb91ac4,2026-03-13T00:00:00Z/2026-03-14T00:00:00Z,2026-03-13T00:00:00Z,2026-03-14T00:00:00Z,AmazonEC2,BoxUsage:m5.2xlarge,RunInstances,13.7234,4.758235,4.646484,Usage,us-east-1,,,prod
4fb5d9f8-ec8b-27c1-db89-f179da45dc90,2026-03-13T00:00:00Z/2026-03-14T00:00:00Z,2026-03-13T00:00:00Z,2026-03-14T00:00:00Z,AmazonEC2,BoxUsage:m5.2xlarge,RunInstances,10.7023,5.203474,5.325344,Usage,us-east-1,,,prod
70dc2989-8995-fca1-cb23-b990bb19d16f,2026-03-13T00:00:00Z/2026-03-14T00:00:00Z,2026-03-13T00:00:00Z,2026-03-14T00:00:00Z,AmazonEC2,BoxUsage:m5.2xlarge,RunInstances,21.6114,4.544346,4.636936,Usage,us-east-1,,,prod
db85b1b0-ec4c-ad31-c68b-0d6873080007,2026-03-13T00:00:00Z/2026-03-14T00:00:00Z,2026-03-13T00:00:00Z,2026-03-14T00:00:00Z,AmazonEC2,BoxUsage:m5.2xlarge,RunInstances,6.1763,5.096609,5.30849,Usage,us-east-1,,,prod
5dade1d2-9d5b-e0b9-fdbf-e005a693f13f,2026-03-13T00:00:00Z/2026-03-14T00:00:00Z,2026-03-13T00:00:00Z,2026-03-14T00:00:00Z,AmazonEC2,BoxUsage:m5.2xlarge,RunInstances,9.2356,4.609583,4.624571,Usage,us-east-1,,,prod
f3bf0ef7-091e-c30b-9223-d5e1cdf00437,2026-03-13T00:00:00Z/2026-03-14T00:00:00Z,2026-03-13T00:00:00Z,2026-03-14T00:00:00Z,AmazonEC2,BoxUsage:m5.2xlarge,RunInstances,22.1495,4.860754,4.900925,Usage,us-east-1,,,prod
ebdf2c79-381c-0e56-3709-60337d79eb0e,2026-03-13T00:00:00Z/2026-03-14T00:00:00Z,2026-03-13T00:00:00Z,2026-03-14T00:00:00Z,AmazonEC2,BoxUsage:m5.2xlarge,RunInstances,14.643,4.882017,4.923118,Usage,us-east-1,,,prod
4993af89-1bcb-7284-42b5-60504a645292,2026-03-13T00:00:00Z/2026-03-14T00:00:00Z,2026-03-13T00:00:00Z,2026-03-14T00:00:00Z,AmazonEC2,BoxUsage:m5.2xlarge,RunInstances,15.9921,6.078532,5.800608,Usage,us-east-1,,,prod
123bdbdf-36cf-2ae5-de7c-f2a51890108a,2026-03-13T00:00:00Z/2026-03-14T00:00:00Z,2026-03-13T00:00:00Z,2026-03-14T00:00:00Z,AmazonEC2,BoxUsage:m5.xlarge,RunInstances,13.0295,131.639363,128.259679,Usage,us-east-1,,,prod
28d5d15d-1044-bed1-bd25-6a77acbfe380,2026-03-13T00:00:00Z/2026-03-14T00:00:00Z,2026-03-13T00:00:00Z,2026-03-14T00:00:00Z,AmazonEC2,BoxUsage:m5.xlarge,RunInstances,5.3281,148.916891,154.026071,Usage,us-east-1,,,prod
80c780af-cc18-a4ee-4d78-97885c523484,2026-03-13T00:00:00Z/2026-03-14T00:00:00Z,2026-03-13T00:00:00Z,2026-03-14T00:00:00Z,AmazonEC2,BoxUsage:m5.xlarge,RunInstances,20.5423,135.72283,133.536855,Usage,us-east-1,,,prod
06da48f9-d599-29cb-2277-a1c62f95f721,2026-03-13T00:00:00Z/2026-03-14T00:00:00Z,2026-03-13T00:00:00Z,2026-03-14T00:00:00Z,AmazonEC2,BoxUsage:m5.xlarge,RunInstances,13.7235,144.323465,150.365686,Usage,us-east-1,,,prod
9a624afa-ceed-ac06-1505-53944417bc5d,2026-03-13T00:00:00Z/2026-03-14T00:00:00Z,2026-03-13T00:00:00Z,2026-03-14T00:00:00Z,AmazonEC2,BoxUsage:m5.xlarge,RunInstances,9.3231,155.092546,162.778259,Usage,us-east-1,,,prod
bd25394d-6cfe-ab50-be8d-b20ffefd54e1,2026-03-14T00:00:00Z/2026-03-15T00:00:00Z,2026-03-14T00:00:00Z,2026-03-15T00:00:00Z,AmazonEKS,AmazonEKS-Hours:perCluster,RunInstances,10.1032,5.096932,4.958275,Usage,us-east-1,,,prod
526bfa00-c149-d686-c97b-acf31fae473b,2026-03-14T00:00:00Z/2026-03-15T00:00:00Z,2026-03-14T00:00:00Z,2026-03-15T00:00:00Z,AmazonEC2,BoxUsage:m5.2xlarge,RunInstances,17.1842,4.58308,4.69249,Usage,us-east-1,,,prod
6fed0322-c295-86d4-0b3c-d812c3c34f97,2026-03-14T00:00:00Z/2026-03-15T00:00:00Z,2026-03-14T00:00:00Z,2026-03-15T00:00:00Z,AmazonEC2,BoxUsage:m5.2xlarge,RunInstances,11.3354,5.755237,5.687854,Usage,us-east-1,,,prod
55515e3e-e706-71ad-f198-9976c95d2172,2026-03-14T00:00:00Z/2026-03-15T00:00:00Z,2026-03-14T00:00:00Z,2026-03-15T00:00:00Z,AmazonEC2,BoxUsage:m5.2xlarge,RunInstances,6.395,5.411154,5.626671,Usage,us-east-1,,,prod
1ddcd034-ac39-e9ca-8d6c-bacf7ccea8fb,2026-03-14T00:00:00Z/2026-03-15T00:00:00Z,2026-03-14T00:00:00Z,2026-03-15T00:00:00Z,AmazonEC2,BoxUsage:m5.2xlarge,RunInstances,19.8937,5.807888,5.673712,Usage,us-east-1,,,prod
3aa0c883-ecca-cc70-0e6c-c762201ae5b7,2026-03-14T00:00:00Z/2026-03-15T00:00:00Z,2026-03-14T00:00:00Z,2026-03-15T00:00:00Z,AmazonEC2,BoxUsage:m5.2xlarge,RunInstances,1.9648,5.873065,6.077548,Usage,us-east-1,,,prod
83505921-c4b3-5532-67d3-9fd77e248eb8,2026-03-14T00:00:00Z/2026-03-15T00:00:00Z,2026-03-14T00:00:00Z,2026-03-15T00:00:00Z,AmazonEC2,BoxUsage:m5.2xlarge,RunInstances,5.8849,5.45055,5.685081,Usage,us-east-1,,,prod
e7092224-03b6-5011-4177-7b68c8eff51e,2026-03-14T00:00:00Z/2026-03-15T00:00:00Z,2026-03-14T00:00:00Z,2026-03-15T00:00:00Z,AmazonEC2,BoxUsage:m5.2xlarge,RunInstances,9.0986,6.020638,6.177922,Usage,us-east-1,,,prod
95eba28c-e003-d93f-3c10-45581f862dfe,2026-03-14T00:00:00Z/2026-03-15T00:00:00Z,2026-03-14T00:00:00Z,2026-03-15T00:00:00Z,AmazonEC2,BoxUsage:m5.2xlarge,RunInstances,17.4684,5.459371,5.561297,Usage,us-east-1,,,prod
4cc53be1-4f9e-1c29-f573-9b774b43c913,2026-03-14T00:00:00Z/2026-03-15T00:00:00Z,2026-03-14T00:00:00Z,2026-03-15T00:00:00Z,AmazonEC2,BoxUsage:m5.2xlarge,RunInstances,17.3695,5.742287,5.790859,Usage,us-east-1,,,prod
99dc4db7-4a29-7403-f34b-134306774722,2026-03-14T00:00:00Z/2026-03-15T00:00:00Z,2026-03-14T00:00:00Z,2026-03-15T00:00:00Z,AmazonEC2,BoxUsage:m5.2xlarge,RunInstances,9.5944,5.512228,5.463395,Usage,us-east-1,,,prod
29985c55-4423-2c74-7c27-0358cc0b3a77,2026-03-14T00:00:00Z/2026-03-15T00:00:00Z,2026-03-14T00:00:00Z,2026-03-15T00:00:00Z,AmazonEC2,BoxUsage:m5.2xlarge,RunInstances,16.9414,5.170796,4.922872,Usage,us-east-1,,,prod
60fd28f1-8b95-7686-4ddf-b71d36b62a0b,2026-03-14T00:00:00Z/2026-03-15T00:00:00Z,2026-03-14T00:00:00Z,2026-03-15T00:00:00Z,AmazonEC2,BoxUsage:m5.2xlarge,RunInstances,13.156,5.453426,5.254813,Usage,us-east-1,,,prod
536f3546-9014-e282-0282-f393f702ae9f,2026-03-14T00:00:00Z/2026-03-15T00:00:00Z,2026-03-14T00:00:00Z,2026-03-15T00:00:00Z,AmazonEC2,BoxUsage:m5.2xlarge,RunInstances,15.2558,5.177901,5.148844,Usage,us-east-1,,,prod
613d6593-99c1-ad41-b1c8-33f79e2a213e,2026-03-14T00:00:00Z/2026-03-15T00:00:00Z,2026-03-14T00:00:00Z,2026-03-15T00:00:00Z,AmazonEC2,BoxUsage:m5.2xlarge,RunInstances,18.2193,4.794913,4.950954,Usage,us-east-1,,,prod
ae63a268-40a4-9376-0bf6-ba3603384d04,2026-03-14T00:00:00Z/2026-03-15T00:00:00Z,2026-03-14T00:00:00Z,2026-03-15T00:00:00Z,AmazonEC2,BoxUsage:m5.2xlarge,RunInstances,6.9916,5.312868,5.511846,Usage,us-east-1,,,prod
82c8da95-ea1c-f6cc-2037-743c24038d1c,2026-03-14T00:00:00Z/2026-03-15T00:00:00Z,2026-03-14T00:00:00Z,2026-03-15T00:00:00Z,AmazonEC2,BoxUsage:m5.2xlarge,RunInstances,13.4622,5.417183,5.189673,Usage,us-east-1,,,prod
e55ad803-d329-1b6c-8648-f32b6658ecca,2026-03-14T00:00:00Z/2026-03-15T00:00:00Z,2026-03-14T00:00:00Z,2026-03-15T00:00:00Z,AmazonEC2,BoxUsage:m5.2xlarge,RunInstances,12.4712,4.693147,4.57268,Usage,us-east-1,,,prod
6d7ce31f-48ac-bc00-4461-222d6ad6a1c2,2026-03-14T00:00:00Z/2026-03-15T00:00:00Z,2026-03-14T00:00:00Z,2026-03-15T00:00:00Z,AmazonEC2,BoxUsage:m5.2xlarge,RunInstances,2.0415,5.495485,5.263832,Usage,us-east-1,,,prod
0c820df8-30fb-eba1-0816-af2a37b57d1f,2026-03-14T00:00:00Z/2026-03-15T00:00:00Z,2026-03-14T00:00:00Z,2026-03-15T00:00:00Z,AmazonEC2,BoxUsage:m5.2xlarge,RunInstances,19.0622,5.750342,5.726397,Usage,us-east-1,,,prod
9a338832-5ad6-1d8e-9468-f021469297d6,2026-03-14T00:00:00Z/2026-03-15T00:00:00Z,2026-03-14T00:00:00Z,2026-03-15T00:00:00Z,AmazonEC2,BoxUsage:m5.2xlarge,RunInstances,11.6322,4.621626,4.62365,Usage,us-east-1,,,prod
c5828a51-b118-5118-59ee-ee2afbfd3b40,2026-03-14T00:00:00Z/2026-03-15T00:00:00Z,2026-03-14T00:00:00Z,2026-03-15T00:00:00Z,AmazonEC2,BoxUsage:m5.xlarge,RunInstances,11.0279,135.247638,133.467413,Usage,us-east-1,,,prod
802d2521-5bd1-b315-aea2-52aa3c9fe535,2026-03-14T00:00:00Z/2026-03-15T00:00:00Z,2026-03-14T00:00:00Z,2026-03-15T00:00:00Z,AmazonEC2,BoxUsage:m5.xlarge,RunInstances,17.0146,136.402032,141.838509,Usage,us-east-1,,,prod
a40eff03-5d05-e9ea-021e-c1d5471cd8d7,2026-03-14T00:00:00Z/2026-03-15T00:00:00Z,2026-03-14T00:00:00Z,2026-03-15T00:00:00Z,AmazonEC2,BoxUsage:m5.xlarge,RunInstances,23.1442,135.645692,136.86956,Usage,us-east-1,,,prod
8d84c6f7-bb8d-c89c-ef17-88e7091b1012,2026-03-14T00:00:00Z/2026-03-15T00:00:00Z,2026-03-14T00:00:00Z,2026-03-15T00:00:00Z,AmazonEC2,BoxUsage:m5.xlarge,RunInstances,13.8469,164.313119,157.857156,Usage,us-east-1,,,prod
148d847d-3956-377d-ce24-ff3ffab0ad2a,2026-03-14T00:00:00Z/2026-03-15T00:00:00Z,2026-03-14T00:00:00Z,2026-03-15T00:00:00Z,AmazonEC2,BoxUsage:m5.xlarge,RunInstances,20.6191,127.827658,128.458827,Usage,us-east-1,,,prod
9afc7c85-e342-fc45-2c12-ecd7373f1654,2026-03-15T00:00:00Z/2026-03-16T00:00:00Z,2026-03-15T00:00:00Z,2026-03-16T00:00:00Z,AmazonEKS,AmazonEKS-Hours:perCluster,RunInstances,7.5033,4.879322,5.036824,Usage,us-east-1,,,prod
024aee31-71d2-b298-4386-0a220851c0ef,2026-03-15T00:00:00Z/2026-03-16T00:00:00Z,2026-03-15T00:00:00Z,2026-03-16T00:00:00Z,AmazonEC2,BoxUsage:m5.2xlarge,RunInstances,12.4001,4.64545,4.463449,Usage,us-east-1,,,prod
960f1a97-bcc2-9039-a861-6d536b67e615,2026-03-15T00:00:00Z/2026-03-16T00:00:00Z,2026-03-15T00:00:00Z,2026-03-16T00:00:00Z,AmazonEC2,BoxUsage:m5.2xlarge,RunInstances,19.6334,5.042172,4.897485,Usage,us-east-1,,,prod
d0fc4289-5f74-6638-85c6-215659b55fc5,2026-03-15T00:00:00Z/2026-03-16T00:00:00Z,2026-03-15T00:00:00Z,2026-03-16T00:00:00Z,AmazonEC2,BoxUsage:m5.2xlarge,RunInstances,2.1529,4.949412,4.990421,Usage,us-east-1,,,prod
75fc8fca-c5f2-07ed-6183-4f4c4d73406e,2026-03-15T00:00:00Z/2026-03-16T00:00:00Z,2026-03-15T00:00:00Z,2026-03-16T00:00:00Z,AmazonEC2,BoxUsage:m5.2xlarge,RunInstances,7.1108,6.088951,6.217417,Usage,us-east-1,,,prod
316d7797-908c-d65d-17b0-1d125a4f81b4,2026-03-15T00:00:00Z/2026-03-16T00:00:00Z,2026-03-15T00:00:00Z,2026-03-16T00:00:00Z,AmazonEC2,BoxUsage:m5.2xlarge,RunInstances,2.2369,5.344534,5.096643,Usage,us-east-1,,,prod
67917110-b9f8-a89d-729b-1e8c1bc95402,2026-03-15T00:00:00Z/2026-03-16T00:00:00Z,2026-03-15T00:00:00Z,2026-03-16T00:00:00Z,AmazonEC2,BoxUsage:m5.2xlarge,RunInstances,21.0882,4.601663,4.643274,Usage,us-east-1,,,prod
4c0fefe2-b6d1-d799-acc8-7afa2e3ee4e7,2026-03-15T00:00:00Z/2026-03-16T00:00:00Z,2026-03-15T00:00:00Z,2026-03-16T00:00:00Z,AmazonEC2,BoxUsage:m5.2xlarge,RunInstances,18.9923,4.697358,4.475029,Usage,us-east-1,,,prod
113d596c-f4ec-c798-a0a6-74560ed77bca,2026-03-15T00:00:00Z/2026-03-16T00:00:00Z,2026-03-15T00:00:00Z,2026-03-16T00:00:00Z,AmazonEC2,BoxUsage:m5.2xlarge,RunInstances,14.566,4.970932,5.105518,Usage,us-east-1,,,prod
16208898-32cb-030b-41b2-e4c516658d3c,2026-03-15T00:00:00Z/2026-03-16T00:00:00Z,2026-03-15T00:00:00Z,2026-03-16T00:00:00Z,AmazonEC2,BoxUsage:m5.2xlarge,RunInstances,1.4412,5.580726,5.380348,Usage,us-east-1,,,prod
96887983-6ab0-d6e1-72b2-c26306e7f486,2026-03-15T00:00:00Z/2026-03-16T00:00:00Z,2026-03-15T00:00:00Z,2026-03-16T00:00:00Z,AmazonEC2,BoxUsage:m5.2xlarge,RunInstances,13.0586,5.495669,5.399074,Usage,us-east-1,,,prod
7003fca9-d50b-abbc-d40d-199a6d599751,2026-03-15T00:00:00Z/2026-03-16T00:00:00Z,2026-03-15T00:00:00Z,2026-03-16T00:00:00Z,AmazonEC2,BoxUsage:m5.2xlarge,RunInstances,19.6921,5.387109,5.234114,Usage,us-east-1,,,prod
ad59d39a-309c-5976-0bc3-907d35c73caa,2026-03-15T00:00:00Z/2026-03-16T00:00:00Z,2026-03-15T00:00:00Z,2026-03-16T00:00:00Z,AmazonEC2,BoxUsage:m5.2xlarge,RunInstances,17.3329,5.927835,6.006756,Usage,us-east-1,,,prod
db27434e-d305-002e-e8fc-2695fdb1b422,2026-03-15T00:00:00Z/2026-03-16T00:00:00Z,2026-03-15T00:00:00Z,2026-03-16T00:00:00Z,AmazonEC2,BoxUsage:m5.2xlarge,RunInstances,1.1656,6.054824,5.831991,Usage,us-east-1,,,prod
eeae79b1-8b8c-e03b-2ed2-faaccd2f650b,2026-03-15T00:00:00Z/2026-03-16T00:00:00Z,2026-03-15T00:00:00Z,2026-03-16T00:00:00Z,AmazonEC2,BoxUsage:m5.2xlarge,RunInstances,8.6027,5.390604,5.326002,Usage,us-east-1,,,prod
aec1aed2-72c3-aff9-1cd1-a1abeb3ed5bd,2026-03-15T00:00:00Z/2026-03-16T00:00:00Z,2026-03-15T00:00:00Z,2026-03-16T00:00:00Z,AmazonEC2,BoxUsage:m5.2xlarge,RunInstances,15.1795,5.579742,5.690046,Usage,us-east-1,,,prod
55faebc6-bc7f-154d-b1de-6bc332691adc,2026-03-15T00:00:00Z/2026-03-16T00:00:00Z,2026-03-15T00:00:00Z,2026-03-16T00:00:00Z,AmazonEC2,BoxUsage:m5.2xlarge,RunInstances,17.9438,5.931066,5.950474,Usage,us-east-1,,,prod
4c6a321b-2a1a-1bfa-4a04-6d296f84d6f3,2026-03-15T00:00:00Z/2026-03-16T00:00:00Z,2026-03-15T00:00:00Z,2026-03-16T00:00:00Z,AmazonEC2,BoxUsage:m5.2xlarge,RunInstances,1.256,6.015045,6.299989,Usage,us-east-1,,,prod
e5ea4cd8-f8d2-b00b-2b8b-300b274cc7a0,2026-03-15T00:00:00Z/2026-03-16T00:00:00Z,2026-03-15T00:00:00Z,2026-03-16T00:00:00Z,AmazonEC2,BoxUsage:m5.2xlarge,RunInstances,19.9397,5.332849,5.306631,Usage,us-east-1,,,prod
601f21b1-6542-6c4a-9958-96fa877f18f3,2026-03-15T00:00:00Z/2026-03-16T00:00:00Z,2026-03-15T00:00:00Z,2026-03-16T00:00:00Z,AmazonEC2,BoxUsage:m5.2xlarge,RunInstances,20.8558,5.075337,5.135168,Usage,us-east-1,,,prod
e802d61e-4099-adde-2024-fbd7a0e8e15f,2026-03-15T00:00:00Z/2026-03-16T00:00:00Z,2026-03-15T00:00:00Z,2026-03-16T00:00:00Z,AmazonEC2,BoxUsage:m5.2xlarge,RunInstances,14.475,5.937232,5.682368,Usage,us-east-1,,,prod
a25592e8-a13c-dc68-9fd8-ff18ef2906c8,2026-03-15T00:00:00Z/2026-03-16T00:00:00Z,2026-03-15T00:00:00Z,2026-03-16T00:00:00Z,AmazonEC2,BoxUsage:m5.xlarge,RunInstances,10.8011,153.207487,147.217654,Usage,us-east-1,,,prod
b032950a-2868-a594-ff11-6d2871400243,2026-03-15T00:00:00Z/2026-03-16T00:00:00Z,2026-03-15T00:00:00Z,2026-03-16T00:00:00Z,AmazonEC2,BoxUsage:m5.xlarge,RunInstances,8.3822,145.525181,148.099658,Usage,us-east-1,,,prod
a17bbffd-9605-a42b-c344-e43a4b26c5d7,2026-03-15T00:00:00Z/2026-03-16T00:00:00Z,2026-03-15T00:00:00Z,2026-03-16T00:00:00Z,AmazonEC2,BoxUsage:m5.xlarge,RunInstances,20.2095,128.226662,133.848878,Usage,us-east-1,,,prod
6d19b81c-b18a-4c51-6311-140565a4915c,2026-03-15T00:00:00Z/2026-03-16T00:00:00Z,2026-03-15T00:00:00Z,2026-03-16T00:00:00Z,AmazonEC2,BoxUsage:m5.xlarge,RunInstances,3.6954,162.469661,154.629561,Usage,us-east-1,,,prod
5d90d48d-54c4-4489-8ff0-87cbfe9cccee,2026-03-15T00:00:00Z/2026-03-16T00:00:00Z,2026-03-15T00:00:00Z,2026-03-16T00:00:00Z,AmazonEC2,BoxUsage:m5.xlarge,RunInstances,9.5032,126.214591,130.875714,Usage,us-east-1,,,prod
44c48a14-d7e5-2f3d-c118-f3dce2be54e9,2026-03-16T00:00:00Z/2026-03-17T00:00:00Z,2026-03-16T00:00:00Z,2026-03-17T00:00:00Z,AmazonEKS,AmazonEKS-Hours:perCluster,RunInstances,13.3811,4.813762,4.757905,Usage,us-east-1,,,prod
41712002-df44-5e9b-ce56-43b9db43d7be,2026-03-16T00:00:00Z/2026-03-17T00:00:00Z,2026-03-16T00:00:00Z,2026-03-17T00:00:00Z,AmazonEC2,BoxUsage:m5.2xlarge,RunInstances,17.7666,5.422043,5.519476,Usage,us-east-1,,,prod
294d2690-e0ed-be36-46ce-975010f7bace,2026-03-16T00:00:00Z/2026-03-17T00:00:00Z,2026-03-16T00:00:00Z,2026-03-17T00:00:00Z,AmazonEC2,BoxUsage:m5.2xlarge,RunInstances,13.8867,5.805162,5.708099,Usage,us-east-1,,,prod
d9cb1ae4-c6e4-4a1d-a8f5-aed4f9aee663,2026-03-16T00:00:00Z/2026-03-17T00:00:00Z,2026-03-16T00:00:00Z,2026-03-17T00:00:00Z,AmazonEC2,BoxUsage:m5.2xlarge,RunInstances,22.7772,5.783303,5.80522,Usage,us-east-1,,,prod
03e6c520-40ce-c016-d0f1-02078fc3cb70,2026-03-16T00:00:00Z/2026-03-17T00:00:00Z,2026-03-16T00:00:00Z,2026-03-17T00:00:00Z,AmazonEC2,BoxUsage:m5.2xlarge,RunInstances,5.4869,4.928019,4.950249,Usage,us-east-1,,,prod
df8f5740-2eeb-d495-fb8e-768679357208,2026-03-16T00:00:00Z/2026-03-17T00:00:00Z,2026-03-16T00:00:00Z,2026-03-17T00:00:00Z,AmazonEC2,BoxUsage:m5.2xlarge,RunInstances,18.7379,5.428866,5.676987,Usage,us-east-1,,,prod
2453b2b2-827a-1a0e-70ab-426606b78920,2026-03-16T00:00:00Z/2026-03-17T00:00:00Z,2026-03-16T00:00:00Z,2026-03-17T00:00:00Z,AmazonEC2,BoxUsage:m5.2xlarge,RunInstances,11.9143,5.669453,5.838634,Usage,us-east-1,,,prod
fceb6f8c-6003-694a-ceb6-171794c36223,2026-03-16T00:00:00Z/2026-03-17T00:00:00Z,2026-03-16T00:00:00Z,2026-03-17T00:00:00Z,AmazonEC2,BoxUsage:m5.2xlarge,RunInstances,5.1981,5.935296,6.174327,Usage,us-east-1,,,prod
bec8736d-bf1d-5c9b-5b06-aa3002d6e371,2026-03-16T00:00:00Z/2026-03-17T00:00:00Z,2026-03-16T00:00:00Z,2026-03-17T00:00:00Z,AmazonEC2,BoxUsage:m5.2xlarge,RunInstances,2.3161,4.846166,4.706432,Usage,us-east-1,,,prod
cb5457b5-fb67-d85b-2b2f-642fd8e1405b,2026-03-16T00:00:00Z/2026-03-17T00:00:00Z,2026-03-16T00:00:00Z,2026-03-17T00:00:00Z,AmazonEC2,BoxUsage:m5.2xlarge,RunInstances,20.298,5.690498,5.498116,Usage,us-east-1,,,prod
1ee6df27-afcf-ab47-44be-125f182dd6f7,2026-03-16T00:00:00Z/2026-03-17T00:00:00Z,2026-03-16T00:00:00Z,2026-03-17T00:00:00Z,AmazonEC2,BoxUsage:m5.2xlarge,RunInstances,14.5408,4.989449,4.945614,Usage,us-east-1,,,prod
0a90b1c5-24af-a2bf-704f-3193a52fc520,2026-03-16T00:00:00Z/2026-03-17T00:00:00Z,2026-03-16T00:00:00Z,2026-03-17T00:00:00Z,AmazonEC2,BoxUsage:m5.2xlarge,RunInstances,9.5221,5.136148,4.986654,Usage,us-east-1,,,prod
a4117d6d-0f90-2c40-0cc0-19dc9a150031,2026-03-16T00:00:00Z/2026-03-17T00:00:00Z,2026-03-16T00:00:00Z,2026-03-17T00:00:00Z,AmazonEC2,BoxUsage:m5.2xlarge,RunInstances,20.1698,6.098518,6.062853,Usage,us-east-1,,,prod
36ad1e03-4962-cf5c-9a82-9d11f8cd5164,2026-03-16T00:00:00Z/2026-03-17T00:00:00Z,2026-03-16T00:00:00Z,2026-03-17T00:00:00Z,AmazonEC2,BoxUsage:m5.2xlarge,RunInstances,20.4233,5.020962,5.251516,Usage,us-east-1,,,prod
c02fa46c-9578-49c7-114a-2172eb19c86f,2026-03-16T00:00:00Z/2026-03-17T00:00:00Z,2026-03-16T00:00:00Z,2026-03-17T00:00:00Z,AmazonEC2,BoxUsage:m5.2xlarge,RunInstances,8.4447,5.469771,5.533212,Usage,us-east-1,,,prod
e8d3b52e-ea82-9de8-08c3-a1961e5430e4,2026-03-16T00:00:00Z/2026-03-17T00:00:00Z,2026-03-16T00:00:00Z,2026-03-17T00:00:00Z,AmazonEC2,BoxUsage:m5.2xlarge,RunInstances,7.1798,5.926956,5.842898,Usage,us-east-1,,,prod
62eb52eb-16da-1e6a-6c73-a0a430e6c805,2026-03-16T00:00:00Z/2026-03-17T00:00:00Z,2026-03-16T00:00:00Z,2026-03-17T00:00:00Z,AmazonEC2,BoxUsage:m5.2xlarge,RunInstances,11.2623,5.159461,5.025295,Usage,us-east-1,,,prod
d7ba7695-02ff-36d6-d536-2dc01caf4ada,2026-03-16T00:00:00Z/2026-03-17T00:00:00Z,2026-03-16T00:00:00Z,2026-03-17T00:00:00Z,AmazonEC2,BoxUsage:m5.2xlarge,RunInstances,22.5784,5.533169,5.488457,Usage,us-east-1,,,prod
c30925c6-1655-1ca6-a211-de1b2a1dcb05,2026-03-16T00:00:00Z/2026-03-17T00:00:00Z,2026-03-16T00:00:00Z,2026-03-17T00:00:00Z,AmazonEC2,BoxUsage:m5.2xlarge,RunInstances,22.0546,5.845777,5.87495,Usage,us-east-1,,,prod
232119b6-dbb1-eced-2d8d-b610ca0bc035,2026-03-16T00:00:00Z/2026-03-17T00:00:00Z,2026-03-16T00:00:00Z,2026-03-17T00:00:00Z,AmazonEC2,BoxUsage:m5.2xlarge,RunInstances,12.0473,5.580229,5.854038,Usage,us-east-1,,,prod
96288738-9f3f-ed69-a236-337aa161cd44,2026-03-16T00:00:00Z/2026-03-17T00:00:00Z,2026-03-16T00:00:00Z,2026-03-17T00:00:00Z,AmazonEC2,BoxUsage:m5.2xlarge,RunInstances,11.1748,5.810779,5.859309,Usage,us-east-1,,,prod
87936ace-53da-6ec3-3098-45348164f339,2026-03-16T00:00:00Z/2026-03-17T00:00:00Z,2026-03-16T00:00:00Z,2026-03-17T00:00:00Z,AmazonEC2,BoxUsage:m5.xlarge,RunInstances,8.7178,142.098242,137.562017,Usage,us-east-1,,,prod
b8650ae4-ea87-f3bb-31f1-9e80a41b23ea,2026-03-16T00:00:00Z/2026-03-17T00:00:00Z,2026-03-16T00:00:00Z,2026-03-17T00:00:00Z,AmazonEC2,BoxUsage:m5.xlarge,RunInstances,23.5682,162.140769,154.633502,Usage,us-east-1,,,prod
0eaca1f3-436e-59cc-962f-9f8c0b391d83,2026-03-16T00:00:00Z/2026-03-17T00:00:00Z,2026-03-16T00:00:00Z,2026-03-17T00:00:00Z,AmazonEC2,BoxUsage:m5.xlarge,RunInstances,20.3121,138.816681,145.532476,Usage,us-east-1,,,prod
8a7abb4c-3b24-3ed7-199d-8e624c65dc45,2026-03-16T00:00:00Z/2026-03-17T00:00:00Z,2026-03-16T00:00:00Z,2026-03-17T00:00:00Z,AmazonEC2,BoxUsage:m5.xlarge,RunInstances,5.1555,137.129888,139.505236,Usage,us-east-1,,,prod
d0807a16-23a7-9e63-3ca3-6b5ebea27826,2026-03-16T00:00:00Z/2026-03-17T00:00:00Z,2026-03-16T00:00:00Z,2026-03-17T00:00:00Z,AmazonEC2,BoxUsage:m5.xlarge,RunInstances,3.9608,138.07678,131.225821,Usage,us-east-1,,,prod
776e6c09-5e62-7a88-d7f3-68b4400d6ead,2026-03-17T00:00:00Z/2026-03-18T00:00:00Z,2026-03-17T00:00:00Z,2026-03-18T00:00:00Z,AmazonEKS,AmazonEKS-Hours:perCluster,RunInstances,3.3201,4.59927,4.557284,Usage,us-east-1,,,prod
9327d262-d156-ba4d-5572-f52018e42b66,2026-03-17T00:00:00Z/2026-03-18T00:00:00Z,2026-03-17T00:00:00Z,2026-03-18T00:00:00Z,AmazonEC2,BoxUsage:m5.2xlarge,RunInstances,13.6058,5.313181,5.13616,Usage,us-east-1,,,prod
55d52a31-3528-80e2-0870-e80607e535ec,2026-03-17T00:00:00Z/2026-03-18T00:00:00Z,2026-03-17T00:00:00Z,2026-03-18T00:00:00Z,AmazonEC2,BoxUsage:m5.2xlarge,RunInstances,5.1897,4.758477,4.8796,Usage,us-east-1,,,prod
266426c7-2fc4-ba64-a60d-cbb23f956e0a,2026-03-17T00:00:00Z/2026-03-18T00:00:00Z,2026-03-17T00:00:00Z,2026-03-18T00:00:00Z,AmazonEC2,BoxUsage:m5.2xlarge,RunInstances,5.0856,5.855001,5.761898,Usage,us-east-1,,,prod
7284239e-a3dd-d1e1-69b5-dd7ac82f23e2,2026-03-17T00:00:00Z/2026-03-18T00:00:00Z,2026-03-17T00:00:00Z,2026-03-18T00:00:00Z,AmazonEC2,BoxUsage:m5.2xlarge,RunInstances,11.3767,5.28304,5.440638,Usage,us-east-1,,,prod
fcd3e03c-bdf4-35a9-a884-16ea684a1eb3,2026-03-17T00:00:00Z/2026-03-18T00:00:00Z,2026-03-17T00:00:00Z,2026-03-18T00:00:00Z,AmazonEC2,BoxUsage:m5.2xlarge,RunInstances,13.7414,5.687527,5.554023,Usage,us-east-1,,,prod
6f11e162-1ca3-0098-6b20-3b6e539e562f,2026-03-17T00:00:00Z/2026-03-18T00:00:00Z,2026-03-17T00:00:00Z,2026-03-18T00:00:00Z,AmazonEC2,BoxUsage:m5.2xlarge,RunInstances,23.1284,5.468468,5.544352,Usage,us-east-1,,,prod
77f3bf36-6218-a6c8-247a-5c9869d9956f,2026-03-17T00:00:00Z/2026-03-18T00:00:00Z,2026-03-17T00:00:00Z,2026-03-18T00:00:00Z,AmazonEC2,BoxUsage:m5.2xlarge,RunInstances,20.0148,6.09571,6.351098,Usage,us-east-1,,,prod
dc57be97-132d-bc8a-5c03-595424cb9714,2026-03-17T00:00:00Z/2026-03-18T00:00:00Z,2026-03-17T00:00:00Z,2026-03-18T00:00:00Z,AmazonEC2,BoxUsage:m5.2xlarge,RunInstances,1.3832,5.792879,5.638224,Usage,us-east-1,,,prod
487eada1-fe71-95c9-1081-03100c8be9d1,2026-03-17T00:00:00Z/2026-03-18T00:00:00Z,2026-03-17T00:00:00Z,2026-03-18T00:00:00Z,AmazonEC2,BoxUsage:m5.2xlarge,RunInstances,17.7424,6.058441,6.331425,Usage,us-east-1,,,prod
0adfa01d-b91e-8ab7-c7bb-44918a906fb8,2026-03-17T00:00:00Z/2026-03-18T00:00:00Z,2026-03-17T00:00:00Z,2026-03-18T00:00:00Z,AmazonEC2,BoxUsage:m5.2xlarge,RunInstances,10.5844,6.015899,6.078091,Usage,us-east-1,,,prod
00761acc-cdd7-bf50-6eca-cf5a5cd9d3a8,2026-03-17T00:00:00Z/2026-03-18T00:00:00Z,2026-03-17T00:00:00Z,2026-03-18T00:00:00Z,AmazonEC2,BoxUsage:m5.2xlarge,RunInstances,14.6603,5.904805,5.610245,Usage,us-east-1,,,prod
f8619596-7084-1fc3-6618-6b3be052d9b9,2026-03-17T00:00:00Z/2026-03-18T00:00:00Z,2026-03-17T00:00:00Z,2026-03-18T00:00:00Z,AmazonEC2,BoxUsage:m5.2xlarge,RunInstances,6.4453,6.015487,6.188854,Usage,us-east-1,,,prod
e267114c-24be-12ae-d8b3-6b120f24791f,2026-03-17T00:00:00Z/2026-03-18T00:00:00Z,2026-03-17T00:00:00Z,2026-03-18T00:00:00Z,AmazonEC2,BoxUsage:m5.2xlarge,RunInstances,13.2554,4.717457,4.509724,Usage,us-east-1,,,prod
e7404b0a-6460-a5cb-1e16-d559ec341053,2026-03-17T00:00:00Z/2026-03-18T00:00:00Z,2026-03-17T00:00:00Z,2026-03-18T00:00:00Z,AmazonEC2,BoxUsage:m5.2xlarge,RunInstances,4.2061,5.341807,5.082401,Usage,us-east-1,,,prod
19e4d57a-0ca8-c90d-2d4b-900d5fc679f9,2026-03-17T00:00:00Z/2026-03-18T00:00:00Z,2026-03-17T00:00:00Z,2026-03-18T00:00:00Z,AmazonEC2,BoxUsage:m5.2xlarge,RunInstances,6.1776,5.609386,5.683655,Usage,us-east-1,,,prod
cabe5f37-f309-668b-8d8c-a659bd9354fe,2026-03-17T00:00:00Z/2026-03-18T00:00:00Z,2026-03-17T00:00:00Z,2026-03-18T00:00:00Z,AmazonEC2,BoxUsage:m5.2xlarge,RunInstances,17.5388,5.685211,5.40888,Usage,us-east-1,,,prod
dcc26f3e-3ea2-ea82-9749-43d8c894fa72,2026-03-17T00:00:00Z/2026-03-18T00:00:00Z,2026-03-17T00:00:00Z,2026-03-18T00:00:00Z,AmazonEC2,BoxUsage:m5.2xlarge,RunInstances,5.4133,5.499105,5.614054,Usage,us-east-1,,,prod
2b69fdb7-19ee-22a6-211e-953d73bb0845,2026-03-17T00:00:00Z/2026-03-18T00:00:00Z,2026-03-17T00:00:00Z,2026-03-18T00:00:00Z,AmazonEC2,BoxUsage:m5.2xlarge,RunInstances,15.2333,5.580576,5.336919,Usage,us-east-1,,,prod
067b7d3f-9768-bac0-f215-28314fb03086,2026-03-17T00:00:00Z/2026-03-18T00:00:00Z,2026-03-17T00:00:00Z,2026-03-18T00:00:00Z,AmazonEC2,BoxUsage:m5.2xlarge,RunInstances,4.9938,5.446438,5.71835,Usage,us-east-1,,,prod
0acaf60a-cfb5-fbca-e7ea-3bde5e70ae47,2026-03-17T00:00:00Z/2026-03-18T00:00:00Z,2026-03-17T00:00:00Z,2026-03-18T00:00:00Z,AmazonEC2,BoxUsage:m5.2xlarge,RunInstances,9.741,4.537822,4.363023,Usage,us-east-1,,,prod
039d0061-dead-25cd-f3a4-cfbbb7306cc9,2026-03-17T00:00:00Z/2026-03-18T00:00:00Z,2026-03-17T00:00:00Z,2026-03-18T00:00:00Z,AmazonEC2,BoxUsage:m5.xlarge,RunInstances,19.4583,140.58049,134.399699,Usage,us-east-1,,,prod
3523bc1c-7d9b-bba8-8356-cd3e2b8cd575,2026-03-17T00:00:00Z/2026-03-18T00:00:00Z,2026-03-17T00:00:00Z,2026-03-18T00:00:00Z,AmazonEC2,BoxUsage:m5.xlarge,RunInstances,23.4676,137.875733,142.137694,Usage,us-east-1,,,prod
b359e5f5-730d-7da4-039b-bbbf4290b839,2026-03-17T00:00:00Z/2026-03-18T00:00:00Z,2026-03-17T00:00:00Z,2026-03-18T00:00:00Z,AmazonEC2,BoxUsage:m5.xlarge,RunInstances,5.0706,157.140473,150.020364,Usage,us-east-1,,,prod
c2867783-c44f-4bf4-db30-cef6fc390a6b,2026-03-17T00:00:00Z/2026-03-18T00:00:00Z,2026-03-17T00:00:00Z,2026-03-18T00:00:00Z,AmazonEC2,BoxUsage:m5.xlarge,RunInstances,17.738,129.077378,133.405693,Usage,us-east-1,,,prod
890b56e8-d74f-2761-2898-cdedcd135b60,2026-03-17T00:00:00Z/2026-03-18T00:00:00Z,2026-03-17T00:00:00Z,2026-03-18T00:00:00Z,AmazonEC2,BoxUsage:m5.xlarge,RunInstances,4.9447,147.668238,142.084445,Usage,us-east-1,,,prod
a19358fc-1b85-1e36-f408-b0a833fe6214,2026-03-18T00:00:00Z/2026-03-19T00:00:00Z,2026-03-18T00:00:00Z,2026-03-19T00:00:00Z,AmazonEKS,AmazonEKS-Hours:perCluster,RunInstances,22.4598,4.768326,4.914278,Usage,us-east-1,,,prod
7e6428a0-b05b-40e7-93e7-5d0295137d29,2026-03-18T00:00:00Z/2026-03-19T00:00:00Z,2026-03-18T00:00:00Z,2026-03-19T00:00:00Z,AmazonEC2,BoxUsage:m5.2xlarge,RunInstances,15.7786,4.635825,4.501545,Usage,us-east-1,,,prod
3ddd1d35-2d76-e1e4-493e-b35a9f6363bb,2026-03-18T00:00:00Z/2026-03-19T00:00:00Z,2026-03-18T00:00:00Z,2026-03-19T00:00:00Z,AmazonEC2,BoxUsage:m5.2xlarge,RunInstances,2.459,4.72607,4.749266,Usage,us-east-1,,,prod
89cb6f9a-5d29-0162-a8bf-cb355710fbfe,2026-03-18T00:00:00Z/2026-03-19T00:00:00Z,2026-03-18T00:00:00Z,2026-03-19T00:00:00Z,AmazonEC2,BoxUsage:m5.2xlarge,RunInstances,8.3866,4.730558,4.54391,Usage,us-east-1,,,prod
a0245a79-d03f-29a2-22b4-43ceb43e7f8a,2026-03-18T00:00:00Z/2026-03-19T00:00:00Z,2026-03-18T00:00:00Z,2026-03-19T00:00:00Z,AmazonEC2,BoxUsage:m5.2xlarge,RunInstances,5.234,5.340038,5.229381,Usage,us-east-1,,,prod
8f8ad4ca-e1ed-4f2a-19f5-e1b17069c9cb,2026-03-18T00:00:00Z/2026-03-19T00:00:00Z,2026-03-18T00:00:00Z,2026-03-19T00:00:00Z,AmazonEC2,BoxUsage:m5.2xlarge,RunInstances,1.2543,5.812756,5.837116,Usage,us-east-1,,,prod
fe8a2b82-644c-07a9-ee3d-3de6b25778b1,2026-03-18T00:00:00Z/2026-03-19T00:00:00Z,2026-03-18T00:00:00Z,2026-03-19T00:00:00Z,AmazonEC2,BoxUsage:m5.2xlarge,RunInstances,13.5044,4.772747,4.794659,Usage,us-east-1,,,prod
ad4ebfcf-22d1-afe2-a582-84586094da00,2026-03-18T00:00:00Z/2026-03-19T00:00:00Z,2026-03-18T00:00:00Z,2026-03-19T00:00:00Z,AmazonEC2,BoxUsage:m5.2xlarge,RunInstances,14.8366,4.643202,4.677949,Usage,us-east-1,,,prod
b65a4aa6-bec9-b515-bba8-e4c69f5440de,2026-03-18T00:00:00Z/2026-03-19T00:00:00Z,2026-03-18T00:00:00Z,2026-03-19T00:00:00Z,AmazonEC2,BoxUsage:m5.2xlarge,RunInstances,7.1476,4.804934,4.694019,Usage,us-east-1,,,prod
aa65592e-d883-0227-0db9-f150edb79d2d,2026-03-18T00:00:00Z/2026-03-19T00:00:00Z,2026-03-18T00:00:00Z,2026-03-19T00:00:00Z,AmazonEC2,BoxUsage:m5.2xlarge,RunInstances,5.5943,5.030202,5.003441,Usage,us-east-1,,,prod
8bf666f8-e28e-ec0f-fdf0-bb590e9e0a50,2026-03-18T00:00:00Z/2026-03-19T00:00:00Z,2026-03-18T00:00:00Z,2026-03-19T00:00:00Z,AmazonEC2,BoxUsage:m5.2xlarge,RunInstances,12.363,5.374453,5.415262,Usage,us-east-1,,,prod
3d8c235f-b666-44e3-666f-904d3478ec09,2026-03-18T00:00:00Z/2026-03-19T00:00:00Z,2026-03-18T00:00:00Z,2026-03-19T00:00:00Z,AmazonEC2,BoxUsage:m5.2xlarge,RunInstances,14.9759,5.076744,4.98587,Usage,us-east-1,,,prod
85c39c42-dedd-3793-4daa-b229aae3cc6d,2026-03-18T00:00:00Z/2026-03-19T00:00:00Z,2026-03-18T00:00:00Z,2026-03-19T00:00:00Z,AmazonEC2,BoxUsage:m5.2xlarge,RunInstances,14.4249,4.79929,4.850538,Usage,us-east-1,,,prod
7bfd4133-f9ba-3513-381e-90415741f748,2026-03-18T00:00:00Z/2026-03-19T00:00:00Z,2026-03-18T00:00:00Z,2026-03-19T00:00:00Z,AmazonEC2,BoxUsage:m5.2xlarge,RunInstances,14.6073,4.815616,5.025985,Usage,us-east-1,,,prod
58898ab8-7974-4091-9fe9-94ff7d8967cf,2026-03-18T00:00:00Z/2026-03-19T00:00:00Z,2026-03-18T00:00:00Z,2026-03-19T00:00:00Z,AmazonEC2,BoxUsage:m5.2xlarge,RunInstances,7.0805,6.047072,5.917976,Usage,us-east-1,,,prod
27a0d748-e3f6-ed1d-4014-2e823a6ef132,2026-03-18T00:00:00Z/2026-03-19T00:00:00Z,2026-03-18T00:00:00Z,2026-03-19T00:00:00Z,AmazonEC2,BoxUsage:m5.2xlarge,RunInstances,15.8222,5.587854,5.754613,Usage,us-east-1,,,prod
2720f0f4-cdd3-bd58-b932-6d775939c783,2026-03-18T00:00:00Z/2026-03-19T00:00:00Z,2026-03-18T00:00:00Z,2026-03-19T00:00:00Z,AmazonEC2,BoxUsage:m5.2xlarge,RunInstances,15.6921,5.289752,5.228462,Usage,us-east-1,,,prod
164cc3d4-4bcd-57b0-5f0c-4e856b40013e,2026-03-18T00:00:00Z/2026-03-19T00:00:00Z,2026-03-18T00:00:00Z,2026-03-19T00:00:00Z,AmazonEC2,BoxUsage:m5.2xlarge,RunInstances,14.4178,4.607046,4.378622,Usage,us-east-1,,,prod
acaab190-790e-cd38-968d-02f978e72e61,2026-03-18T00:00:00Z/2026-03-19T00:00:00Z,2026-03-18T00:00:00Z,2026-03-19T00:00:00Z,AmazonEC2,BoxUsage:m5.2xlarge,RunInstances,20.1864,4.647501,4.575648,Usage,us-east-1,,,prod
a4f03f20-bc9c-ba1f-c797-e13c82e8a018,2026-03-18T00:00:00Z/2026-03-19T00:00:00Z,2026-03-18T00:00:00Z,2026-03-19T00:00:00Z,AmazonEC2,BoxUsage:m5.2xlarge,RunInstances,14.8643,5.500318,5.764508,Usage,us-east-1,,,prod
000ffe66-5b86-020c-5f75-b400b34433e1,2026-03-18T00:00:00Z/2026-03-19T00:00:00Z,2026-03-18T00:00:00Z,2026-03-19T00:00:00Z,AmazonEC2,BoxUsage:m5.2xlarge,RunInstances,23.9327,5.951398,5.814602,Usage,us-east-1,,,prod
e3787931-8332-ae1d-f017-f1544369b02d,2026-03-18T00:00:00Z/2026-03-19T00:00:00Z,2026-03-18T00:00:00Z,2026-03-19T00:00:00Z,AmazonEC2,BoxUsage:m5.xlarge,RunInstances,4.7569,132.683255,130.879898,Usage,us-east-1,,,prod
8539c575-82dd-025d-bd78-00363043d2bd,2026-03-18T00:00:00Z/2026-03-19T00:00:00Z,2026-03-18T00:00:00Z,2026-03-19T00:00:00Z,AmazonEC2,BoxUsage:m5.xlarge,RunInstances,16.8537,124.18026,122.111967,Usage,us-east-1,,,prod
18c17781-6dc3-0baf-d77f-8fd627a775c0,2026-03-18T00:00:00Z/2026-03-19T00:00:00Z,2026-03-18T00:00:00Z,2026-03-19T00:00:00Z,AmazonEC2,BoxUsage:m5.xlarge,RunInstances,2.61,135.102477,129.399339,Usage,us-east-1,,,prod
3fa0c049-6337-70f6-3a3d-3cf48797a728,2026-03-18T00:00:00Z/2026-03-19T00:00:00Z,2026-03-18T00:00:00Z,2026-03-19T00:00:00Z,AmazonEC2,BoxUsage:m5.xlarge,RunInstances,2.7527,146.643432,147.716528,Usage,us-east-1,,,prod
52b93721-1029-7473-e539-00265ba97ef7,2026-03-18T00:00:00Z/2026-03-19T00:00:00Z,2026-03-18T00:00:00Z,2026-03-19T00:00:00Z,AmazonEC2,BoxUsage:m5.xlarge,RunInstances,18.6719,134.043086,132.040111,Usage,us-east-1,,,prod
