identity/LineItemId,identity/TimeInterval,lineItem/UsageStartDate,lineItem/UsageEndDate,lineItem/ProductCode,lineItem/UsageType,lineItem/Operation,lineItem/UsageAmount,lineItem/UnblendedCost,lineItem/BlendedCost,lineItem/LineItemType,product/region,resourceTags/user:Service,resourceTags/user:Team,resourceTags/user:Env
bcb39c2e-a40d-c23e-c74f-e42a57ca8288,2026-02-17T00:00:00Z/2026-02-18T00:00:00Z,2026-02-17T00:00:00Z,2026-02-18T00:00:00Z,AmazonEC2,BoxUsage:c5.xlarge,RunInstances,11.1351,2.51541,2.637624,Usage,us-east-1,,,prod
a8af62b5-9bfd-bbf3-04ac-b8bf87a1d147,2026-02-17T00:00:00Z/2026-02-18T00:00:00Z,2026-02-17T00:00:00Z,2026-02-18T00:00:00Z,AmazonEC2,BoxUsage:c5.xlarge,RunInstances,6.9468,2.361154,2.434755,Usage,us-east-1,,,prod
11cf1e56-e9d7-8af1-5011-fd1dbfa81355,2026-02-17T00:00:00Z/2026-02-18T00:00:00Z,2026-02-17T00:00:00Z,2026-02-18T00:00:00Z,AmazonEC2,BoxUsage:c5.xlarge,RunInstances,4.6683,2.258309,2.302805,Usage,us-east-1,,,prod
e2943c83-4524-f5ef-b367-4433868fde13,2026-02-17T00:00:00Z/2026-02-18T00:00:00Z,2026-02-17T00:00:00Z,2026-02-18T00:00:00Z,AmazonEC2,BoxUsage:c5.xlarge,RunInstances,14.1213,2.433785,2.501688,Usage,us-east-1,,,prod
aecd02af-31e4-5976-b1b4-22374bd08315,2026-02-17T00:00:00Z/2026-02-18T00:00:00Z,2026-02-17T00:00:00Z,2026-02-18T00:00:00Z,AmazonEC2,BoxUsage:c5.xlarge,RunInstances,1.0402,2.443851,2.391925,Usage,us-east-1,,,prod
b05ce4b9-fce5-0653-51fc-cb1549bc8777,2026-02-17T00:00:00Z/2026-02-18T00:00:00Z,2026-02-17T00:00:00Z,2026-02-18T00:00:00Z,AmazonEC2,BoxUsage:r5.xlarge,RunInstances,12.7528,2.368668,2.369025,Usage,us-east-1,,,prod
53c8390d-2743-623f-ca6a-5726889be8a6,2026-02-17T00:00:00Z/2026-02-18T00:00:00Z,2026-02-17T00:00:00Z,2026-02-18T00:00:00Z,AmazonEC2,BoxUsage:r5.xlarge,RunInstances,23.846,2.122728,2.17981,Usage,us-east-1,,,prod
35f3b36d-ac48-4098-1844-f0470ce9eb31,2026-02-17T00:00:00Z/2026-02-18T00:00:00Z,2026-02-17T00:00:00Z,2026-02-18T00:00:00Z,AmazonEC2,BoxUsage:r5.xlarge,RunInstances,21.9792,2.365711,2.248539,Usage,us-east-1,,,prod
8e0d0278-9c97-0c5d-3df0-23dd428d9b5c,2026-02-17T00:00:00Z/2026-02-18T00:00:00Z,2026-02-17T00:00:00Z,2026-02-18T00:00:00Z,AmazonEC2,BoxUsage:r5.xlarge,RunInstances,16.2139,2.16491,2.124196,Usage,us-east-1,,,prod
6049638b-83de-c1fe-9519-f4baf1cfd6d0,2026-02-17T00:00:00Z/2026-02-18T00:00:00Z,2026-02-17T00:00:00Z,2026-02-18T00:00:00Z,AmazonEC2,BoxUsage:r5.xlarge,RunInstances,4.5995,2.43142,2.516935,Usage,us-east-1,,,prod
85b4373c-872c-f6fe-4558-03cb629ae8cb,2026-02-17T00:00:00Z/2026-02-18T00:00:00Z,2026-02-17T00:00:00Z,2026-02-18T00:00:00Z,AmazonEC2,Other,RunInstances,23.4277,2.026493,2.034625,Usage,us-east-1,,,prod
8b15d804-2c64-76fe-bf95-b7cd6101aa9a,2026-02-17T00:00:00Z/2026-02-18T00:00:00Z,2026-02-17T00:00:00Z,2026-02-18T00:00:00Z,AmazonEC2,Other,RunInstances,19.0975,2.496619,2.42367,Usage,us-east-1,,,prod
d0ba8344-2727-b032-6977-505aa9e53c7a,2026-02-17T00:00:00Z/2026-02-18T00:00:00Z,2026-02-17T00:00:00Z,2026-02-18T00:00:00Z,AmazonEC2,Other,RunInstances,11.4067,2.048901,2.039348,Usage,us-east-1,,,prod
0296e526-14d5-754c-b70d-ce35aa00cad2,2026-02-17T00:00:00Z/2026-02-18T00:00:00Z,2026-02-17T00:00:00Z,2026-02-18T00:00:00Z,AmazonEC2,Other,RunInstances,22.6448,2.437005,2.476125,Usage,us-east-1,,,prod
e53f7b31-addd-3fa9-f779-205a63c12ab8,2026-02-17T00:00:00Z/2026-02-18T00:00:00Z,2026-02-17T00:00:00Z,2026-02-18T00:00:00Z,AmazonEC2,Other,RunInstances,18.2465,2.55334,2.612014,Usage,us-east-1,,,prod
15c78278-34a2-e9cb-36c6-6cc518669834,2026-02-17T00:00:00Z/2026-02-18T00:00:00Z,2026-02-17T00:00:00Z,2026-02-18T00:00:00Z,AmazonEC2,Other,RunInstances,23.8835,2.118058,2.039166,Usage,us-east-1,,,prod
e6601c00-e4d5-ab37-2de8-247a1fe23705,2026-02-17T00:00:00Z/2026-02-18T00:00:00Z,2026-02-17T00:00:00Z,2026-02-18T00:00:00Z,AmazonEC2,Other,RunInstances,22.4284,2.573803,2.531369,Usage,us-east-1,,,prod
3a0c9e05-9643-e3d5-6e3a-a8f5c43cf291,2026-02-17T00:00:00Z/2026-02-18T00:00:00Z,2026-02-17T00:00:00Z,2026-02-18T00:00:00Z,AmazonEC2,Other,RunInstances,2.5005,2.028437,1.958962,Usage,us-east-1,,,prod
c5f95666-3af6-c29e-57b5-7a00e29d17e0,2026-02-17T00:00:00Z/2026-02-18T00:00:00Z,2026-02-17T00:00:00Z,2026-02-18T00:00:00Z,AmazonEC2,Other,RunInstances,19.7689,2.463958,2.351376,Usage,us-east-1,,,prod
0b0057de-7824-c0d9-f686-b5b9a0f2005c,2026-02-17T00:00:00Z/2026-02-18T00:00:00Z,2026-02-17T00:00:00Z,2026-02-18T00:00:00Z,AmazonEC2,Other,RunInstances,17.3293,2.067859,2.026684,Usage,us-east-1,,,prod
55d40507-b9f1-55ae-7996-7051c79e9f67,2026-02-17T00:00:00Z/2026-02-18T00:00:00Z,2026-02-17T00:00:00Z,2026-02-18T00:00:00Z,AmazonEC2,BoxUsage:m5.large,RunInstances,22.5964,64.68157,67.615847,Usage,us-east-1,,,prod
10057596-ab48-8219-bcb1-8b33a07df9bb,2026-02-17T00:00:00Z/2026-02-18T00:00:00Z,2026-02-17T00:00:00Z,2026-02-18T00:00:00Z,AmazonEC2,BoxUsage:m5.large,RunInstances,23.5657,61.05122,61.507231,Usage,us-east-1,,,prod
600c54ef-3419-9f09-6e96-e80052296cca,2026-02-17T00:00:00Z/2026-02-18T00:00:00Z,2026-02-17T00:00:00Z,2026-02-18T00:00:00Z,AmazonEC2,BoxUsage:m5.large,RunInstances,3.2366,66.929302,68.931763,Usage,us-east-1,,,prod
cfa67a85-67fb-d0a5-1e80-01a9ad13f3c6,2026-02-17T00:00:00Z/2026-02-18T00:00:00Z,2026-02-17T00:00:00Z,2026-02-18T00:00:00Z,AmazonEC2,BoxUsage:m5.large,RunInstances,14.0171,53.456458,55.628553,Usage,us-east-1,,,prod
30e320be-0000-99c4-958f-4819ecec2e26,2026-02-17T00:00:00Z/2026-02-18T00:00:00Z,2026-02-17T00:00:00Z,2026-02-18T00:00:00Z,AmazonEC2,BoxUsage:m5.large,RunInstances,22.6489,53.682453,53.518489,Usage,us-east-1,,,prod
bb1dd575-ec8b-42f9-6a3a-92865f8b09c3,2026-02-17T00:00:00Z/2026-02-18T00:00:00Z,2026-02-17T00:00:00Z,2026-02-18T00:00:00Z,AmazonEC2,Other,RunInstances,13.6614,52.378361,51.823624,Usage,us-east-1,,,prod
dd9cc396-4b60-32ec-a9ef-ea982813513b,2026-02-17T00:00:00Z/2026-02-18T00:00:00Z,2026-02-17T00:00:00Z,2026-02-18T00:00:00Z,AmazonEC2,Other,RunInstances,5.8961,50.581521,48.433747,Usage,us-east-1,,,prod
b14defee-ba68-63f5-7e99-c2913b308f62,2026-02-17T00:00:00Z/2026-02-18T00:00:00Z,2026-02-17T00:00:00Z,2026-02-18T00:00:00Z,AmazonEC2,Other,RunInstances,2.0438,65.527457,67.086764,Usage,us-east-1,,,prod
996afb23-20b8-9c2a-7141-c3c56d244803,2026-02-17T00:00:00Z/2026-02-18T00:00:00Z,2026-02-17T00:00:00Z,2026-02-18T00:00:00Z,AmazonEC2,Other,RunInstances,8.3698,60.853929,63.350057,Usage,us-east-1,,,prod
b925d99e-3821-5d89-c5af-5f737a437d01,2026-02-17T00:00:00Z/2026-02-18T00:00:00Z,2026-02-17T00:00:00Z,2026-02-18T00:00:00Z,AmazonEC2,Other,RunInstances,3.9951,55.782603,56.951611,Usage,us-east-1,,,prod
c9f02bbd-c7a0-f2de-889e-5a5edfe88500,2026-02-18T00:00:00Z/2026-02-19T00:00:00Z,2026-02-18T00:00:00Z,2026-02-19T00:00:00Z,AmazonEC2,BoxUsage:c5.xlarge,RunInstances,11.6566,2.63652,2.578251,Usage,us-east-1,,,prod
54a5bf9a-d9db-72ef-5f21-9f674b3b7ef3,2026-02-18T00:00:00Z/2026-02-19T00:00:00Z,2026-02-18T00:00:00Z,2026-02-19T00:00:00Z,AmazonEC2,BoxUsage:c5.xlarge,RunInstances,3.3302,2.649249,2.688714,Usage,us-east-1,,,prod
458afe6b-4f3e-d6ac-a8ac-433ce4f7b379,2026-02-18T00:00:00Z/2026-02-19T00:00:00Z,2026-02-18T00:00:00Z,2026-02-19T00:00:00Z,AmazonEC2,BoxUsage:c5.xlarge,RunInstances,4.157,2.157251,2.1149,Usage,us-east-1,,,prod
62d7d9a4-a5ab-7c69-20e1-9e55d431bdac,2026-02-18T00:00:00Z/2026-02-19T00:00:00Z,2026-02-18T00:00:00Z,2026-02-19T00:00:00Z,AmazonEC2,BoxUsage:c5.xlarge,RunInstances,8.5247,2.085211,2.131169,Usage,us-east-1,,,prod
7e1e1183-cece-bb5d-eea7-318450677fc7,2026-02-18T00:00:00Z/2026-02-19T00:00:00Z,2026-02-18T00:00:00Z,2026-02-19T00:00:00Z,AmazonEC2,BoxUsage:c5.xlarge,RunInstances,17.3101,2.602666,2.488517,Usage,us-east-1,,,prod
a1aca70f-e0ae-4c47-c8cc-5458a20e8967,2026-02-18T00:00:00Z/2026-02-19T00:00:00Z,2026-02-18T00:00:00Z,2026-02-19T00:00:00Z,AmazonEC2,BoxUsage:r5.xlarge,RunInstances,4.9984,2.276277,2.282209,Usage,us-east-1,,,prod
6942ff10-9ede-2358-56bc-9ae5b2dbee1b,2026-02-18T00:00:00Z/2026-02-19T00:00:00Z,2026-02-18T00:00:00Z,2026-02-19T00:00:00Z,AmazonEC2,BoxUsage:r5.xlarge,RunInstances,15.1765,2.262527,2.161037,Usage,us-east-1,,,prod
d633476c-034c-a61f-477d-784cbb90e7ce,2026-02-18T00:00:00Z/2026-02-19T00:00:00Z,2026-02-18T00:00:00Z,2026-02-19T00:00:00Z,AmazonEC2,BoxUsage:r5.xlarge,RunInstances,6.7133,2.448081,2.440211,Usage,us-east-1,,,prod
3bfec655-a6be-df56-f400-fc9bb4645e4a,2026-02-18T00:00:00Z/2026-02-19T00:00:00Z,2026-02-18T00:00:00Z,2026-02-19T00:00:00Z,AmazonEC2,BoxUsage:r5.xlarge,RunInstances,5.5813,2.62287,2.511809,Usage,us-east-1,,,prod
35c00e24-65bd-34ca-b359-b168d6c2503d,2026-02-18T00:00:00Z/2026-02-19T00:00:00Z,2026-02-18T00:00:00Z,2026-02-19T00:00:00Z,AmazonEC2,BoxUsage:r5.xlarge,RunInstances,20.2345,2.273212,2.168688,Usage,us-east-1,,,prod
6b71ebf7-e4ec-34f2-fc9d-b3adb96722bb,2026-02-18T00:00:00Z/2026-02-19T00:00:00Z,2026-02-18T00:00:00Z,2026-02-19T00:00:00Z,AmazonEC2,Other,RunInstances,4.389,2.495404,2.55833,Usage,us-east-1,,,prod
bd95354c-9d87-8e90-0183-9a6155a1cbdf,2026-02-18T00:00:00Z/2026-02-19T00:00:00Z,2026-02-18T00:00:00Z,2026-02-19T00:00:00Z,AmazonEC2,Other,RunInstances,6.8293,2.637009,2.71934,Usage,us-east-1,,,prod
38665ba0-2fcf-d92e-b461-368553cf450e,2026-02-18T00:00:00Z/2026-02-19T00:00:00Z,2026-02-18T00:00:00Z,2026-02-19T00:00:00Z,AmazonEC2,Other,RunInstances,20.445,2.249916,2.248748,Usage,us-east-1,,,prod
712be6e4-001d-1520-e590-ec8d5e1e9e05,2026-02-18T00:00:00Z/2026-02-19T00:00:00Z,2026-02-18T00:00:00Z,2026-02-19T00:00:00Z,AmazonEC2,Other,RunInstances,10.6491,2.043103,2.136685,Usage,us-east-1,,,prod
f1ca9518-7638-21c5-8181-e409ace56450,2026-02-18T00:00:00Z/2026-02-19T00:00:00Z,2026-02-18T00:00:00Z,2026-02-19T00:00:00Z,AmazonEC2,Other,RunInstances,1.9326,2.571581,2.588514,Usage,us-east-1,,,prod
3a58ed40-a445-6a5c-d94b-75057f710791,2026-02-18T00:00:00Z/2026-02-19T00:00:00Z,2026-02-18T00:00:00Z,2026-02-19T00:00:00Z,AmazonEC2,Other,RunInstances,8.6353,2.310181,2.41376,Usage,us-east-1,,,prod
58ea64c6-3cc2-7cde-5417-fe2b7fe67cb6,2026-02-18T00:00:00Z/2026-02-19T00:00:00Z,2026-02-18T00:00:00Z,2026-02-19T00:00:00Z,AmazonEC2,Other,RunInstances,21.6393,2.167705,2.123087,Usage,us-east-1,,,prod
a90873c7-c0ff-38e6-3534-386d5d99d865,2026-02-18T00:00:00Z/2026-02-19T00:00:00Z,2026-02-18T00:00:00Z,2026-02-19T00:00:00Z,AmazonEC2,Other,RunInstances,23.5087,2.512223,2.621567,Usage,us-east-1,,,prod
51b06820-d81d-6d34-4a83-a1c87c580f73,2026-02-18T00:00:00Z/2026-02-19T00:00:00Z,2026-02-18T00:00:00Z,2026-02-19T00:00:00Z,AmazonEC2,Other,RunInstances,16.7389,2.062296,2.161044,Usage,us-east-1,,,prod
09cb6a16-7604-08a3-76b4-04c8d9376fba,2026-02-18T00:00:00Z/2026-02-19T00:00:00Z,2026-02-18T00:00:00Z,2026-02-19T00:00:00Z,AmazonEC2,Other,RunInstances,3.9942,2.027667,1.956803,Usage,us-east-1,,,prod
db92899c-cfbd-8cdf-930b-dbbcf4aa30fd,2026-02-18T00:00:00Z/2026-02-19T00:00:00Z,2026-02-18T00:00:00Z,2026-02-19T00:00:00Z,AmazonEC2,BoxUsage:m5.large,RunInstances,17.9033,66.469398,68.488933,Usage,us-east-1,,,prod
c00607b0-1e0e-4e03-709e-d60a0a6e21be,2026-02-18T00:00:00Z/2026-02-19T00:00:00Z,2026-02-18T00:00:00Z,2026-02-19T00:00:00Z,AmazonEC2,BoxUsage:m5.large,RunInstances,20.5183,52.859035,52.826005,Usage,us-east-1,,,prod
94b1f54f-08a7-6095-6c09-e249b28a903a,2026-02-18T00:00:00Z/2026-02-19T00:00:00Z,2026-02-18T00:00:00Z,2026-02-19T00:00:00Z,AmazonEC2,BoxUsage:m5.large,RunInstances,10.0639,57.414973,58.263338,Usage,us-east-1,,,prod
89a66c58-b282-4982-00d6-b49739c552be,2026-02-18T00:00:00Z/2026-02-19T00:00:00Z,2026-02-18T00:00:00Z,2026-02-19T00:00:00Z,AmazonEC2,BoxUsage:m5.large,RunInstances,14.2446,59.880421,57.507049,Usage,us-east-1,,,prod
26913afa-e3fd-2496-7723-980fd4ac53b7,2026-02-18T00:00:00Z/2026-02-19T00:00:00Z,2026-02-18T00:00:00Z,2026-02-19T00:00:00Z,AmazonEC2,BoxUsage:m5.large,RunInstances,11.8339,62.148953,60.682177,Usage,us-east-1,,,prod
9aa4073e-65f4-4d74-a2ba-20fa91e57559,2026-02-18T00:00:00Z/2026-02-19T00:00:00Z,2026-02-18T00:00:00Z,2026-02-19T00:00:00Z,AmazonEC2,Other,RunInstances,15.4913,63.421251,61.715888,Usage,us-east-1,,,prod
4d5bc95d-067c-b01a-47b6-a5fb341a9a97,2026-02-18T00:00:00Z/2026-02-19T00:00:00Z,2026-02-18T00:00:00Z,2026-02-19T00:00:00Z,AmazonEC2,Other,RunInstances,20.9891,67.056967,67.963161,Usage,us-east-1,,,prod
bb46c07d-10d1-7f3e-6b04-351b34067971,2026-02-18T00:00:00Z/2026-02-19T00:00:00Z,2026-02-18T00:00:00Z,2026-02-19T00:00:00Z,AmazonEC2,Other,RunInstances,12.2172,52.509191,52.102101,Usage,us-east-1,,,prod
a1e28692-447d-60ad-7eb1-ccd6bc4cd62b,2026-02-18T00:00:00Z/2026-02-19T00:00:00Z,2026-02-18T00:00:00Z,2026-02-19T00:00:00Z,AmazonEC2,Other,RunInstances,8.3989,56.402115,57.128908,Usage,us-east-1,,,prod
bddd80f7-eb9c-0643-4afa-e6719a967462,2026-02-18T00:00:00Z/2026-02-19T00:00:00Z,2026-02-18T00:00:00Z,2026-02-19T00:00:00Z,AmazonEC2,Other,RunInstances,12.8967,52.596631,52.055301,Usage,us-east-1,,,prod
d46cb6d3-973b-795f-2882-ea50f9f56147,2026-02-19T00:00:00Z/2026-02-20T00:00:00Z,2026-02-19T00:00:00Z,2026-02-20T00:00:00Z,AmazonEC2,BoxUsage:c5.xlarge,RunInstances,1.8695,2.677936,2.771394,Usage,us-east-1,,,prod
3eaced99-1832-38a3-042f-96aab68a73c9,2026-02-19T00:00:00Z/2026-02-20T00:00:00Z,2026-02-19T00:00:00Z,2026-02-20T00:00:00Z,AmazonEC2,BoxUsage:c5.xlarge,RunInstances,19.7787,2.515828,2.424486,Usage,us-east-1,,,prod
938f6224-7d0f-4663-c210-7a3e77d1210e,2026-02-19T00:00:00Z/2026-02-20T00:00:00Z,2026-02-19T00:00:00Z,2026-02-20T00:00:00Z,AmazonEC2,BoxUsage:c5.xlarge,RunInstances,21.3457,2.350809,2.307088,Usage,us-east-1,,,prod
aa19c0b6-bc3c-d2cd-f65f-79296358c433,2026-02-19T00:00:00Z/2026-02-20T00:00:00Z,2026-02-19T00:00:00Z,2026-02-20T00:00:00Z,AmazonEC2,BoxUsage:c5.xlarge,RunInstances,22.0932,2.524406,2.424134,Usage,us-east-1,,,prod
2ff9af7f-a13e-917b-65c9-a7d9d3ba8c24,2026-02-19T00:00:00Z/2026-02-20T00:00:00Z,2026-02-19T00:00:00Z,2026-02-20T00:00:00Z,AmazonEC2,BoxUsage:c5.xlarge,RunInstances,8.507,2.674052,2.556882,Usage,us-east-1,,,prod
ed34937f-f980-6959-92ff-c575245a64a1,2026-02-19T00:00:00Z/2026-02-20T00:00:00Z,2026-02-19T00:00:00Z,2026-02-20T00:00:00Z,AmazonEC2,BoxUsage:r5.xlarge,RunInstances,16.289,2.043515,2.057585,Usage,us-east-1,,,prod
f378a196-5a6c-68a3-4f03-142261e523a8,2026-02-19T00:00:00Z/2026-02-20T00:00:00Z,2026-02-19T00:00:00Z,2026-02-20T00:00:00Z,AmazonEC2,BoxUsage:r5.xlarge,RunInstances,10.5969,2.298167,2.245443,Usage,us-east-1,,,prod
bc009da0-53d9-49f9-9acd-046e4de534e1,2026-02-19T00:00:00Z/2026-02-20T00:00:00Z,2026-02-19T00:00:00Z,2026-02-20T00:00:00Z,AmazonEC2,BoxUsage:r5.xlarge,RunInstances,20.0542,2.384236,2.422453,Usage,us-east-1,,,prod
0213428e-a435-f4d6-0923-c63c7a7c1122,2026-02-19T00:00:00Z/2026-02-20T00:00:00Z,2026-02-19T00:00:00Z,2026-02-20T00:00:00Z,AmazonEC2,BoxUsage:r5.xlarge,RunInstances,23.99,2.484647,2.593944,Usage,us-east-1,,,prod
ab6ed8d5-b41d-f5cc-dd91-700a53214da9,2026-02-19T00:00:00Z/2026-02-20T00:00:00Z,2026-02-19T00:00:00Z,2026-02-20T00:00:00Z,AmazonEC2,BoxUsage:r5.xlarge,RunInstances,13.5552,2.392936,2.326991,Usage,us-east-1,,,prod
11427b4d-d756-e06f-b6a9-2657d5a6503d,2026-02-19T00:00:00Z/2026-02-20T00:00:00Z,2026-02-19T00:00:00Z,2026-02-20T00:00:00Z,AmazonEC2,Other,RunInstances,2.7343,2.058797,2.031367,Usage,us-east-1,,,prod
105aa9d8-aad7-4bc1-2f83-ff3cff481c8c,2026-02-19T00:00:00Z/2026-02-20T00:00:00Z,2026-02-19T00:00:00Z,2026-02-20T00:00:00Z,AmazonEC2,Other,RunInstances,18.4952,2.116558,2.142833,Usage,us-east-1,,,prod
33138bd7-25f6-a956-d73d-3abf8dac500c,2026-02-19T00:00:00Z/2026-02-20T00:00:00Z,2026-02-19T00:00:00Z,2026-02-20T00:00:00Z,AmazonEC2,Other,RunInstances,14.7238,2.150602,2.129636,Usage,us-east-1,,,prod
0b2c9584-0c9f-6917-6a3c-3484db29ecbd,2026-02-19T00:00:00Z/2026-02-20T00:00:00Z,2026-02-19T00:00:00Z,2026-02-20T00:00:00Z,AmazonEC2,Other,RunInstances,14.1267,2.644481,2.571169,Usage,us-east-1,,,prod
39ea6ee0-2181-ab3d-9942-01115345ef67,2026-02-19T00:00:00Z/2026-02-20T00:00:00Z,2026-02-19T00:00:00Z,2026-02-20T00:00:00Z,AmazonEC2,Other,RunInstances,12.3102,2.528556,2.586457,Usage,us-east-1,,,prod
85cba366-bf58-e6d1-e043-3e59c60ea0cc,2026-02-19T00:00:00Z/2026-02-20T00:00:00Z,2026-02-19T00:00:00Z,2026-02-20T00:00:00Z,AmazonEC2,Other,RunInstances,15.3901,2.221251,2.311396,Usage,us-east-1,,,prod
ca155df4-951a-bb61-13fc-0ed27f06b95a,2026-02-19T00:00:00Z/2026-02-20T00:00:00Z,2026-02-19T00:00:00Z,2026-02-20T00:00:00Z,AmazonEC2,Other,RunInstances,16.0868,2.47119,2.470151,Usage,us-east-1,,,prod
3da6a678-5a62-e482-5614-033963f74f45,2026-02-19T00:00:00Z/2026-02-20T00:00:00Z,2026-02-19T00:00:00Z,2026-02-20T00:00:00Z,AmazonEC2,Other,RunInstances,7.8941,2.552232,2.598475,Usage,us-east-1,,,prod
5cb9fd5c-32fb-d888-14f6-0e6873832013,2026-02-19T00:00:00Z/2026-02-20T00:00:00Z,2026-02-19T00:00:00Z,2026-02-20T00:00:00Z,AmazonEC2,Other,RunInstances,2.8994,2.617726,2.705228,Usage,us-east-1,,,prod
d64275fa-f57b-49e2-60e1-66440a87dda3,2026-02-19T00:00:00Z/2026-02-20T00:00:00Z,2026-02-19T00:00:00Z,2026-02-20T00:00:00Z,AmazonEC2,Other,RunInstances,18.355,2.265128,2.183449,Usage,us-east-1,,,prod
53a08a5e-3886-f947-153e-a674d8ebaf8a,2026-02-19T00:00:00Z/2026-02-20T00:00:00Z,2026-02-19T00:00:00Z,2026-02-20T00:00:00Z,AmazonEC2,BoxUsage:m5.large,RunInstances,16.1165,50.817984,51.873905,Usage,us-east-1,,,prod
83c12728-5933-0eab-9b93-ae5c28c963f1,2026-02-19T00:00:00Z/2026-02-20T00:00:00Z,2026-02-19T00:00:00Z,2026-02-20T00:00:00Z,AmazonEC2,BoxUsage:m5.large,RunInstances,1.8277,59.896656,60.020216,Usage,us-east-1,,,prod
c988fd57-c7fa-0d3e-dab8-0ffe5934024c,2026-02-19T00:00:00Z/2026-02-20T00:00:00Z,2026-02-19T00:00:00Z,2026-02-20T00:00:00Z,AmazonEC2,BoxUsage:m5.large,RunInstances,9.8745,60.887065,60.647433,Usage,us-east-1,,,prod
5d7bddd7-1a32-7e6f-ca26-20f9e3e03159,2026-02-19T00:00:00Z/2026-02-20T00:00:00Z,2026-02-19T00:00:00Z,2026-02-20T00:00:00Z,AmazonEC2,BoxUsage:m5.large,RunInstances,21.7805,59.621015,58.787723,Usage,us-east-1,,,prod
105a0012-9474-6044-314d-64ce7b878469,2026-02-19T00:00:00Z/2026-02-20T00:00:00Z,2026-02-19T00:00:00Z,2026-02-20T00:00:00Z,AmazonEC2,BoxUsage:m5.large,RunInstances,5.5993,52.276988,50.455838,Usage,us-east-1,,,prod
a593ff08-c1b4-4383-8b60-73cb16899d72,2026-02-19T00:00:00Z/2026-02-20T00:00:00Z,2026-02-19T00:00:00Z,2026-02-20T00:00:00Z,AmazonEC2,Other,RunInstances,16.3732,60.419576,60.916953,Usage,us-east-1,,,prod
4b46ec80-eda0-b83e-4c75-8be982f19e99,2026-02-19T00:00:00Z/2026-02-20T00:00:00Z,2026-02-19T00:00:00Z,2026-02-20T00:00:00Z,AmazonEC2,Other,RunInstances,23.3769,62.19368,62.897396,Usage,us-east-1,,,prod
f5db6014-c3e3-dcbb-3022-689d5ab19746,2026-02-19T00:00:00Z/2026-02-20T00:00:00Z,2026-02-19T00:00:00Z,2026-02-20T00:00:00Z,AmazonEC2,Other,RunInstances,13.5264,52.842058,54.757643,Usage,us-east-1,,,prod
0c1480fe-5307-f820-6e3b-fdab86ee14ca,2026-02-19T00:00:00Z/2026-02-20T00:00:00Z,2026-02-19T00:00:00Z,2026-02-20T00:00:00Z,AmazonEC2,Other,RunInstances,1.8778,60.099132,61.244225,Usage,us-east-1,,,prod
1331e7c9-f2a7-dfb4-cd00-f0647a40a2d0,2026-02-19T00:00:00Z/2026-02-20T00:00:00Z,2026-02-19T00:00:00Z,2026-02-20T00:00:00Z,AmazonEC2,Other,RunInstances,14.7535,54.833252,53.343795,Usage,us-east-1,,,prod
05b2e4f6-6f3e-3d85-9ba3-1b2753a58f68,2026-02-20T00:00:00Z/2026-02-21T00:00:00Z,2026-02-20T00:00:00Z,2026-02-21T00:00:00Z,AmazonEC2,BoxUsage:c5.xlarge,RunInstances,18.8407,2.664913,2.673399,Usage,us-east-1,,,prod
101eef49-cd8d-29cb-9d0c-007dcb047a8c,2026-02-20T00:00:00Z/2026-02-21T00:00:00Z,2026-02-20T00:00:00Z,2026-02-21T00:00:00Z,AmazonEC2,BoxUsage:c5.xlarge,RunInstances,2.6775,2.148977,2.166656,Usage,us-east-1,,,prod
acdac85e-fc1b-17b8-4567-d0d48b8c0b88,2026-02-20T00:00:00Z/2026-02-21T00:00:00Z,2026-02-20T00:00:00Z,2026-02-21T00:00:00Z,AmazonEC2,BoxUsage:c5.xlarge,RunInstances,17.5265,2.062528,2.074554,Usage,us-east-1,,,prod
01ea5ef8-0974-f29b-0bd1-d32507f342ef,2026-02-20T00:00:00Z/2026-02-21T00:00:00Z,2026-02-20T00:00:00Z,2026-02-21T00:00:00Z,AmazonEC2,BoxUsage:c5.xlarge,RunInstances,17.3596,2.492787,2.45455,Usage,us-east-1,,,prod
4e3836b1-4e12-880a-c717-4b99079de98a,2026-02-20T00:00:00Z/2026-02-21T00:00:00Z,2026-02-20T00:00:00Z,2026-02-21T00:00:00Z,AmazonEC2,BoxUsage:c5.xlarge,RunInstances,22.64,2.488988,2.427519,Usage,us-east-1,,,prod
ae218b6d-e4c5-f270-799f-f1f903ed7d29,2026-02-20T00:00:00Z/2026-02-21T00:00:00Z,2026-02-20T00:00:00Z,2026-02-21T00:00:00Z,AmazonEC2,BoxUsage:r5.xlarge,RunInstances,20.2746,2.413808,2.423916,Usage,us-east-1,,,prod
491d8e90-4a1e-7930-1ab1-ac9e69a3bad4,2026-02-20T00:00:00Z/2026-02-21T00:00:00Z,2026-02-20T00:00:00Z,2026-02-21T00:00:00Z,AmazonEC2,BoxUsage:r5.xlarge,RunInstances,4.4546,2.588383,2.488479,Usage,us-east-1,,,prod
1a4fd4d2-492e-a9dd-4a61-6313953e8020,2026-02-20T00:00:00Z/2026-02-21T00:00:00Z,2026-02-20T00:00:00Z,2026-02-21T00:00:00Z,AmazonEC2,BoxUsage:r5.xlarge,RunInstances,1.0898,2.503744,2.628573,Usage,us-east-1,,,prod
d49a7d12-aae1-11f7-1a04-1ba72ad985d5,2026-02-20T00:00:00Z/2026-02-21T00:00:00Z,2026-02-20T00:00:00Z,2026-02-21T00:00:00Z,AmazonEC2,BoxUsage:r5.xlarge,RunInstances,2.4018,2.373792,2.376782,Usage,us-east-1,,,prod
ac88c6f5-1d54-80b0-1f15-d15491d53784,2026-02-20T00:00:00Z/2026-02-21T00:00:00Z,2026-02-20T00:00:00Z,2026-02-21T00:00:00Z,AmazonEC2,BoxUsage:r5.xlarge,RunInstances,14.8851,2.214955,2.20669,Usage,us-east-1,,,prod
29eeec9e-56d3-4b13-bafd-16719443c4b8,2026-02-20T00:00:00Z/2026-02-21T00:00:00Z,2026-02-20T00:00:00Z,2026-02-21T00:00:00Z,AmazonEC2,Other,RunInstances,6.3825,2.441279,2.322866,Usage,us-east-1,,,prod
6dcaf0e1-17f0-1a55-7962-3fb2e7c4af97,2026-02-20T00:00:00Z/2026-02-21T00:00:00Z,2026-02-20T00:00:00Z,2026-02-21T00:00:00Z,AmazonEC2,Other,RunInstances,5.61,2.214114,2.206269,Usage,us-east-1,,,prod
bdb6f4b1-3fc0-b679-6917-e57c8610c8d5,2026-02-20T00:00:00Z/2026-02-21T00:00:00Z,2026-02-20T00:00:00Z,2026-02-21T00:00:00Z,AmazonEC2,Other,RunInstances,1.8075,2.190355,2.182659,Usage,us-east-1,,,prod
4a4e226c-2a4a-5086-fe32-024571aa43cb,2026-02-20T00:00:00Z/2026-02-21T00:00:00Z,2026-02-20T00:00:00Z,2026-02-21T00:00:00Z,AmazonEC2,Other,RunInstances,14.198,2.163872,2.058504,Usage,us-east-1,,,prod
ba85985b-9452-9ddc-6a0f-9a2d6cff786d,2026-02-20T00:00:00Z/2026-02-21T00:00:00Z,2026-02-20T00:00:00Z,2026-02-21T00:00:00Z,AmazonEC2,Other,RunInstances,4.8842,2.443153,2.559745,Usage,us-east-1,,,prod
b566bb80-ebaf-78a7-811e-d1d3e6b8675a,2026-02-20T00:00:00Z/2026-02-21T00:00:00Z,2026-02-20T00:00:00Z,2026-02-21T00:00:00Z,AmazonEC2,Other,RunInstances,1.1219,2.480046,2.558128,Usage,us-east-1,,,prod
0ecedfba-1fe4-79d8-434b-f7bd84b8f916,2026-02-20T00:00:00Z/2026-02-21T00:00:00Z,2026-02-20T00:00:00Z,2026-02-21T00:00:00Z,AmazonEC2,Other,RunInstances,21.825,2.591179,2.633865,Usage,us-east-1,,,prod
e7ca5a18-4c45-6de3-fb38-f4712a46fb0e,2026-02-20T00:00:00Z/2026-02-21T00:00:00Z,2026-02-20T00:00:00Z,2026-02-21T00:00:00Z,AmazonEC2,Other,RunInstances,3.9402,2.009687,2.04989,Usage,us-east-1,,,prod
e0e8bc46-ed4c-909e-2d90-0cf5ba7370a0,2026-02-20T00:00:00Z/2026-02-21T00:00:00Z,2026-02-20T00:00:00Z,2026-02-21T00:00:00Z,AmazonEC2,Other,RunInstances,3.237,2.24573,2.19219,Usage,us-east-1,,,prod
dbc9b41a-5604-3191-f08d-2d442dfa6ab3,2026-02-20T00:00:00Z/2026-02-21T00:00:00Z,2026-02-20T00:00:00Z,2026-02-21T00:00:00Z,AmazonEC2,Other,RunInstances,16.8196,2.475932,2.427104,Usage,us-east-1,,,prod
6c3e0cec-c147-fa83-8c80-f3e4b2f5c909,2026-02-20T00:00:00Z/2026-02-21T00:00:00Z,2026-02-20T00:00:00Z,2026-02-21T00:00:00Z,AmazonEC2,BoxUsage:m5.large,RunInstances,23.2262,60.477574,59.22445,Usage,us-east-1,,,prod
d28c2324-852a-0592-28c4-21f8648287b7,2026-02-20T00:00:00Z/2026-02-21T00:00:00Z,2026-02-20T00:00:00Z,2026-02-21T00:00:00Z,AmazonEC2,BoxUsage:m5.large,RunInstances,9.5696,63.656598,64.173336,Usage,us-east-1,,,prod
6e237eba-bff8-2d07-7b12-f5706151f900,2026-02-20T00:00:00Z/2026-02-21T00:00:00Z,2026-02-20T00:00:00Z,2026-02-21T00:00:00Z,AmazonEC2,BoxUsage:m5.large,RunInstances,2.4432,65.999452,65.691052,Usage,us-east-1,,,prod
83886b96-2e29-46da-1cbd-cd4d7cfcc864,2026-02-20T00:00:00Z/2026-02-21T00:00:00Z,2026-02-20T00:00:00Z,2026-02-21T00:00:00Z,AmazonEC2,BoxUsage:m5.large,RunInstances,3.0847,65.674326,68.345049,Usage,us-east-1,,,prod
948cb9e5-bbe1-876c-081e-84cf2e6a5bb1,2026-02-20T00:00:00Z/2026-02-21T00:00:00Z,2026-02-20T00:00:00Z,2026-02-21T00:00:00Z,AmazonEC2,BoxUsage:m5.large,RunInstances,18.9432,57.012911,56.30267,Usage,us-east-1,,,prod
0c98cee3-78ba-24f7-290e-33d9834a40de,2026-02-20T00:00:00Z/2026-02-21T00:00:00Z,2026-02-20T00:00:00Z,2026-02-21T00:00:00Z,AmazonEC2,Other,RunInstances,17.3682,60.118306,57.635894,Usage,us-east-1,,,prod
db5d591c-5bb7-1b92-76c1-01ee30243ca7,2026-02-20T00:00:00Z/2026-02-21T00:00:00Z,2026-02-20T00:00:00Z,2026-02-21T00:00:00Z,AmazonEC2,Other,RunInstances,6.4156,53.392975,53.211587,Usage,us-east-1,,,prod
1725ae84-1440-7294-37fa-b02de9710e11,2026-02-20T00:00:00Z/2026-02-21T00:00:00Z,2026-02-20T00:00:00Z,2026-02-21T00:00:00Z,AmazonEC2,Other,RunInstances,17.9251,60.569557,62.008483,Usage,us-east-1,,,prod
ab8bb7f0-090e-9956-f168-a2972c587a9a,2026-02-20T00:00:00Z/2026-02-21T00:00:00Z,2026-02-20T00:00:00Z,2026-02-21T00:00:00Z,AmazonEC2,Other,RunInstances,17.4185,62.844689,63.590004,Usage,us-east-1,,,prod
40e5f8e7-f049-82c0-f65e-618559bf1914,2026-02-20T00:00:00Z/2026-02-21T00:00:00Z,2026-02-20T00:00:00Z,2026-02-21T00:00:00Z,AmazonEC2,Other,RunInstances,12.6135,53.523483,52.188685,Usage,us-east-1,,,prod
b703a366-f19c-6c83-1d55-9d25ef669aec,2026-02-21T00:00:00Z/2026-02-22T00:00:00Z,2026-02-21T00:00:00Z,2026-02-22T00:00:00Z,AmazonEC2,BoxUsage:c5.xlarge,RunInstances,21.803,2.527919,2.602767,Usage,us-east-1,,,prod
a2e5d815-30ba-1261-6221-b25061b18bde,2026-02-21T00:00:00Z/2026-02-22T00:00:00Z,2026-02-21T00:00:00Z,2026-02-22T00:00:00Z,AmazonEC2,BoxUsage:c5.xlarge,RunInstances,17.0461,2.378557,2.282249,Usage,us-east-1,,,prod
ee937c6a-0936-65cb-64a7-f9e68380854d,2026-02-21T00:00:00Z/2026-02-22T00:00:00Z,2026-02-21T00:00:00Z,2026-02-22T00:00:00Z,AmazonEC2,BoxUsage:c5.xlarge,RunInstances,23.5666,2.23519,2.174081,Usage,us-east-1,,,prod
a715f46e-0412-0bc3-1e4a-4f244710cef9,2026-02-21T00:00:00Z/2026-02-22T00:00:00Z,2026-02-21T00:00:00Z,2026-02-22T00:00:00Z,AmazonEC2,BoxUsage:c5.xlarge,RunInstances,5.078,2.441791,2.428859,Usage,us-east-1,,,prod
d6bb3a15-2bbf-41f8-3e09-4379c0bc29b0,2026-02-21T00:00:00Z/2026-02-22T00:00:00Z,2026-02-21T00:00:00Z,2026-02-22T00:00:00Z,AmazonEC2,BoxUsage:c5.xlarge,RunInstances,6.3575,2.504813,2.508425,Usage,us-east-1,,,prod
23e26e26-24b1-618d-622e-da342df155b7,2026-02-21T00:00:00Z/2026-02-22T00:00:00Z,2026-02-21T00:00:00Z,2026-02-22T00:00:00Z,AmazonEC2,BoxUsage:r5.xlarge,RunInstances,12.3041,2.099238,2.070909,Usage,us-east-1,,,prod
d1e3f808-6646-5f94-0f87-810acf456ad4,2026-02-21T00:00:00Z/2026-02-22T00:00:00Z,2026-02-21T00:00:00Z,2026-02-22T00:00:00Z,AmazonEC2,BoxUsage:r5.xlarge,RunInstances,2.7866,2.284576,2.367032,Usage,us-east-1,,,prod
c0adec19-3c04-43ef-e5e3-7298efb5e9c4,2026-02-21T00:00:00Z/2026-02-22T00:00:00Z,2026-02-21T00:00:00Z,2026-02-22T00:00:00Z,AmazonEC2,BoxUsage:r5.xlarge,RunInstances,15.6813,2.670474,2.752295,Usage,us-east-1,,,prod
cb8c52d9-340a-d800-8395-7b67d1ce50b2,2026-02-21T00:00:00Z/2026-02-22T00:00:00Z,2026-02-21T00:00:00Z,2026-02-22T00:00:00Z,AmazonEC2,BoxUsage:r5.xlarge,RunInstances,14.2484,2.458442,2.529381,Usage,us-east-1,,,prod
c610bfd6-c227-905b-28e2-82a68badb182,2026-02-21T00:00:00Z/2026-02-22T00:00:00Z,2026-02-21T00:00:00Z,2026-02-22T00:00:00Z,AmazonEC2,BoxUsage:r5.xlarge,RunInstances,8.9489,2.535328,2.61935,Usage,us-east-1,,,prod
25b058b3-b58e-d50e-a641-20024d0209a8,2026-02-21T00:00:00Z/2026-02-22T00:00:00Z,2026-02-21T00:00:00Z,2026-02-22T00:00:00Z,AmazonEC2,Other,RunInstances,4.0109,2.130703,2.209306,Usage,us-east-1,,,prod
0ffcfc7a-abb4-57ac-388a-aa14ba60841a,2026-02-21T00:00:00Z/2026-02-22T00:00:00Z,2026-02-21T00:00:00Z,2026-02-22T00:00:00Z,AmazonEC2,Other,RunInstances,22.8701,2.13298,2.082546,Usage,us-east-1,,,prod
f977c0c4-2dbe-4055-fba7-437e6c229fb9,2026-02-21T00:00:00Z/2026-02-22T00:00:00Z,2026-02-21T00:00:00Z,2026-02-22T00:00:00Z,AmazonEC2,Other,RunInstances,7.1484,2.644991,2.741586,Usage,us-east-1,,,prod
72c6d0ed-4f9f-f03b-9b48-93ba184880cc,2026-02-21T00:00:00Z/2026-02-22T00:00:00Z,2026-02-21T00:00:00Z,2026-02-22T00:00:00Z,AmazonEC2,Other,RunInstances,16.2585,2.310825,2.229523,Usage,us-east-1,,,prod
ecc8054e-ded4-75e5-1422-5cafee04b3af,2026-02-21T00:00:00Z/2026-02-22T00:00:00Z,2026-02-21T00:00:00Z,2026-02-22T00:00:00Z,AmazonEC2,Other,RunInstances,3.4053,2.303819,2.335538,Usage,us-east-1,,,prod
f2164074-4a50-61f5-8632-fc6c604bf863,2026-02-21T00:00:00Z/2026-02-22T00:00:00Z,2026-02-21T00:00:00Z,2026-02-22T00:00:00Z,AmazonEC2,Other,RunInstances,8.4752,2.541925,2.424816,Usage,us-east-1,,,prod
44c548cf-22b1-3cba-986b-002e5ccf31fe,2026-02-21T00:00:00Z/2026-02-22T00:00:00Z,2026-02-21T00:00:00Z,2026-02-22T00:00:00Z,AmazonEC2,Other,RunInstances,4.719,2.335904,2.274274,Usage,us-east-1,,,prod
032b8742-973d-0861-1311-8859ca5d0f60,2026-02-21T00:00:00Z/2026-02-22T00:00:00Z,2026-02-21T00:00:00Z,2026-02-22T00:00:00Z,AmazonEC2,Other,RunInstances,12.717,2.593239,2.618047,Usage,us-east-1,,,prod
d64a8dcd-83e2-c641-9dbd-22356e4813ea,2026-02-21T00:00:00Z/2026-02-22T00:00:00Z,2026-02-21T00:00:00Z,2026-02-22T00:00:00Z,AmazonEC2,Other,RunInstances,20.5478,2.645222,2.737627,Usage,us-east-1,,,prod
6d369b45-3c75-37b3-2f83-0f3dffded5d1,2026-02-21T00:00:00Z/2026-02-22T00:00:00Z,2026-02-21T00:00:00Z,2026-02-22T00:00:00Z,AmazonEC2,Other,RunInstances,8.0,2.406091,2.309663,Usage,us-east-1,,,prod
db24bca3-e024-cedd-c142-1c0e5751980d,2026-02-21T00:00:00Z/2026-02-22T00:00:00Z,2026-02-21T00:00:00Z,2026-02-22T00:00:00Z,AmazonEC2,BoxUsage:m5.large,RunInstances,3.2197,57.391061,59.451526,Usage,us-east-1,,,prod
24256a97-eec3-ee03-089c-ea17f6ce818f,2026-02-21T00:00:00Z/2026-02-22T00:00:00Z,2026-02-21T00:00:00Z,2026-02-22T00:00:00Z,AmazonEC2,BoxUsage:m5.large,RunInstances,18.4891,62.437796,62.246791,Usage,us-east-1,,,prod
ec194e7c-4f58-95f3-ee8b-3f21505f8045,2026-02-21T00:00:00Z/2026-02-22T00:00:00Z,2026-02-21T00:00:00Z,2026-02-22T00:00:00Z,AmazonEC2,BoxUsage:m5.large,RunInstances,13.9483,62.349112,61.049125,Usage,us-east-1,,,prod
8cfa99e9-53e2-e839-768d-3eaa66cb5406,2026-02-21T00:00:00Z/2026-02-22T00:00:00Z,2026-02-21T00:00:00Z,2026-02-22T00:00:00Z,AmazonEC2,BoxUsage:m5.large,RunInstances,10.9883,59.249553,61.312714,Usage,us-east-1,,,prod
68535727-184f-29c5-5bf7-2a2c6ee86b05,2026-02-21T00:00:00Z/2026-02-22T00:00:00Z,2026-02-21T00:00:00Z,2026-02-22T00:00:00Z,AmazonEC2,BoxUsage:m5.large,RunInstances,21.9603,56.219052,55.362372,Usage,us-east-1,,,prod
885ccbaf-44f1-beb0-8698-ab3b93575886,2026-02-21T00:00:00Z/2026-02-22T00:00:00Z,2026-02-21T00:00:00Z,2026-02-22T00:00:00Z,AmazonEC2,Other,RunInstances,16.2499,56.523826,58.722547,Usage,us-east-1,,,prod
f8c4dcce-390a-2104-ce40-c0edef0bfc50,2026-02-21T00:00:00Z/2026-02-22T00:00:00Z,2026-02-21T00:00:00Z,2026-02-22T00:00:00Z,AmazonEC2,Other,RunInstances,7.2107,61.954415,59.246399,Usage,us-east-1,,,prod
cb5151ce-7585-bbae-2e9a-510d44810cf8,2026-02-21T00:00:00Z/2026-02-22T00:00:00Z,2026-02-21T00:00:00Z,2026-02-22T00:00:00Z,AmazonEC2,Other,RunInstances,6.329,55.533273,55.22149,Usage,us-east-1,,,prod
e1d733c4-5302-4248-97d8-be4974aec520,2026-02-21T00:00:00Z/2026-02-22T00:00:00Z,2026-02-21T00:00:00Z,2026-02-22T00:00:00Z,AmazonEC2,Other,RunInstances,22.3873,52.903812,54.767094,Usage,us-east-1,,,prod
cdfbe94b-24f5-42b0-28fa-d3ff7259312d,2026-02-21T00:00:00Z/2026-02-22T00:00:00Z,2026-02-21T00:00:00Z,2026-02-22T00:00:00Z,AmazonEC2,Other,RunInstances,13.9652,50.982299,50.827267,Usage,us-east-1,,,prod
77e1b206-7b42-7808-f372-7538022471d2,2026-02-22T00:00:00Z/2026-02-23T00:00:00Z,2026-02-22T00:00:00Z,2026-02-23T00:00:00Z,AmazonEC2,BoxUsage:c5.xlarge,RunInstances,11.7602,2.510766,2.537196,Usage,us-east-1,,,prod
80c018d9-915a-4a4e-196c-aaece11a1a37,2026-02-22T00:00:00Z/2026-02-23T00:00:00Z,2026-02-22T00:00:00Z,2026-02-23T00:00:00Z,AmazonEC2,BoxUsage:c5.xlarge,RunInstances,12.4127,2.591194,2.68147,Usage,us-east-1,,,prod
094f8a81-71db-2ec0-888c-d8beee0e82e6,2026-02-22T00:00:00Z/2026-02-23T00:00:00Z,2026-02-22T00:00:00Z,2026-02-23T00:00:00Z,AmazonEC2,BoxUsage:c5.xlarge,RunInstances,22.1668,2.152721,2.050258,Usage,us-east-1,,,prod
37fe14dc-cb86-3658-f06e-6ae9724a02e0,2026-02-22T00:00:00Z/2026-02-23T00:00:00Z,2026-02-22T00:00:00Z,2026-02-23T00:00:00Z,AmazonEC2,BoxUsage:c5.xlarge,RunInstances,10.1365,2.611657,2.730306,Usage,us-east-1,,,prod
a4ecb4f3-8ba7-afb3-45aa-3853cdc396f7,2026-02-22T00:00:00Z/2026-02-23T00:00:00Z,2026-02-22T00:00:00Z,2026-02-23T00:00:00Z,AmazonEC2,BoxUsage:c5.xlarge,RunInstances,11.4428,2.539712,2.431477,Usage,us-east-1,,,prod
9d71c454-d934-8518-2d9d-9b8bbc590db9,2026-02-22T00:00:00Z/2026-02-23T00:00:00Z,2026-02-22T00:00:00Z,2026-02-23T00:00:00Z,AmazonEC2,BoxUsage:r5.xlarge,RunInstances,13.6051,2.41514,2.333087,Usage,us-east-1,,,prod
4de521d4-bc76-57d7-4b86-afb6c343a84e,2026-02-22T00:00:00Z/2026-02-23T00:00:00Z,2026-02-22T00:00:00Z,2026-02-23T00:00:00Z,AmazonEC2,BoxUsage:r5.xlarge,RunInstances,2.6401,2.592809,2.520869,Usage,us-east-1,,,prod
d273a8dd-d7b7-437d-9c67-3fc3dfcdc0f2,2026-02-22T00:00:00Z/2026-02-23T00:00:00Z,2026-02-22T00:00:00Z,2026-02-23T00:00:00Z,AmazonEC2,BoxUsage:r5.xlarge,RunInstances,9.7831,2.482844,2.482722,Usage,us-east-1,,,prod
d34551e6-92b3-fcbf-58eb-dd283114bce5,2026-02-22T00:00:00Z/2026-02-23T00:00:00Z,2026-02-22T00:00:00Z,2026-02-23T00:00:00Z,AmazonEC2,BoxUsage:r5.xlarge,RunInstances,3.5798,2.191568,2.230272,Usage,us-east-1,,,prod
10eb0386-2669-3407-c153-07a68061b5a0,2026-02-22T00:00:00Z/2026-02-23T00:00:00Z,2026-02-22T00:00:00Z,2026-02-23T00:00:00Z,AmazonEC2,BoxUsage:r5.xlarge,RunInstances,2.8415,2.389501,2.398785,Usage,us-east-1,,,prod
477c2887-c43a-4e81-4cf4-ed9887cb527d,2026-02-22T00:00:00Z/2026-02-23T00:00:00Z,2026-02-22T00:00:00Z,2026-02-23T00:00:00Z,AmazonEC2,Other,RunInstances,6.4188,2.27634,2.365274,Usage,us-east-1,,,prod
3cd7933e-9241-369c-5fe0-ecc164484b9a,2026-02-22T00:00:00Z/2026-02-23T00:00:00Z,2026-02-22T00:00:00Z,2026-02-23T00:00:00Z,AmazonEC2,Other,RunInstances,21.2229,2.426967,2.332685,Usage,us-east-1,,,prod
2d846bef-a6db-ff5c-f1bd-fc8c5a05d894,2026-02-22T00:00:00Z/2026-02-23T00:00:00Z,2026-02-22T00:00:00Z,2026-02-23T00:00:00Z,AmazonEC2,Other,RunInstances,15.3639,2.554176,2.536575,Usage,us-east-1,,,prod
137b1bac-9c5d-3a55-24ad-e051e117e722,2026-02-22T00:00:00Z/2026-02-23T00:00:00Z,2026-02-22T00:00:00Z,2026-02-23T00:00:00Z,AmazonEC2,Other,RunInstances,4.7898,2.540136,2.419919,Usage,us-east-1,,,prod
3eb5493e-d896-56cd-69e9-fafb43cb01e9,2026-02-22T00:00:00Z/2026-02-23T00:00:00Z,2026-02-22T00:00:00Z,2026-02-23T00:00:00Z,AmazonEC2,Other,RunInstances,12.993,2.282617,2.236537,Usage,us-east-1,,,prod
f72bd6a7-c1ac-198d-33b7-5a4788b924d1,2026-02-22T00:00:00Z/2026-02-23T00:00:00Z,2026-02-22T00:00:00Z,2026-02-23T00:00:00Z,AmazonEC2,Other,RunInstances,22.6995,2.404559,2.29498,Usage,us-east-1,,,prod
7e5f8a06-578e-62ca-e04d-baa641481a8e,2026-02-22T00:00:00Z/2026-02-23T00:00:00Z,2026-02-22T00:00:00Z,2026-02-23T00:00:00Z,AmazonEC2,Other,RunInstances,10.2548,2.6813,2.708749,Usage,us-east-1,,,prod
0fc53e07-76fe-94d7-2b7e-aa6bf5851d4b,2026-02-22T00:00:00Z/2026-02-23T00:00:00Z,2026-02-22T00:00:00Z,2026-02-23T00:00:00Z,AmazonEC2,Other,RunInstances,18.6169,2.504243,2.469798,Usage,us-east-1,,,prod
b91d4b34-9262-cc4a-ca0e-75b9675c4d68,2026-02-22T00:00:00Z/2026-02-23T00:00:00Z,2026-02-22T00:00:00Z,2026-02-23T00:00:00Z,AmazonEC2,Other,RunInstances,2.1108,2.513071,2.584389,Usage,us-east-1,,,prod
3549ab9f-104f-f05d-d526-e5f6824e0700,2026-02-22T00:00:00Z/2026-02-23T00:00:00Z,2026-02-22T00:00:00Z,2026-02-23T00:00:00Z,AmazonEC2,Other,RunInstances,14.027,2.314997,2.392009,Usage,us-east-1,,,prod
ed108877-c40f-da45-fa8a-27df79c17cbe,2026-02-22T00:00:00Z/2026-02-23T00:00:00Z,2026-02-22T00:00:00Z,2026-02-23T00:00:00Z,AmazonEC2,BoxUsage:m5.large,RunInstances,9.0935,58.155783,57.097233,Usage,us-east-1,,,prod
96298f58-6ef5-cb64-0e8c-e8edd4e14d91,2026-02-22T00:00:00Z/2026-02-23T00:00:00Z,2026-02-22T00:00:00Z,2026-02-23T00:00:00Z,AmazonEC2,BoxUsage:m5.large,RunInstances,3.6168,66.330603,68.002713,Usage,us-east-1,,,prod
16d9c9d2-6637-6d1f-1bb4-6ad70548e15d,2026-02-22T00:00:00Z/2026-02-23T00:00:00Z,2026-02-22T00:00:00Z,2026-02-23T00:00:00Z,AmazonEC2,BoxUsage:m5.large,RunInstances,23.2115,58.446738,55.782502,Usage,us-east-1,,,prod
a1dbfddf-4895-6354-e0d7-ff4aa3d6aba9,2026-02-22T00:00:00Z/2026-02-23T00:00:00Z,2026-02-22T00:00:00Z,2026-02-23T00:00:00Z,AmazonEC2,BoxUsage:m5.large,RunInstances,10.9958,60.503986,63.006885,Usage,us-east-1,,,prod
85cc7eab-cbd2-9094-15ad-fe4873745e82,2026-02-22T00:00:00Z/2026-02-23T00:00:00Z,2026-02-22T00:00:00Z,2026-02-23T00:00:00Z,AmazonEC2,BoxUsage:m5.large,RunInstances,1.9308,55.558308,57.033287,Usage,us-east-1,,,prod
f9782a05-e451-09f2-f346-4ff2629757d3,2026-02-22T00:00:00Z/2026-02-23T00:00:00Z,2026-02-22T00:00:00Z,2026-02-23T00:00:00Z,AmazonEC2,Other,RunInstances,15.5891,56.60183,57.800233,Usage,us-east-1,,,prod
150b1326-3387-5f21-6aa1-a31d34e26c40,2026-02-22T00:00:00Z/2026-02-23T00:00:00Z,2026-02-22T00:00:00Z,2026-02-23T00:00:00Z,AmazonEC2,Other,RunInstances,10.713,65.546708,66.985486,Usage,us-east-1,,,prod
84f3a676-0e37-ce55-ead8-1e7ffa943abd,2026-02-22T00:00:00Z/2026-02-23T00:00:00Z,2026-02-22T00:00:00Z,2026-02-23T00:00:00Z,AmazonEC2,Other,RunInstances,1.8456,50.650812,51.26495,Usage,us-east-1,,,prod
b7510123-7689-d7f1-3d4a-c3303f252fee,2026-02-22T00:00:00Z/2026-02-23T00:00:00Z,2026-02-22T00:00:00Z,2026-02-23T00:00:00Z,AmazonEC2,Other,RunInstances,4.1007,63.574577,66.228856,Usage,us-east-1,,,prod
1583fc98-3f6f-2e0b-d1b4-7d0d210a241c,2026-02-22T00:00:00Z/2026-02-23T00:00:00Z,2026-02-22T00:00:00Z,2026-02-23T00:00:00Z,AmazonEC2,Other,RunInstances,20.9608,57.682829,58.350974,Usage,us-east-1,,,prod
c0cf7709-7c2e-09c5-9c5c-330db475017f,2026-02-23T00:00:00Z/2026-02-24T00:00:00Z,2026-02-23T00:00:00Z,2026-02-24T00:00:00Z,AmazonEC2,BoxUsage:c5.xlarge,RunInstances,21.2141,2.178442,2.164355,Usage,us-east-1,,,prod
8bd1b50d-ed35-6862-8fd7-b55f6069c59d,2026-02-23T00:00:00Z/2026-02-24T00:00:00Z,2026-02-23T00:00:00Z,2026-02-24T00:00:00Z,AmazonEC2,BoxUsage:c5.xlarge,RunInstances,11.9432,2.101658,2.086731,Usage,us-east-1,,,prod
16f993dc-14dc-468e-7e4c-ab0fd5ee0f57,2026-02-23T00:00:00Z/2026-02-24T00:00:00Z,2026-02-23T00:00:00Z,2026-02-24T00:00:00Z,AmazonEC2,BoxUsage:c5.xlarge,RunInstances,4.503,2.223639,2.19136,Usage,us-east-1,,,prod
787e4cad-38ae-eb36-1b0c-a0c344714815,2026-02-23T00:00:00Z/2026-02-24T00:00:00Z,2026-02-23T00:00:00Z,2026-02-24T00:00:00Z,AmazonEC2,BoxUsage:c5.xlarge,RunInstances,3.3663,2.42715,2.528897,Usage,us-east-1,,,prod
f673d41d-291f-df5d-9213-45b7ee79b248,2026-02-23T00:00:00Z/2026-02-24T00:00:00Z,2026-02-23T00:00:00Z,2026-02-24T00:00:00Z,AmazonEC2,BoxUsage:c5.xlarge,RunInstances,21.9395,2.095022,2.110844,Usage,us-east-1,,,prod
725faad5-3317-66c5-6b1b-ee5f347c958a,2026-02-23T00:00:00Z/2026-02-24T00:00:00Z,2026-02-23T00:00:00Z,2026-02-24T00:00:00Z,AmazonEC2,BoxUsage:r5.xlarge,RunInstances,18.2376,2.289714,2.321994,Usage,us-east-1,,,prod
9c37dc20-ceae-d903-459f-aac32321777e,2026-02-23T00:00:00Z/2026-02-24T00:00:00Z,2026-02-23T00:00:00Z,2026-02-24T00:00:00Z,AmazonEC2,BoxUsage:r5.xlarge,RunInstances,4.2953,2.625259,2.568594,Usage,us-east-1,,,prod
07f7b5ee-cb3a-b2d1-632d-646beb2a82dc,2026-02-23T00:00:00Z/2026-02-24T00:00:00Z,2026-02-23T00:00:00Z,2026-02-24T00:00:00Z,AmazonEC2,BoxUsage:r5.xlarge,RunInstances,2.0406,2.635295,2.519913,Usage,us-east-1,,,prod
a12c4217-cc0f-7e38-1c87-35661e80e43c,2026-02-23T00:00:00Z/2026-02-24T00:00:00Z,2026-02-23T00:00:00Z,2026-02-24T00:00:00Z,AmazonEC2,BoxUsage:r5.xlarge,RunInstances,4.4357,2.00108,2.025471,Usage,us-east-1,,,prod
a4820e5a-327a-93dc-537d-07e89cdc9f6a,2026-02-23T00:00:00Z/2026-02-24T00:00:00Z,2026-02-23T00:00:00Z,2026-02-24T00:00:00Z,AmazonEC2,BoxUsage:r5.xlarge,RunInstances,12.9005,2.314919,2.225833,Usage,us-east-1,,,prod
3cd44f99-9b05-79fb-9811-c9707281223c,2026-02-23T00:00:00Z/2026-02-24T00:00:00Z,2026-02-23T00:00:00Z,2026-02-24T00:00:00Z,AmazonEC2,Other,RunInstances,17.7812,2.397678,2.282549,Usage,us-east-1,,,prod
698fc6d1-9ac9-0192-ba34-bb444214d79b,2026-02-23T00:00:00Z/2026-02-24T00:00:00Z,2026-02-23T00:00:00Z,2026-02-24T00:00:00Z,AmazonEC2,Other,RunInstances,21.111,2.669645,2.683138,Usage,us-east-1,,,prod
1bf49e5e-d871-342d-8247-097c43417134,2026-02-23T00:00:00Z/2026-02-24T00:00:00Z,2026-02-23T00:00:00Z,2026-02-24T00:00:00Z,AmazonEC2,Other,RunInstances,7.7832,2.100578,2.166396,Usage,us-east-1,,,prod
357b0e2d-7434-8118-6880-063dd3616ec8,2026-02-23T00:00:00Z/2026-02-24T00:00:00Z,2026-02-23T00:00:00Z,2026-02-24T00:00:00Z,AmazonEC2,Other,RunInstances,4.7527,2.502668,2.500315,Usage,us-east-1,,,prod
5c9c4a33-b62b-afa2-0254-8701eccb36ee,2026-02-23T00:00:00Z/2026-02-24T00:00:00Z,2026-02-23T00:00:00Z,2026-02-24T00:00:00Z,AmazonEC2,Other,RunInstances,8.7785,2.443007,2.417298,Usage,us-east-1,,,prod
08383cba-bd61-a6bf-e3a1-af2f0dc43880,2026-02-23T00:00:00Z/2026-02-24T00:00:00Z,2026-02-23T00:00:00Z,2026-02-24T00:00:00Z,AmazonEC2,Other,RunInstances,6.8637,2.477172,2.490825,Usage,us-east-1,,,prod
451cf127-38fd-71c3-91f9-11edb7f79be3,2026-02-23T00:00:00Z/2026-02-24T00:00:00Z,2026-02-23T00:00:00Z,2026-02-24T00:00:00Z,AmazonEC2,Other,RunInstances,15.9653,2.376534,2.309416,Usage,us-east-1,,,prod
e233e969-04a2-ad56-30b6-ef40a02d40d1,2026-02-23T00:00:00Z/2026-02-24T00:00:00Z,2026-02-23T00:00:00Z,2026-02-24T00:00:00Z,AmazonEC2,Other,RunInstances,3.9751,2.416621,2.533363,Usage,us-east-1,,,prod
cfe17ef0-8ac7-0b82-0344-6cd682675a61,2026-02-23T00:00:00Z/2026-02-24T00:00:00Z,2026-02-23T00:00:00Z,2026-02-24T00:00:00Z,AmazonEC2,Other,RunInstances,2.4031,2.50157,2.452487,Usage,us-east-1,,,prod
1514020c-dcea-bd5a-c40a-2b40b23fb8ee,2026-02-23T00:00:00Z/2026-02-24T00:00:00Z,2026-02-23T00:00:00Z,2026-02-24T00:00:00Z,AmazonEC2,Other,RunInstances,8.2622,2.309511,2.311235,Usage,us-east-1,,,prod
053fe20a-7bf9-3ede-7aa6-e0273f03d4e9,2026-02-23T00:00:00Z/2026-02-24T00:00:00Z,2026-02-23T00:00:00Z,2026-02-24T00:00:00Z,AmazonEC2,BoxUsage:m5.large,RunInstances,16.2312,64.142279,61.352204,Usage,us-east-1,,,prod
a7f23d32-4a64-3e97-9015-8a3f53673c7c,2026-02-23T00:00:00Z/2026-02-24T00:00:00Z,2026-02-23T00:00:00Z,2026-02-24T00:00:00Z,AmazonEC2,BoxUsage:m5.large,RunInstances,3.9716,62.983845,62.076535,Usage,us-east-1,,,prod
b20f3702-3188-5df6-036e-e7c5c491877d,2026-02-23T00:00:00Z/2026-02-24T00:00:00Z,2026-02-23T00:00:00Z,2026-02-24T00:00:00Z,AmazonEC2,BoxUsage:m5.large,RunInstances,16.7946,59.385045,58.923375,Usage,us-east-1,,,prod
f30c0203-b53b-de1a-f77d-4f41f3ad2822,2026-02-23T00:00:00Z/2026-02-24T00:00:00Z,2026-02-23T00:00:00Z,2026-02-24T00:00:00Z,AmazonEC2,BoxUsage:m5.large,RunInstances,7.8202,55.439046,56.399981,Usage,us-east-1,,,prod
3863196f-4f84-efd6-38d7-a386d5b42634,2026-02-23T00:00:00Z/2026-02-24T00:00:00Z,2026-02-23T00:00:00Z,2026-02-24T00:00:00Z,AmazonEC2,BoxUsage:m5.large,RunInstances,4.3437,63.385272,61.666986,Usage,us-east-1,,,prod
deaa405c-4083-81eb-556b-9785e9ba296e,2026-02-23T00:00:00Z/2026-02-24T00:00:00Z,2026-02-23T00:00:00Z,2026-02-24T00:00:00Z,AmazonEC2,Other,RunInstances,9.4689,50.799853,49.739656,Usage,us-east-1,,,prod
58389726-3a30-23d1-de2a-460c252f9396,2026-02-23T00:00:00Z/2026-02-24T00:00:00Z,2026-02-23T00:00:00Z,2026-02-24T00:00:00Z,AmazonEC2,Other,RunInstances,1.1174,63.561578,64.361953,Usage,us-east-1,,,prod
f5566335-67f4-659f-9236-03e722e1b5a8,2026-02-23T00:00:00Z/2026-02-24T00:00:00Z,2026-02-23T00:00:00Z,2026-02-24T00:00:00Z,AmazonEC2,Other,RunInstances,2.3582,58.368489,61.231865,Usage,us-east-1,,,prod
7e12fda5-6c2c-438c-d69b-25bc5eb3cac0,2026-02-23T00:00:00Z/2026-02-24T00:00:00Z,2026-02-23T00:00:00Z,2026-02-24T00:00:00Z,AmazonEC2,Other,RunInstances,4.2546,50.765179,52.327228,Usage,us-east-1,,,prod
d2b7ea40-ee4e-173a-83df-962bbb957a61,2026-02-23T00:00:00Z/2026-02-24T00:00:00Z,2026-02-23T00:00:00Z,2026-02-24T00:00:00Z,AmazonEC2,Other,RunInstances,15.8147,62.909131,62.846272,Usage,us-east-1,,,prod
a8b6cae6-9d5d-7503-f680-2da95229ec39,2026-02-24T00:00:00Z/2026-02-25T00:00:00Z,2026-02-24T00:00:00Z,2026-02-25T00:00:00Z,AmazonEC2,BoxUsage:c5.xlarge,RunInstances,22.8532,2.333868,2.307938,Usage,us-east-1,,,prod
c3217b10-961a-8c6e-18ef-0a3386843413,2026-02-24T00:00:00Z/2026-02-25T00:00:00Z,2026-02-24T00:00:00Z,2026-02-25T00:00:00Z,AmazonEC2,BoxUsage:c5.xlarge,RunInstances,17.3248,2.62129,2.736359,Usage,us-east-1,,,prod
37bec430-6039-9290-1b85-218d012b8041,2026-02-24T00:00:00Z/2026-02-25T00:00:00Z,2026-02-24T00:00:00Z,2026-02-25T00:00:00Z,AmazonEC2,BoxUsage:c5.xlarge,RunInstances,13.7064,2.042408,2.005611,Usage,us-east-1,,,prod
e9c7a31c-40e3-b96a-aa71-21fc4e412e99,2026-02-24T00:00:00Z/2026-02-25T00:00:00Z,2026-02-24T00:00:00Z,2026-02-25T00:00:00Z,AmazonEC2,BoxUsage:c5.xlarge,RunInstances,23.8264,2.493397,2.374531,Usage,us-east-1,,,prod
3a04786e-2943-df32-32dc-142c737a6953,2026-02-24T00:00:00Z/2026-02-25T00:00:00Z,2026-02-24T00:00:00Z,2026-02-25T00:00:00Z,AmazonEC2,BoxUsage:c5.xlarge,RunInstances,18.7525,2.544836,2.653929,Usage,us-east-1,,,prod
eecc7182-01bc-74a9-fde7-546f35a999b1,2026-02-24T00:00:00Z/2026-02-25T00:00:00Z,2026-02-24T00:00:00Z,2026-02-25T00:00:00Z,AmazonEC2,BoxUsage:r5.xlarge,RunInstances,4.4174,2.1255,2.059397,Usage,us-east-1,,,prod
8b72a796-6d04-02dc-26f7-83ff369caccc,2026-02-24T00:00:00Z/2026-02-25T00:00:00Z,2026-02-24T00:00:00Z,2026-02-25T00:00:00Z,AmazonEC2,BoxUsage:r5.xlarge,RunInstances,18.5926,2.361282,2.294915,Usage,us-east-1,,,prod
ab60b196-e482-8de0-4bd3-2c0f011271a9,2026-02-24T00:00:00Z/2026-02-25T00:00:00Z,2026-02-24T00:00:00Z,2026-02-25T00:00:00Z,AmazonEC2,BoxUsage:r5.xlarge,RunInstances,6.3752,2.157244,2.239774,Usage,us-east-1,,,prod
1f6f2c18-4a56-24b8-4ed2-3635b145d51d,2026-02-24T00:00:00Z/2026-02-25T00:00:00Z,2026-02-24T00:00:00Z,2026-02-25T00:00:00Z,AmazonEC2,BoxUsage:r5.xlarge,RunInstances,22.725,2.018316,2.014632,Usage,us-east-1,,,prod
ca4108ef-c447-8d2d-2bd5-6d12d5cf09d0,2026-02-24T00:00:00Z/2026-02-25T00:00:00Z,2026-02-24T00:00:00Z,2026-02-25T00:00:00Z,AmazonEC2,BoxUsage:r5.xlarge,RunInstances,17.4288,2.30744,2.331606,Usage,us-east-1,,,prod
0c258a4b-271f-9dd3-75f4-792c85c21d94,2026-02-24T00:00:00Z/2026-02-25T00:00:00Z,2026-02-24T00:00:00Z,2026-02-25T00:00:00Z,AmazonEC2,Other,RunInstances,11.6217,2.514634,2.633778,Usage,us-east-1,,,prod
66881f3d-f3d9-97e5-546b-8b7c6b637108,2026-02-24T00:00:00Z/2026-02-25T00:00:00Z,2026-02-24T00:00:00Z,2026-02-25T00:00:00Z,AmazonEC2,Other,RunInstances,15.8287,2.153338,2.101272,Usage,us-east-1,,,prod
158069d2-e429-74c1-d681-32f24dad13b3,2026-02-24T00:00:00Z/2026-02-25T00:00:00Z,2026-02-24T00:00:00Z,2026-02-25T00:00:00Z,AmazonEC2,Other,RunInstances,4.7846,2.063977,2.097033,Usage,us-east-1,,,prod
aee95466-d1ae-bf16-1be0-04568b6b07cf,2026-02-24T00:00:00Z/2026-02-25T00:00:00Z,2026-02-24T00:00:00Z,2026-02-25T00:00:00Z,AmazonEC2,Other,RunInstances,6.2374,2.253694,2.209246,Usage,us-east-1,,,prod
63ef435a-418e-8e8a-4e2e-3070f4cc4dd3,2026-02-24T00:00:00Z/2026-02-25T00:00:00Z,2026-02-24T00:00:00Z,2026-02-25T00:00:00Z,AmazonEC2,Other,RunInstances,19.6981,2.257639,2.24831,Usage,us-east-1,,,prod
af60b3fd-840a-4ae4-7cd2-e6b25338944c,2026-02-24T00:00:00Z/2026-02-25T00:00:00Z,2026-02-24T00:00:00Z,2026-02-25T00:00:00Z,AmazonEC2,Other,RunInstances,3.945,2.11411,2.212054,Usage,us-east-1,,,prod
bf365b95-9278-5aa4-2409-9b5ca9fc3cf3,2026-02-24T00:00:00Z/2026-02-25T00:00:00Z,2026-02-24T00:00:00Z,2026-02-25T00:00:00Z,AmazonEC2,Other,RunInstances,17.3103,2.616152,2.711601,Usage,us-east-1,,,prod
b98ff7ac-eeeb-bf05-05bc-549b35093869,2026-02-24T00:00:00Z/2026-02-25T00:00:00Z,2026-02-24T00:00:00Z,2026-02-25T00:00:00Z,AmazonEC2,Other,RunInstances,1.728,2.343861,2.289671,Usage,us-east-1,,,prod
f42ad370-fecd-b502-9a11-d31ba291726c,2026-02-24T00:00:00Z/2026-02-25T00:00:00Z,2026-02-24T00:00:00Z,2026-02-25T00:00:00Z,AmazonEC2,Other,RunInstances,20.0751,2.113113,2.062235,Usage,us-east-1,,,prod
2b9632b0-e185-ad07-2f8a-b57eba7cafe4,2026-02-24T00:00:00Z/2026-02-25T00:00:00Z,2026-02-24T00:00:00Z,2026-02-25T00:00:00Z,AmazonEC2,Other,RunInstances,18.4462,2.437269,2.472298,Usage,us-east-1,,,prod
d617c864-c3fc-ebc4-aaf2-86973b431023,2026-02-24T00:00:00Z/2026-02-25T00:00:00Z,2026-02-24T00:00:00Z,2026-02-25T00:00:00Z,AmazonEC2,BoxUsage:m5.large,RunInstances,9.8197,64.442863,67.275782,Usage,us-east-1,,,prod
5493168b-085c-8e31-f0f5-1d3d07318dd0,2026-02-24T00:00:00Z/2026-02-25T00:00:00Z,2026-02-24T00:00:00Z,2026-02-25T00:00:00Z,AmazonEC2,BoxUsage:m5.large,RunInstances,4.871,57.225922,56.825572,Usage,us-east-1,,,prod
0e5ae0c1-3c78-1939-9207-a3406cb9511d,2026-02-24T00:00:00Z/2026-02-25T00:00:00Z,2026-02-24T00:00:00Z,2026-02-25T00:00:00Z,AmazonEC2,BoxUsage:m5.large,RunInstances,15.836,67.731347,70.345857,Usage,us-east-1,,,prod
ab7dbd6a-d2dd-397c-9ec9-475c154d37d8,2026-02-24T00:00:00Z/2026-02-25T00:00:00Z,2026-02-24T00:00:00Z,2026-02-25T00:00:00Z,AmazonEC2,BoxUsage:m5.large,RunInstances,18.7166,55.032868,57.663026,Usage,us-east-1,,,prod
32516be2-2f33-5f93-9ed5-82f401d5105d,2026-02-24T00:00:00Z/2026-02-25T00:00:00Z,2026-02-24T00:00:00Z,2026-02-25T00:00:00Z,AmazonEC2,BoxUsage:m5.large,RunInstances,22.3211,52.852408,54.550176,Usage,us-east-1,,,prod
fd2f127f-c05c-f54b-39eb-df5e9fa1beff,2026-02-24T00:00:00Z/2026-02-25T00:00:00Z,2026-02-24T00:00:00Z,2026-02-25T00:00:00Z,AmazonEC2,Other,RunInstances,10.5386,66.580471,67.776244,Usage,us-east-1,,,prod
64ef3663-62de-8870-0366-e64026c5adbf,2026-02-24T00:00:00Z/2026-02-25T00:00:00Z,2026-02-24T00:00:00Z,2026-02-25T00:00:00Z,AmazonEC2,Other,RunInstances,20.9165,60.147821,57.158192,Usage,us-east-1,,,prod
58f9557d-477e-8341-66fb-f075446e848a,2026-02-24T00:00:00Z/2026-02-25T00:00:00Z,2026-02-24T00:00:00Z,2026-02-25T00:00:00Z,AmazonEC2,Other,RunInstances,18.0607,55.273115,52.554652,Usage,us-east-1,,,prod
54fbffdb-86cd-49d0-7cef-1c378d08cd22,2026-02-24T00:00:00Z/2026-02-25T00:00:00Z,2026-02-24T00:00:00Z,2026-02-25T00:00:00Z,AmazonEC2,Other,RunInstances,10.6053,64.215955,65.540174,Usage,us-east-1,,,prod
ee7c90b2-65e3-2b94-e567-40476490203e,2026-02-24T00:00:00Z/2026-02-25T00:00:00Z,2026-02-24T00:00:00Z,2026-02-25T00:00:00Z,AmazonEC2,Other,RunInstances,10.498,58.137808,56.976789,Usage,us-east-1,,,prod
8ebf4568-71a3-5c69-695a-9c192f3bc912,2026-02-25T00:00:00Z/2026-02-26T00:00:00Z,2026-02-25T00:00:00Z,2026-02-26T00:00:00Z,AmazonEC2,BoxUsage:c5.xlarge,RunInstances,2.2979,2.165749,2.150923,Usage,us-east-1,,,prod
61bd0a71-f649-ffb5-c1f8-5b473c1c4c0c,2026-02-25T00:00:00Z/2026-02-26T00:00:00Z,2026-02-25T00:00:00Z,2026-02-26T00:00:00Z,AmazonEC2,BoxUsage:c5.xlarge,RunInstances,19.5866,2.002503,2.047262,Usage,us-east-1,,,prod
7d389ff9-ac2f-a307-6660-cef261ccea5f,2026-02-25T00:00:00Z/2026-02-26T00:00:00Z,2026-02-25T00:00:00Z,2026-02-26T00:00:00Z,AmazonEC2,BoxUsage:c5.xlarge,RunInstances,20.6728,2.184393,2.197025,Usage,us-east-1,,,prod
4873eaed-caea-ddec-6341-59526a6d5dab,2026-02-25T00:00:00Z/2026-02-26T00:00:00Z,2026-02-25T00:00:00Z,2026-02-26T00:00:00Z,AmazonEC2,BoxUsage:c5.xlarge,RunInstances,5.8787,2.565718,2.678623,Usage,us-east-1,,,prod
8a617f58-5bf8-626f-cd68-03a3f0249d31,2026-02-25T00:00:00Z/2026-02-26T00:00:00Z,2026-02-25T00:00:00Z,2026-02-26T00:00:00Z,AmazonEC2,BoxUsage:c5.xlarge,RunInstances,6.1787,2.607816,2.65597,Usage,us-east-1,,,prod
a60f7ac6-738a-9999-4605-877d25d5dcae,2026-02-25T00:00:00Z/2026-02-26T00:00:00Z,2026-02-25T00:00:00Z,2026-02-26T00:00:00Z,AmazonEC2,BoxUsage:r5.xlarge,RunInstances,6.2909,2.65435,2.77629,Usage,us-east-1,,,prod
04010194-b5a3-b93e-a906-58c90a1adbbe,2026-02-25T00:00:00Z/2026-02-26T00:00:00Z,2026-02-25T00:00:00Z,2026-02-26T00:00:00Z,AmazonEC2,BoxUsage:r5.xlarge,RunInstances,7.2766,2.271434,2.17986,Usage,us-east-1,,,prod
2db1199f-aeb0-e3df-bd23-d3ec4d32ed67,2026-02-25T00:00:00Z/2026-02-26T00:00:00Z,2026-02-25T00:00:00Z,2026-02-26T00:00:00Z,AmazonEC2,BoxUsage:r5.xlarge,RunInstances,3.5024,2.584064,2.561677,Usage,us-east-1,,,prod
764cb437-f719-6e9e-327d-45ba0b96cbab,2026-02-25T00:00:00Z/2026-02-26T00:00:00Z,2026-02-25T00:00:00Z,2026-02-26T00:00:00Z,AmazonEC2,BoxUsage:r5.xlarge,RunInstances,15.5711,2.34136,2.416587,Usage,us-east-1,,,prod
0a0a489e-3f99-4485-236b-dc7d1443f881,2026-02-25T00:00:00Z/2026-02-26T00:00:00Z,2026-02-25T00:00:00Z,2026-02-26T00:00:00Z,AmazonEC2,BoxUsage:r5.xlarge,RunInstances,23.3588,2.374801,2.366529,Usage,us-east-1,,,prod
fa2df768-e7ee-b694-487e-0f8c1bd7b0fe,2026-02-25T00:00:00Z/2026-02-26T00:00:00Z,2026-02-25T00:00:00Z,2026-02-26T00:00:00Z,AmazonEC2,Other,RunInstances,11.9591,2.254421,2.336237,Usage,us-east-1,,,prod
debfa2bc-33ec-daa8-1d8b-0b44f1eeb2a4,2026-02-25T00:00:00Z/2026-02-26T00:00:00Z,2026-02-25T00:00:00Z,2026-02-26T00:00:00Z,AmazonEC2,Other,RunInstances,20.9385,2.074763,1.988952,Usage,us-east-1,,,prod
fce971ca-9123-72e3-d55f-06de3325c0f4,2026-02-25T00:00:00Z/2026-02-26T00:00:00Z,2026-02-25T00:00:00Z,2026-02-26T00:00:00Z,AmazonEC2,Other,RunInstances,15.1627,2.345196,2.434131,Usage,us-east-1,,,prod
72baabff-e42d-51c9-0769-85eb37bee8e9,2026-02-25T00:00:00Z/2026-02-26T00:00:00Z,2026-02-25T00:00:00Z,2026-02-26T00:00:00Z,AmazonEC2,Other,RunInstances,22.8357,2.287223,2.277421,Usage,us-east-1,,,prod
2450bdb3-a21c-5961-d809-17afb68ecc78,2026-02-25T00:00:00Z/2026-02-26T00:00:00Z,2026-02-25T00:00:00Z,2026-02-26T00:00:00Z,AmazonEC2,Other,RunInstances,23.4781,2.595329,2.650663,Usage,us-east-1,,,prod
066063d2-cd7f-cd69-29a2-1553fce296f1,2026-02-25T00:00:00Z/2026-02-26T00:00:00Z,2026-02-25T00:00:00Z,2026-02-26T00:00:00Z,AmazonEC2,Other,RunInstances,12.3523,2.197279,2.29939,Usage,us-east-1,,,prod
d9445a41-7430-f3bc-dbe7-5d3a3d766e47,2026-02-25T00:00:00Z/2026-02-26T00:00:00Z,2026-02-25T00:00:00Z,2026-02-26T00:00:00Z,AmazonEC2,Other,RunInstances,10.0593,2.539834,2.570346,Usage,us-east-1,,,prod
ad49feeb-1d3c-730b-574e-802dad5b57e8,2026-02-25T00:00:00Z/2026-02-26T00:00:00Z,2026-02-25T00:00:00Z,2026-02-26T00:00:00Z,AmazonEC2,Other,RunInstances,1.4051,2.590637,2.583394,Usage,us-east-1,,,prod
4156715d-6cf7-6453-3deb-e2ff22be08cd,2026-02-25T00:00:00Z/2026-02-26T00:00:00Z,2026-02-25T00:00:00Z,2026-02-26T00:00:00Z,AmazonEC2,Other,RunInstances,11.3828,2.376169,2.482824,Usage,us-east-1,,,prod
b0822079-c3ee-78c8-bef2-86dbadbf73ce,2026-02-25T00:00:00Z/2026-02-26T00:00:00Z,2026-02-25T00:00:00Z,2026-02-26T00:00:00Z,AmazonEC2,Other,RunInstances,22.7925,2.038606,2.083388,Usage,us-east-1,,,prod
161ee3c5-9601-c75c-7059-4f9146d16f6c,2026-02-25T00:00:00Z/2026-02-26T00:00:00Z,2026-02-25T00:00:00Z,2026-02-26T00:00:00Z,AmazonEC2,BoxUsage:m5.large,RunInstances,6.0579,54.699133,55.374203,Usage,us-east-1,,,prod
90cb1c8e-2d60-5d13-1cc4-6c5fd8e185dd,2026-02-25T00:00:00Z/2026-02-26T00:00:00Z,2026-02-25T00:00:00Z,2026-02-26T00:00:00Z,AmazonEC2,BoxUsage:m5.large,RunInstances,7.5088,63.623696,66.618029,Usage,us-east-1,,,prod
d14d6110-0d43-abb9-deda-88f0514d6808,2026-02-25T00:00:00Z/2026-02-26T00:00:00Z,2026-02-25T00:00:00Z,2026-02-26T00:00:00Z,AmazonEC2,BoxUsage:m5.large,RunInstances,12.5497,54.171337,54.40025,Usage,us-east-1,,,prod
bb5ad799-893e-0435-309f-92c632f93f45,2026-02-25T00:00:00Z/2026-02-26T00:00:00Z,2026-02-25T00:00:00Z,2026-02-26T00:00:00Z,AmazonEC2,BoxUsage:m5.large,RunInstances,14.5335,65.072523,67.059413,Usage,us-east-1,,,prod
8b11e65a-0075-7318-3083-07e0e5c8f751,2026-02-25T00:00:00Z/2026-02-26T00:00:00Z,2026-02-25T00:00:00Z,2026-02-26T00:00:00Z,AmazonEC2,BoxUsage:m5.large,RunInstances,21.7604,61.282992,61.4927,Usage,us-east-1,,,prod
7b6eefbe-7af9-134f-e542-b4919e68e5e6,2026-02-25T00:00:00Z/2026-02-26T00:00:00Z,2026-02-25T00:00:00Z,2026-02-26T00:00:00Z,AmazonEC2,Other,RunInstances,19.5032,66.02963,68.016131,Usage,us-east-1,,,prod
dc5ec7d2-11a0-0f43-adc4-971250a8e57b,2026-02-25T00:00:00Z/2026-02-26T00:00:00Z,2026-02-25T00:00:00Z,2026-02-26T00:00:00Z,AmazonEC2,Other,RunInstances,14.8037,59.84329,57.412095,Usage,us-east-1,,,prod
3c96c927-f379-5b97-5c5b-badb01a63ada,2026-02-25T00:00:00Z/2026-02-26T00:00:00Z,2026-02-25T00:00:00Z,2026-02-26T00:00:00Z,AmazonEC2,Other,RunInstances,15.4472,60.123145,60.198084,Usage,us-east-1,,,prod
29aea87d-d953-33ff-c949-a4e1df6cd591,2026-02-25T00:00:00Z/2026-02-26T00:00:00Z,2026-02-25T00:00:00Z,2026-02-26T00:00:00Z,AmazonEC2,Other,RunInstances,3.4433,67.016553,68.24625,Usage,us-east-1,,,prod
b69fa613-5d3c-dc4e-5139-f521734bb685,2026-02-25T00:00:00Z/2026-02-26T00:00:00Z,2026-02-25T00:00:00Z,2026-02-26T00:00:00Z,AmazonEC2,Other,RunInstances,20.8447,55.407784,55.698873,Usage,us-east-1,,,prod
b2200a65-f917-1880-32bf-1187aec61412,2026-02-26T00:00:00Z/2026-02-27T00:00:00Z,2026-02-26T00:00:00Z,2026-02-27T00:00:00Z,AmazonEC2,BoxUsage:c5.xlarge,RunInstances,4.7401,2.642285,2.684232,Usage,us-east-1,,,prod
d455654f-2bee-8351-7feb-44ff48324a48,2026-02-26T00:00:00Z/2026-02-27T00:00:00Z,2026-02-26T00:00:00Z,2026-02-27T00:00:00Z,AmazonEC2,BoxUsage:c5.xlarge,RunInstances,7.8438,2.092389,2.139727,Usage,us-east-1,,,prod
136074d0-286b-b922-ab22-301c2d0d46f1,2026-02-26T00:00:00Z/2026-02-27T00:00:00Z,2026-02-26T00:00:00Z,2026-02-27T00:00:00Z,AmazonEC2,BoxUsage:c5.xlarge,RunInstances,19.1898,2.224764,2.239682,Usage,us-east-1,,,prod
c90a3124-5c70-8101-27b3-29ef381ec27a,2026-02-26T00:00:00Z/2026-02-27T00:00:00Z,2026-02-26T00:00:00Z,2026-02-27T00:00:00Z,AmazonEC2,BoxUsage:c5.xlarge,RunInstances,15.1683,2.504281,2.550973,Usage,us-east-1,,,prod
f18d4a6e-a907-95a5-7020-97e65c242d18,2026-02-26T00:00:00Z/2026-02-27T00:00:00Z,2026-02-26T00:00:00Z,2026-02-27T00:00:00Z,AmazonEC2,BoxUsage:c5.xlarge,RunInstances,3.059,2.472309,2.388251,Usage,us-east-1,,,prod
b6f001d9-1121-6bb4-080e-e11e5040b4e6,2026-02-26T00:00:00Z/2026-02-27T00:00:00Z,2026-02-26T00:00:00Z,2026-02-27T00:00:00Z,AmazonEC2,BoxUsage:r5.xlarge,RunInstances,16.8117,2.423931,2.528964,Usage,us-east-1,,,prod
fec4d16f-6133-d316-7b88-424fd082c878,2026-02-26T00:00:00Z/2026-02-27T00:00:00Z,2026-02-26T00:00:00Z,2026-02-27T00:00:00Z,AmazonEC2,BoxUsage:r5.xlarge,RunInstances,6.1991,2.256261,2.241928,Usage,us-east-1,,,prod
1b017120-6f81-aac8-9c84-79df650d79de,2026-02-26T00:00:00Z/2026-02-27T00:00:00Z,2026-02-26T00:00:00Z,2026-02-27T00:00:00Z,AmazonEC2,BoxUsage:r5.xlarge,RunInstances,9.3478,2.360055,2.428865,Usage,us-east-1,,,prod
14611083-0cca-36b8-f154-797f1383b034,2026-02-26T00:00:00Z/2026-02-27T00:00:00Z,2026-02-26T00:00:00Z,2026-02-27T00:00:00Z,AmazonEC2,BoxUsage:r5.xlarge,RunInstances,14.4232,2.381253,2.313473,Usage,us-east-1,,,prod
697fa94d-3f44-1587-73ab-cbf678b63a8b,2026-02-26T00:00:00Z/2026-02-27T00:00:00Z,2026-02-26T00:00:00Z,2026-02-27T00:00:00Z,AmazonEC2,BoxUsage:r5.xlarge,RunInstances,20.0003,2.646819,2.774016,Usage,us-east-1,,,prod
ffe594ef-ddc4-f013-f12f-6fad0f94a63c,2026-02-26T00:00:00Z/2026-02-27T00:00:00Z,2026-02-26T00:00:00Z,2026-02-27T00:00:00Z,AmazonEC2,Other,RunInstances,17.7995,2.61646,2.516418,Usage,us-east-1,,,prod
aa4cb5c7-4481-8b15-0872-f843329946c0,2026-02-26T00:00:00Z/2026-02-27T00:00:00Z,2026-02-26T00:00:00Z,2026-02-27T00:00:00Z,AmazonEC2,Other,RunInstances,19.3533,2.456055,2.389787,Usage,us-east-1,,,prod
e737ba03-a85f-6e9b-da4d-2a87c9ac0eb6,2026-02-26T00:00:00Z/2026-02-27T00:00:00Z,2026-02-26T00:00:00Z,2026-02-27T00:00:00Z,AmazonEC2,Other,RunInstances,16.9366,2.521964,2.595369,Usage,us-east-1,,,prod
1676f9d1-5c73-0ebb-23c9-56885d889848,2026-02-26T00:00:00Z/2026-02-27T00:00:00Z,2026-02-26T00:00:00Z,2026-02-27T00:00:00Z,AmazonEC2,Other,RunInstances,14.5386,2.088229,2.093109,Usage,us-east-1,,,prod
cf1abf0d-3925-fbeb-fdd3-05dd4ff25a0a,2026-02-26T00:00:00Z/2026-02-27T00:00:00Z,2026-02-26T00:00:00Z,2026-02-27T00:00:00Z,AmazonEC2,Other,RunInstances,5.6144,2.020804,1.935805,Usage,us-east-1,,,prod
9da411c4-969b-dc52-35ec-47423eaf40ac,2026-02-26T00:00:00Z/2026-02-27T00:00:00Z,2026-02-26T00:00:00Z,2026-02-27T00:00:00Z,AmazonEC2,Other,RunInstances,17.8378,2.538788,2.421323,Usage,us-east-1,,,prod
af030903-386e-0bb9-02e8-9eea484d9228,2026-02-26T00:00:00Z/2026-02-27T00:00:00Z,2026-02-26T00:00:00Z,2026-02-27T00:00:00Z,AmazonEC2,Other,RunInstances,10.8784,2.655795,2.653548,Usage,us-east-1,,,prod
c9dd5c51-ed0d-da66-7b5e-0c1b3be8a9f3,2026-02-26T00:00:00Z/2026-02-27T00:00:00Z,2026-02-26T00:00:00Z,2026-02-27T00:00:00Z,AmazonEC2,Other,RunInstances,16.287,2.241346,2.28748,Usage,us-east-1,,,prod
d6199160-4ad5-de04-d8a8-71b74008540b,2026-02-26T00:00:00Z/2026-02-27T00:00:00Z,2026-02-26T00:00:00Z,2026-02-27T00:00:00Z,AmazonEC2,Other,RunInstances,10.1297,2.06786,2.143583,Usage,us-east-1,,,prod
44c922f7-e1e4-8397-35b2-f24e576894fb,2026-02-26T00:00:00Z/2026-02-27T00:00:00Z,2026-02-26T00:00:00Z,2026-02-27T00:00:00Z,AmazonEC2,Other,RunInstances,14.1401,2.190071,2.085287,Usage,us-east-1,,,prod
3525eea1-2cd7-1501-f144-8870b6bded95,2026-02-26T00:00:00Z/2026-02-27T00:00:00Z,2026-02-26T00:00:00Z,2026-02-27T00:00:00Z,AmazonEC2,BoxUsage:m5.large,RunInstances,21.0606,67.965219,65.533334,Usage,us-east-1,,,prod
ca306ae9-e0c2-2007-8983-9f18e4c75bf8,2026-02-26T00:00:00Z/2026-02-27T00:00:00Z,2026-02-26T00:00:00Z,2026-02-27T00:00:00Z,AmazonEC2,BoxUsage:m5.large,RunInstances,13.9277,57.307762,55.352377,Usage,us-east-1,,,prod
0ce09bc6-28f0-5d5c-5e7b-209589b97c75,2026-02-26T00:00:00Z/2026-02-27T00:00:00Z,2026-02-26T00:00:00Z,2026-02-27T00:00:00Z,AmazonEC2,BoxUsage:m5.large,RunInstances,19.6925,56.128881,56.298377,Usage,us-east-1,,,prod
9d3c3af8-ff7f-6a94-44ce-347f2676a978,2026-02-26T00:00:00Z/2026-02-27T00:00:00Z,2026-02-26T00:00:00Z,2026-02-27T00:00:00Z,AmazonEC2,BoxUsage:m5.large,RunInstances,20.0953,65.485432,63.80288,Usage,us-east-1,,,prod
643e18aa-81d5-63df-310c-ae265168df21,2026-02-26T00:00:00Z/2026-02-27T00:00:00Z,2026-02-26T00:00:00Z,2026-02-27T00:00:00Z,AmazonEC2,BoxUsage:m5.large,RunInstances,3.0568,60.602658,63.536103,Usage,us-east-1,,,prod
845e9bf7-1f97-53d0-c93c-d661c58a85a0,2026-02-26T00:00:00Z/2026-02-27T00:00:00Z,2026-02-26T00:00:00Z,2026-02-27T00:00:00Z,AmazonEC2,Other,RunInstances,6.7211,55.64958,56.700212,Usage,us-east-1,,,prod
d561e669-b4c8-0d0b-2c41-93e01eda4423,2026-02-26T00:00:00Z/2026-02-27T00:00:00Z,2026-02-26T00:00:00Z,2026-02-27T00:00:00Z,AmazonEC2,Other,RunInstances,22.0191,58.885692,57.553073,Usage,us-east-1,,,prod
0db52f18-9d41-874f-6821-49cf086ec88a,2026-02-26T00:00:00Z/2026-02-27T00:00:00Z,2026-02-26T00:00:00Z,2026-02-27T00:00:00Z,AmazonEC2,Other,RunInstances,4.7914,62.952603,61.25724,Usage,us-east-1,,,prod
f80dcb05-d986-2b8a-0ee6-6e0719e5b98e,2026-02-26T00:00:00Z/2026-02-27T00:00:00Z,2026-02-26T00:00:00Z,2026-02-27T00:00:00Z,AmazonEC2,Other,RunInstances,10.1416,61.887711,63.545656,Usage,us-east-1,,,prod
9906d18c-a80a-1d80-826b-9f74ee47280e,2026-02-26T00:00:00Z/2026-02-27T00:00:00Z,2026-02-26T00:00:00Z,2026-02-27T00:00:00Z,AmazonEC2,Other,RunInstances,21.2704,54.052536,56.641423,Usage,us-east-1,,,prod
ec57b403-d39a-e15c-1a24-30203a9600d2,2026-02-27T00:00:00Z/2026-02-28T00:00:00Z,2026-02-27T00:00:00Z,2026-02-28T00:00:00Z,AmazonEC2,BoxUsage:c5.xlarge,RunInstances,4.7879,2.461353,2.351741,Usage,us-east-1,,,prod
a9ff35a5-5f54-d041-60b2-50f21e9d6cb7,2026-02-27T00:00:00Z/2026-02-28T00:00:00Z,2026-02-27T00:00:00Z,2026-02-28T00:00:00Z,AmazonEC2,BoxUsage:c5.xlarge,RunInstances,23.4191,2.385607,2.278004,Usage,us-east-1,,,prod
023f7fd2-1fea-229f-1b7a-144775113dbf,2026-02-27T00:00:00Z/2026-02-28T00:00:00Z,2026-02-27T00:00:00Z,2026-02-28T00:00:00Z,AmazonEC2,BoxUsage:c5.xlarge,RunInstances,11.8374,2.525116,2.613781,Usage,us-east-1,,,prod
4a4f7150-4397-d417-8e53-953271b220fe,2026-02-27T00:00:00Z/2026-02-28T00:00:00Z,2026-02-27T00:00:00Z,2026-02-28T00:00:00Z,AmazonEC2,BoxUsage:c5.xlarge,RunInstances,12.5686,2.556884,2.655217,Usage,us-east-1,,,prod
19196876-9035-1445-82b0-31d391b50158,2026-02-27T00:00:00Z/2026-02-28T00:00:00Z,2026-02-27T00:00:00Z,2026-02-28T00:00:00Z,AmazonEC2,BoxUsage:c5.xlarge,RunInstances,18.721,2.230032,2.253321,Usage,us-east-1,,,prod
919ef296-2ccf-f7cc-915b-4e6748818420,2026-02-27T00:00:00Z/2026-02-28T00:00:00Z,2026-02-27T00:00:00Z,2026-02-28T00:00:00Z,AmazonEC2,BoxUsage:r5.xlarge,RunInstances,8.7931,2.123237,2.091967,Usage,us-east-1,,,prod
a52af712-0274-3b38-de45-185aaf7115a7,2026-02-27T00:00:00Z/2026-02-28T00:00:00Z,2026-02-27T00:00:00Z,2026-02-28T00:00:00Z,AmazonEC2,BoxUsage:r5.xlarge,RunInstances,15.1398,2.470776,2.403435,Usage,us-east-1,,,prod
3493436f-adc1-8e8f-0665-6a22bc6f1458,2026-02-27T00:00:00Z/2026-02-28T00:00:00Z,2026-02-27T00:00:00Z,2026-02-28T00:00:00Z,AmazonEC2,BoxUsage:r5.xlarge,RunInstances,9.102,2.26189,2.269601,Usage,us-east-1,,,prod
ccd8d17b-826c-989a-e53f-9b4174d53014,2026-02-27T00:00:00Z/2026-02-28T00:00:00Z,2026-02-27T00:00:00Z,2026-02-28T00:00:00Z,AmazonEC2,BoxUsage:r5.xlarge,RunInstances,17.9558,2.037272,2.129356,Usage,us-east-1,,,prod
f482c9ee-a62b-3a3e-46af-dc9fada585cf,2026-02-27T00:00:00Z/2026-02-28T00:00:00Z,2026-02-27T00:00:00Z,2026-02-28T00:00:00Z,AmazonEC2,BoxUsage:r5.xlarge,RunInstances,5.0659,2.660362,2.579665,Usage,us-east-1,,,prod
946368bb-4ec7-4779-1a04-baa4344563c2,2026-02-27T00:00:00Z/2026-02-28T00:00:00Z,2026-02-27T00:00:00Z,2026-02-28T00:00:00Z,AmazonEC2,Other,RunInstances,17.4983,2.471933,2.555587,Usage,us-east-1,,,prod
a629b031-a49d-48e0-8508-a5b166faa657,2026-02-27T00:00:00Z/2026-02-28T00:00:00Z,2026-02-27T00:00:00Z,2026-02-28T00:00:00Z,AmazonEC2,Other,RunInstances,17.5898,2.299179,2.382196,Usage,us-east-1,,,prod
d0999b74-4dec-ba07-72eb-1a0eac11eac5,2026-02-27T00:00:00Z/2026-02-28T00:00:00Z,2026-02-27T00:00:00Z,2026-02-28T00:00:00Z,AmazonEC2,Other,RunInstances,3.0016,2.033747,2.033062,Usage,us-east-1,,,prod
7de358e1-4d77-d733-f237-4d1f14709de1,2026-02-27T00:00:00Z/2026-02-28T00:00:00Z,2026-02-27T00:00:00Z,2026-02-28T00:00:00Z,AmazonEC2,Other,RunInstances,19.3148,2.66851,2.597637,Usage,us-east-1,,,prod
4914cdd1-d566-2b7b-699f-b65b1b664e71,2026-02-27T00:00:00Z/2026-02-28T00:00:00Z,2026-02-27T00:00:00Z,2026-02-28T00:00:00Z,AmazonEC2,Other,RunInstances,3.1563,2.343818,2.355515,Usage,us-east-1,,,prod
b82874f4-e569-50af-d0fa-694d3ba87577,2026-02-27T00:00:00Z/2026-02-28T00:00:00Z,2026-02-27T00:00:00Z,2026-02-28T00:00:00Z,AmazonEC2,Other,RunInstances,6.9551,2.297978,2.394501,Usage,us-east-1,,,prod
db08083d-d21d-d6bb-1ffc-f09a4a3c3776,2026-02-27T00:00:00Z/2026-02-28T00:00:00Z,2026-02-27T00:00:00Z,2026-02-28T00:00:00Z,AmazonEC2,Other,RunInstances,19.107,2.48626,2.492442,Usage,us-east-1,,,prod
4d9a0a4d-51ec-fbde-d26c-94e62fdee262,2026-02-27T00:00:00Z/2026-02-28T00:00:00Z,2026-02-27T00:00:00Z,2026-02-28T00:00:00Z,AmazonEC2,Other,RunInstances,20.9439,2.215161,2.180813,Usage,us-east-1,,,prod
65fe72fe-3a82-3bcc-ccd1-4d6e44a6d99c,2026-02-27T00:00:00Z/2026-02-28T00:00:00Z,2026-02-27T00:00:00Z,2026-02-28T00:00:00Z,AmazonEC2,Other,RunInstances,22.8456,2.603871,2.52139,Usage,us-east-1,,,prod
96953cd1-469e-e4d4-1327-277c3ad25ffa,2026-02-27T00:00:00Z/2026-02-28T00:00:00Z,2026-02-27T00:00:00Z,2026-02-28T00:00:00Z,AmazonEC2,Other,RunInstances,2.3811,2.229612,2.175206,Usage,us-east-1,,,prod
0cff6c98-0f07-2a77-6ecb-83de8c59fa4f,2026-02-27T00:00:00Z/2026-02-28T00:00:00Z,2026-02-27T00:00:00Z,2026-02-28T00:00:00Z,AmazonEC2,BoxUsage:m5.large,RunInstances,21.5198,54.999065,54.26117,Usage,us-east-1,,,prod
2abd0f5b-2f22-7255-6023-ebc46c5fca55,2026-02-27T00:00:00Z/2026-02-28T00:00:00Z,2026-02-27T00:00:00Z,2026-02-28T00:00:00Z,AmazonEC2,BoxUsage:m5.large,RunInstances,1.1788,53.676263,54.313844,Usage,us-east-1,,,prod
77954e03-5712-d17d-13d7-f15700194944,2026-02-27T00:00:00Z/2026-02-28T00:00:00Z,2026-02-27T00:00:00Z,2026-02-28T00:00:00Z,AmazonEC2,BoxUsage:m5.large,RunInstances,21.6107,62.706811,62.07493,Usage,us-east-1,,,prod
2fc44a39-79ef-3a89-5d63-32117ce145fe,2026-02-27T00:00:00Z/2026-02-28T00:00:00Z,2026-02-27T00:00:00Z,2026-02-28T00:00:00Z,AmazonEC2,BoxUsage:m5.large,RunInstances,12.4593,63.255973,61.484041,Usage,us-east-1,,,prod
d01e2ba2-9d2c-1d48-185d-bd62222846d8,2026-02-27T00:00:00Z/2026-02-28T00:00:00Z,2026-02-27T00:00:00Z,2026-02-28T00:00:00Z,AmazonEC2,BoxUsage:m5.large,RunInstances,3.9582,56.381756,54.632562,Usage,us-east-1,,,prod
a29d6597-cf10-4bdf-644d-3afbc87cf98d,2026-02-27T00:00:00Z/2026-02-28T00:00:00Z,2026-02-27T00:00:00Z,2026-02-28T00:00:00Z,AmazonEC2,Other,RunInstances,15.2959,64.206468,63.673283,Usage,us-east-1,,,prod
72cb419f-037b-82dc-5212-27680b883e4a,2026-02-27T00:00:00Z/2026-02-28T00:00:00Z,2026-02-27T00:00:00Z,2026-02-28T00:00:00Z,AmazonEC2,Other,RunInstances,15.6691,63.853451,62.655323,Usage,us-east-1,,,prod
7c62bc26-1952-22ed-41a5-cd56cd846dce,2026-02-27T00:00:00Z/2026-02-28T00:00:00Z,2026-02-27T00:00:00Z,2026-02-28T00:00:00Z,AmazonEC2,Other,RunInstances,3.1595,52.228022,54.468669,Usage,us-east-1,,,prod
695b8973-79ce-d6ed-8e84-39d26adb8119,2026-02-27T00:00:00Z/2026-02-28T00:00:00Z,2026-02-27T00:00:00Z,2026-02-28T00:00:00Z,AmazonEC2,Other,RunInstances,10.4718,55.991275,54.238252,Usage,us-east-1,,,prod
3e331d8b-2793-268d-2ca2-8e3ee6c40cf3,2026-02-27T00:00:00Z/2026-02-28T00:00:00Z,2026-02-27T00:00:00Z,2026-02-28T00:00:00Z,AmazonEC2,Other,RunInstances,12.8129,52.507941,50.289802,Usage,us-east-1,,,prod
a3e464c3-63fb-0709-9d63-334dc3943298,2026-02-28T00:00:00Z/2026-03-01T00:00:00Z,2026-02-28T00:00:00Z,2026-03-01T00:00:00Z,AmazonEC2,BoxUsage:c5.xlarge,RunInstances,5.8024,2.303411,2.322829,Usage,us-east-1,,,prod
c6d3bfaa-4a25-cc34-f94a-a0e3b85250fc,2026-02-28T00:00:00Z/2026-03-01T00:00:00Z,2026-02-28T00:00:00Z,2026-03-01T00:00:00Z,AmazonEC2,BoxUsage:c5.xlarge,RunInstances,1.4031,2.492378,2.540493,Usage,us-east-1,,,prod
d7d45842-c65c-e6eb-eec7-bdbd3189003b,2026-02-28T00:00:00Z/2026-03-01T00:00:00Z,2026-02-28T00:00:00Z,2026-03-01T00:00:00Z,AmazonEC2,BoxUsage:c5.xlarge,RunInstances,14.3113,2.553623,2.582895,Usage,us-east-1,,,prod
e36b636c-c096-beb5-e585-e967eace96f4,2026-02-28T00:00:00Z/2026-03-01T00:00:00Z,2026-02-28T00:00:00Z,2026-03-01T00:00:00Z,AmazonEC2,BoxUsage:c5.xlarge,RunInstances,19.0736,2.182349,2.132613,Usage,us-east-1,,,prod
fa0cf2af-b37a-befb-fdf7-d5fb628ea50d,2026-02-28T00:00:00Z/2026-03-01T00:00:00Z,2026-02-28T00:00:00Z,2026-03-01T00:00:00Z,AmazonEC2,BoxUsage:c5.xlarge,RunInstances,23.2518,2.614493,2.692269,Usage,us-east-1,,,prod
e6319fca-aa9c-3aa0-a06d-1530e3f63ff3,2026-02-28T00:00:00Z/2026-03-01T00:00:00Z,2026-02-28T00:00:00Z,2026-03-01T00:00:00Z,AmazonEC2,BoxUsage:r5.xlarge,RunInstances,11.3586,2.670515,2.656593,Usage,us-east-1,,,prod
3d85ef82-09eb-272d-3014-19681041eb1a,2026-02-28T00:00:00Z/2026-03-01T00:00:00Z,2026-02-28T00:00:00Z,2026-03-01T00:00:00Z,AmazonEC2,BoxUsage:r5.xlarge,RunInstances,9.5318,2.604918,2.66916,Usage,us-east-1,,,prod
92bb66e8-579f-be4c-34b7-e843d1161c5f,2026-02-28T00:00:00Z/2026-03-01T00:00:00Z,2026-02-28T00:00:00Z,2026-03-01T00:00:00Z,AmazonEC2,BoxUsage:r5.xlarge,RunInstances,15.389,2.334129,2.437904,Usage,us-east-1,,,prod
44b5b70e-30a3-b892-2685-3dc0550cf3fc,2026-02-28T00:00:00Z/2026-03-01T00:00:00Z,2026-02-28T00:00:00Z,2026-03-01T00:00:00Z,AmazonEC2,BoxUsage:r5.xlarge,RunInstances,20.6559,2.590477,2.468809,Usage,us-east-1,,,prod
9d05ef15-234c-34e5-f119-dc8ba0205b73,2026-02-28T00:00:00Z/2026-03-01T00:00:00Z,2026-02-28T00:00:00Z,2026-03-01T00:00:00Z,AmazonEC2,BoxUsage:r5.xlarge,RunInstances,20.9869,2.250314,2.280115,Usage,us-east-1,,,prod
d03fec14-a99c-2f12-3e90-04b1af22bc0e,2026-02-28T00:00:00Z/2026-03-01T00:00:00Z,2026-02-28T00:00:00Z,2026-03-01T00:00:00Z,AmazonEC2,Other,RunInstances,21.3866,2.220079,2.217183,Usage,us-east-1,,,prod
84506005-23c9-0587-3afb-89461df6a44e,2026-02-28T00:00:00Z/2026-03-01T00:00:00Z,2026-02-28T00:00:00Z,2026-03-01T00:00:00Z,AmazonEC2,Other,RunInstances,8.5664,2.560859,2.576815,Usage,us-east-1,,,prod
cd46c166-8ac6-d9ff-016e-0a0f7d42780a,2026-02-28T00:00:00Z/2026-03-01T00:00:00Z,2026-02-28T00:00:00Z,2026-03-01T00:00:00Z,AmazonEC2,Other,RunInstances,6.1407,2.103174,2.185539,Usage,us-east-1,,,prod
251c0eec-7d69-daba-e186-bd5cf2d9cd05,2026-02-28T00:00:00Z/2026-03-01T00:00:00Z,2026-02-28T00:00:00Z,2026-03-01T00:00:00Z,AmazonEC2,Other,RunInstances,6.3608,2.408252,2.37523,Usage,us-east-1,,,prod
c5371a43-1847-9f41-b017-98667fe3aea1,2026-02-28T00:00:00Z/2026-03-01T00:00:00Z,2026-02-28T00:00:00Z,2026-03-01T00:00:00Z,AmazonEC2,Other,RunInstances,12.5264,2.292431,2.294184,Usage,us-east-1,,,prod
498a73f9-ba2f-94c8-0fbc-d4dffda8e290,2026-02-28T00:00:00Z/2026-03-01T00:00:00Z,2026-02-28T00:00:00Z,2026-03-01T00:00:00Z,AmazonEC2,Other,RunInstances,4.6708,2.504294,2.447277,Usage,us-east-1,,,prod
213ea3f1-85f6-5952-69b3-5be25ba34da4,2026-02-28T00:00:00Z/2026-03-01T00:00:00Z,2026-02-28T00:00:00Z,2026-03-01T00:00:00Z,AmazonEC2,Other,RunInstances,2.6407,2.310159,2.210034,Usage,us-east-1,,,prod
4fd10ee6-7b9e-cf8a-ace6-6dc4755b97a5,2026-02-28T00:00:00Z/2026-03-01T00:00:00Z,2026-02-28T00:00:00Z,2026-03-01T00:00:00Z,AmazonEC2,Other,RunInstances,13.6163,2.593769,2.605623,Usage,us-east-1,,,prod
192ac5a5-6c20-7be8-f9fc-3f15640c54ed,2026-02-28T00:00:00Z/2026-03-01T00:00:00Z,2026-02-28T00:00:00Z,2026-03-01T00:00:00Z,AmazonEC2,Other,RunInstances,20.888,2.095572,2.046719,Usage,us-east-1,,,prod
a3eec03f-86e2-bdd5-b0d5-43b7495590db,2026-02-28T00:00:00Z/2026-03-01T00:00:00Z,2026-02-28T00:00:00Z,2026-03-01T00:00:00Z,AmazonEC2,Other,RunInstances,22.5319,2.497789,2.477695,Usage,us-east-1,,,prod
744f6bf2-8402-24c7-3c93-be09031a9ebc,2026-02-28T00:00:00Z/2026-03-01T00:00:00Z,2026-02-28T00:00:00Z,2026-03-01T00:00:00Z,AmazonEC2,BoxUsage:m5.large,RunInstances,11.146,57.560277,55.451093,Usage,us-east-1,,,prod
112077d5-13e4-e92a-1162-bbf6178f7857,2026-02-28T00:00:00Z/2026-03-01T00:00:00Z,2026-02-28T00:00:00Z,2026-03-01T00:00:00Z,AmazonEC2,BoxUsage:m5.large,RunInstances,17.6673,67.801393,66.916124,Usage,us-east-1,,,prod
9873af38-4fd9-4397-c3fe-a4dddf88e06b,2026-02-28T00:00:00Z/2026-03-01T00:00:00Z,2026-02-28T00:00:00Z,2026-03-01T00:00:00Z,AmazonEC2,BoxUsage:m5.large,RunInstances,14.6444,55.223457,54.981413,Usage,us-east-1,,,prod
f5ee0058-230f-f11e-bcf0-edcef6570e78,2026-02-28T00:00:00Z/2026-03-01T00:00:00Z,2026-02-28T00:00:00Z,2026-03-01T00:00:00Z,AmazonEC2,BoxUsage:m5.large,RunInstances,13.0601,56.193561,56.983958,Usage,us-east-1,,,prod
79854395-885c-c3a3-4435-64117c9f6d2f,2026-02-28T00:00:00Z/2026-03-01T00:00:00Z,2026-02-28T00:00:00Z,2026-03-01T00:00:00Z,AmazonEC2,BoxUsage:m5.large,RunInstances,13.3637,59.071607,58.31724,Usage,us-east-1,,,prod
65317ea4-18cf-1c4c-adad-e5cf3c7b35a5,2026-02-28T00:00:00Z/2026-03-01T00:00:00Z,2026-02-28T00:00:00Z,2026-03-01T00:00:00Z,AmazonEC2,Other,RunInstances,3.2803,53.714616,54.652485,Usage,us-east-1,,,prod
64a39580-cb44-cd45-4538-0b333435f58e,2026-02-28T00:00:00Z/2026-03-01T00:00:00Z,2026-02-28T00:00:00Z,2026-03-01T00:00:00Z,AmazonEC2,Other,RunInstances,11.3135,61.361632,62.268332,Usage,us-east-1,,,prod
13953db7-b17c-3df1-6d9d-7c2a5b23c981,2026-02-28T00:00:00Z/2026-03-01T00:00:00Z,2026-02-28T00:00:00Z,2026-03-01T00:00:00Z,AmazonEC2,Other,RunInstances,2.7143,55.619802,57.619147,Usage,us-east-1,,,prod
6cc9188c-73ba-a34e-12dd-6b697719a1dd,2026-02-28T00:00:00Z/2026-03-01T00:00:00Z,2026-02-28T00:00:00Z,2026-03-01T00:00:00Z,AmazonEC2,Other,RunInstances,11.952,56.552385,58.499846,Usage,us-east-1,,,prod
29c0215a-d303-b67d-eb4d-2e8c5a670db8,2026-02-28T00:00:00Z/2026-03-01T00:00:00Z,2026-02-28T00:00:00Z,2026-03-01T00:00:00Z,AmazonEC2,Other,RunInstances,1.6538,63.928582,65.909557,Usage,us-east-1,,,prod
3cdb18e5-b002-2d70-eb98-9b40d8ee9690,2026-03-01T00:00:00Z/2026-03-02T00:00:00Z,2026-03-01T00:00:00Z,2026-03-02T00:00:00Z,AmazonEC2,BoxUsage:c5.xlarge,RunInstances,21.2061,2.62845,2.557577,Usage,us-east-1,,,prod
153f91c8-9fb4-18f4-8ffc-5b4c0d52b96a,2026-03-01T00:00:00Z/2026-03-02T00:00:00Z,2026-03-01T00:00:00Z,2026-03-02T00:00:00Z,AmazonEC2,BoxUsage:c5.xlarge,RunInstances,17.3766,2.464841,2.432223,Usage,us-east-1,,,prod
e7a191ae-e6b7-ea21-d308-d6414ccfa012,2026-03-01T00:00:00Z/2026-03-02T00:00:00Z,2026-03-01T00:00:00Z,2026-03-02T00:00:00Z,AmazonEC2,BoxUsage:c5.xlarge,RunInstances,11.8536,2.238116,2.209852,Usage,us-east-1,,,prod
8d26c7a6-d789-556a-3179-6e6ebdf2c2db,2026-03-01T00:00:00Z/2026-03-02T00:00:00Z,2026-03-01T00:00:00Z,2026-03-02T00:00:00Z,AmazonEC2,BoxUsage:c5.xlarge,RunInstances,16.087,2.201671,2.133085,Usage,us-east-1,,,prod
4ecb18cd-3710-70fd-2413-760efc8fc5f7,2026-03-01T00:00:00Z/2026-03-02T00:00:00Z,2026-03-01T00:00:00Z,2026-03-02T00:00:00Z,AmazonEC2,BoxUsage:c5.xlarge,RunInstances,20.9612,2.477644,2.493018,Usage,us-east-1,,,prod
bfb35762-1bb5-a040-ef96-449642840818,2026-03-01T00:00:00Z/2026-03-02T00:00:00Z,2026-03-01T00:00:00Z,2026-03-02T00:00:00Z,AmazonEC2,BoxUsage:r5.xlarge,RunInstances,22.7292,2.498832,2.580865,Usage,us-east-1,,,prod
7ed249cc-f2bf-1191-586e-0ba0b72116a8,2026-03-01T00:00:00Z/2026-03-02T00:00:00Z,2026-03-01T00:00:00Z,2026-03-02T00:00:00Z,AmazonEC2,BoxUsage:r5.xlarge,RunInstances,12.0851,2.113026,2.218548,Usage,us-east-1,,,prod
1b876203-e21b-c597-4e09-021f2f23c35c,2026-03-01T00:00:00Z/2026-03-02T00:00:00Z,2026-03-01T00:00:00Z,2026-03-02T00:00:00Z,AmazonEC2,BoxUsage:r5.xlarge,RunInstances,17.543,2.551027,2.561931,Usage,us-east-1,,,prod
62c8d25b-6f13-3800-dc32-dae261a2cfe2,2026-03-01T00:00:00Z/2026-03-02T00:00:00Z,2026-03-01T00:00:00Z,2026-03-02T00:00:00Z,AmazonEC2,BoxUsage:r5.xlarge,RunInstances,9.8253,2.342771,2.378855,Usage,us-east-1,,,prod
9cb45e43-dc6f-c453-cdd7-a2506ef84a58,2026-03-01T00:00:00Z/2026-03-02T00:00:00Z,2026-03-01T00:00:00Z,2026-03-02T00:00:00Z,AmazonEC2,BoxUsage:r5.xlarge,RunInstances,3.9003,2.097458,1.998281,Usage,us-east-1,,,prod
3c33194b-bc18-645d-a25b-1b7c4716c392,2026-03-01T00:00:00Z/2026-03-02T00:00:00Z,2026-03-01T00:00:00Z,2026-03-02T00:00:00Z,AmazonEC2,Other,RunInstances,8.6919,2.649514,2.709334,Usage,us-east-1,,,prod
96c9482c-c77f-98c1-c667-317aff481bf1,2026-03-01T00:00:00Z/2026-03-02T00:00:00Z,2026-03-01T00:00:00Z,2026-03-02T00:00:00Z,AmazonEC2,Other,RunInstances,10.7402,2.291664,2.19583,Usage,us-east-1,,,prod
bd357adf-17d8-bb5a-5d10-cde39d0f93b2,2026-03-01T00:00:00Z/2026-03-02T00:00:00Z,2026-03-01T00:00:00Z,2026-03-02T00:00:00Z,AmazonEC2,Other,RunInstances,23.7323,2.052875,2.1089,Usage,us-east-1,,,prod
6c18034b-0dfe-dfbc-3a9d-f4ea8dccdee2,2026-03-01T00:00:00Z/2026-03-02T00:00:00Z,2026-03-01T00:00:00Z,2026-03-02T00:00:00Z,AmazonEC2,Other,RunInstances,16.8034,2.193285,2.205091,Usage,us-east-1,,,prod
21c096b7-3743-a0eb-27b5-da3531890fa5,2026-03-01T00:00:00Z/2026-03-02T00:00:00Z,2026-03-01T00:00:00Z,2026-03-02T00:00:00Z,AmazonEC2,Other,RunInstances,1.7012,2.267071,2.194342,Usage,us-east-1,,,prod
c57c31f3-f2d6-58b2-57ea-c5565f3fc5f8,2026-03-01T00:00:00Z/2026-03-02T00:00:00Z,2026-03-01T00:00:00Z,2026-03-02T00:00:00Z,AmazonEC2,Other,RunInstances,12.8066,2.173092,2.155522,Usage,us-east-1,,,prod
3612443e-d4d5-4631-cc84-5793f2503e66,2026-03-01T00:00:00Z/2026-03-02T00:00:00Z,2026-03-01T00:00:00Z,2026-03-02T00:00:00Z,AmazonEC2,Other,RunInstances,9.9631,2.244629,2.282874,Usage,us-east-1,,,prod
9e053b9a-3935-855b-ed52-73f55d582f86,2026-03-01T00:00:00Z/2026-03-02T00:00:00Z,2026-03-01T00:00:00Z,2026-03-02T00:00:00Z,AmazonEC2,Other,RunInstances,11.2894,2.271105,2.279527,Usage,us-east-1,,,prod
421552cf-5196-6af2-1d70-7147ad5bf639,2026-03-01T00:00:00Z/2026-03-02T00:00:00Z,2026-03-01T00:00:00Z,2026-03-02T00:00:00Z,AmazonEC2,Other,RunInstances,23.5112,2.247957,2.205281,Usage,us-east-1,,,prod
17ae8156-e554-2398-9ad0-18187e36f5e7,2026-03-01T00:00:00Z/2026-03-02T00:00:00Z,2026-03-01T00:00:00Z,2026-03-02T00:00:00Z,AmazonEC2,Other,RunInstances,18.4025,2.077526,2.019439,Usage,us-east-1,,,prod
0a3735d6-b208-d360-2a10-58efeba3e4a2,2026-03-01T00:00:00Z/2026-03-02T00:00:00Z,2026-03-01T00:00:00Z,2026-03-02T00:00:00Z,AmazonEC2,BoxUsage:m5.large,RunInstances,11.3736,52.694956,52.984713,Usage,us-east-1,,,prod
915b82cc-fc63-6458-f5f9-dfea72eef9d9,2026-03-01T00:00:00Z/2026-03-02T00:00:00Z,2026-03-01T00:00:00Z,2026-03-02T00:00:00Z,AmazonEC2,BoxUsage:m5.large,RunInstances,11.2206,56.630237,54.973128,Usage,us-east-1,,,prod
f4d858b9-72f0-8060-72f0-6f0d4c6fe5d7,2026-03-01T00:00:00Z/2026-03-02T00:00:00Z,2026-03-01T00:00:00Z,2026-03-02T00:00:00Z,AmazonEC2,BoxUsage:m5.large,RunInstances,23.4493,64.223801,64.373946,Usage,us-east-1,,,prod
9e14a961-fb4e-6bae-59e3-45c4f07b6412,2026-03-01T00:00:00Z/2026-03-02T00:00:00Z,2026-03-01T00:00:00Z,2026-03-02T00:00:00Z,AmazonEC2,BoxUsage:m5.large,RunInstances,23.9149,62.136666,59.921707,Usage,us-east-1,,,prod
3dd72da0-8a8f-67cb-2d15-790f927efae1,2026-03-01T00:00:00Z/2026-03-02T00:00:00Z,2026-03-01T00:00:00Z,2026-03-02T00:00:00Z,AmazonEC2,BoxUsage:m5.large,RunInstances,16.2092,51.000177,50.377109,Usage,us-east-1,,,prod
b47eabd6-5871-b7e5-a5b0-80ba91a82664,2026-03-01T00:00:00Z/2026-03-02T00:00:00Z,2026-03-01T00:00:00Z,2026-03-02T00:00:00Z,AmazonEC2,Other,RunInstances,15.5337,64.068783,66.308789,Usage,us-east-1,,,prod
a6efc38c-4890-4894-f4ce-e9466b8c0a74,2026-03-01T00:00:00Z/2026-03-02T00:00:00Z,2026-03-01T00:00:00Z,2026-03-02T00:00:00Z,AmazonEC2,Other,RunInstances,4.9129,54.703789,53.018457,Usage,us-east-1,,,prod
8f547737-81cd-451e-f3e2-1579c64c2f22,2026-03-01T00:00:00Z/2026-03-02T00:00:00Z,2026-03-01T00:00:00Z,2026-03-02T00:00:00Z,AmazonEC2,Other,RunInstances,8.5139,60.912224,62.658394,Usage,us-east-1,,,prod
48e46d98-4241-0529-cfef-7b05e86fae56,2026-03-01T00:00:00Z/2026-03-02T00:00:00Z,2026-03-01T00:00:00Z,2026-03-02T00:00:00Z,AmazonEC2,Other,RunInstances,4.4693,50.645898,48.20432,Usage,us-east-1,,,prod
3d78eae0-d3d5-8431-7b1f-10d1fcc068b1,2026-03-01T00:00:00Z/2026-03-02T00:00:00Z,2026-03-01T00:00:00Z,2026-03-02T00:00:00Z,AmazonEC2,Other,RunInstances,3.305,66.259201,65.93852,Usage,us-east-1,,,prod
825f0a07-5e9e-c0d6-b3b2-6e1e98341c50,2026-03-02T00:00:00Z/2026-03-03T00:00:00Z,2026-03-02T00:00:00Z,2026-03-03T00:00:00Z,AmazonEC2,BoxUsage:c5.xlarge,RunInstances,9.8974,2.159973,2.100305,Usage,us-east-1,,,prod
a04a41b0-c447-cea8-d215-9274a8fadacf,2026-03-02T00:00:00Z/2026-03-03T00:00:00Z,2026-03-02T00:00:00Z,2026-03-03T00:00:00Z,AmazonEC2,BoxUsage:c5.xlarge,RunInstances,14.5913,2.188899,2.117845,Usage,us-east-1,,,prod
9b32626b-ec3a-7148-ff96-3ad98c58660d,2026-03-02T00:00:00Z/2026-03-03T00:00:00Z,2026-03-02T00:00:00Z,2026-03-03T00:00:00Z,AmazonEC2,BoxUsage:c5.xlarge,RunInstances,10.4133,2.482595,2.59371,Usage,us-east-1,,,prod
a1188cc4-d41a-a97d-e02b-62f3bc214c1e,2026-03-02T00:00:00Z/2026-03-03T00:00:00Z,2026-03-02T00:00:00Z,2026-03-03T00:00:00Z,AmazonEC2,BoxUsage:c5.xlarge,RunInstances,6.5852,2.18962,2.189033,Usage,us-east-1,,,prod
f70069b2-c93a-ef34-40fe-e42fba034144,2026-03-02T00:00:00Z/2026-03-03T00:00:00Z,2026-03-02T00:00:00Z,2026-03-03T00:00:00Z,AmazonEC2,BoxUsage:c5.xlarge,RunInstances,15.6638,2.113321,2.198352,Usage,us-east-1,,,prod
7e61861d-ae65-774f-3a87-f3f55bdabf0c,2026-03-02T00:00:00Z/2026-03-03T00:00:00Z,2026-03-02T00:00:00Z,2026-03-03T00:00:00Z,AmazonEC2,BoxUsage:r5.xlarge,RunInstances,17.0938,2.515978,2.527337,Usage,us-east-1,,,prod
eb0b20ea-8b07-4bd5-fe21-4889db80098a,2026-03-02T00:00:00Z/2026-03-03T00:00:00Z,2026-03-02T00:00:00Z,2026-03-03T00:00:00Z,AmazonEC2,BoxUsage:r5.xlarge,RunInstances,16.3476,2.089384,2.169386,Usage,us-east-1,,,prod
11869b25-bc8e-3b48-2c61-66fc5f279950,2026-03-02T00:00:00Z/2026-03-03T00:00:00Z,2026-03-02T00:00:00Z,2026-03-03T00:00:00Z,AmazonEC2,BoxUsage:r5.xlarge,RunInstances,6.794,2.040743,1.987342,Usage,us-east-1,,,prod
3b970f39-df96-da69-f7a8-27a5282fbf6e,2026-03-02T00:00:00Z/2026-03-03T00:00:00Z,2026-03-02T00:00:00Z,2026-03-03T00:00:00Z,AmazonEC2,BoxUsage:r5.xlarge,RunInstances,20.8926,2.324187,2.270013,Usage,us-east-1,,,prod
d1d54b25-330c-1509-a440-fe99028f35b6,2026-03-02T00:00:00Z/2026-03-03T00:00:00Z,2026-03-02T00:00:00Z,2026-03-03T00:00:00Z,AmazonEC2,BoxUsage:r5.xlarge,RunInstances,15.2117,2.401896,2.441012,Usage,us-east-1,,,prod
d78bbf26-1797-322f-8c41-45e0400e0edf,2026-03-02T00:00:00Z/2026-03-03T00:00:00Z,2026-03-02T00:00:00Z,2026-03-03T00:00:00Z,AmazonEC2,Other,RunInstances,1.101,2.113084,2.051786,Usage,us-east-1,,,prod
434c1d27-bbcb-5268-8c9f-c38c6f72cf8a,2026-03-02T00:00:00Z/2026-03-03T00:00:00Z,2026-03-02T00:00:00Z,2026-03-03T00:00:00Z,AmazonEC2,Other,RunInstances,2.3855,2.211973,2.281029,Usage,us-east-1,,,prod
7f80a8ef-a0a8-f9b0-1eca-f271bdc989f4,2026-03-02T00:00:00Z/2026-03-03T00:00:00Z,2026-03-02T00:00:00Z,2026-03-03T00:00:00Z,AmazonEC2,Other,RunInstances,6.5452,2.021425,2.059778,Usage,us-east-1,,,prod
41dab0ae-e00e-a848-00c0-7b64ce4330c5,2026-03-02T00:00:00Z/2026-03-03T00:00:00Z,2026-03-02T00:00:00Z,2026-03-03T00:00:00Z,AmazonEC2,Other,RunInstances,20.6547,2.397767,2.335889,Usage,us-east-1,,,prod
f7795a0c-5133-29ff-a6a6-936dad958b98,2026-03-02T00:00:00Z/2026-03-03T00:00:00Z,2026-03-02T00:00:00Z,2026-03-03T00:00:00Z,AmazonEC2,Other,RunInstances,23.3219,2.17868,2.172574,Usage,us-east-1,,,prod
505d529a-3ada-5ea9-29f9-0d256a6f5cba,2026-03-02T00:00:00Z/2026-03-03T00:00:00Z,2026-03-02T00:00:00Z,2026-03-03T00:00:00Z,AmazonEC2,Other,RunInstances,15.1917,2.281463,2.258428,Usage,us-east-1,,,prod
cdad3447-6de6-25f0-8cb8-41e200b244e6,2026-03-02T00:00:00Z/2026-03-03T00:00:00Z,2026-03-02T00:00:00Z,2026-03-03T00:00:00Z,AmazonEC2,Other,RunInstances,13.9092,2.629596,2.678626,Usage,us-east-1,,,prod
0d9e2d2a-72c3-dbbc-c93d-8fa5e4731da3,2026-03-02T00:00:00Z/2026-03-03T00:00:00Z,2026-03-02T00:00:00Z,2026-03-03T00:00:00Z,AmazonEC2,Other,RunInstances,11.064,2.389573,2.307977,Usage,us-east-1,,,prod
6d667f9c-fa74-838e-ba59-ae1e6090d67d,2026-03-02T00:00:00Z/2026-03-03T00:00:00Z,2026-03-02T00:00:00Z,2026-03-03T00:00:00Z,AmazonEC2,Other,RunInstances,15.325,2.3134,2.301866,Usage,us-east-1,,,prod
bc198b1a-dc57-c5aa-787a-a192c4c62bca,2026-03-02T00:00:00Z/2026-03-03T00:00:00Z,2026-03-02T00:00:00Z,2026-03-03T00:00:00Z,AmazonEC2,Other,RunInstances,7.6598,2.210484,2.232848,Usage,us-east-1,,,prod
045b8207-81fe-2313-9694-0b7f26c77755,2026-03-02T00:00:00Z/2026-03-03T00:00:00Z,2026-03-02T00:00:00Z,2026-03-03T00:00:00Z,AmazonEC2,BoxUsage:m5.large,RunInstances,8.6354,56.395697,55.614793,Usage,us-east-1,,,prod
08cb7a36-b447-5897-13df-10e242acee8b,2026-03-02T00:00:00Z/2026-03-03T00:00:00Z,2026-03-02T00:00:00Z,2026-03-03T00:00:00Z,AmazonEC2,BoxUsage:m5.large,RunInstances,15.9863,64.379344,63.886823,Usage,us-east-1,,,prod
d8fd048c-ade3-b98a-cf2c-55bbc67ca069,2026-03-02T00:00:00Z/2026-03-03T00:00:00Z,2026-03-02T00:00:00Z,2026-03-03T00:00:00Z,AmazonEC2,BoxUsage:m5.large,RunInstances,10.461,66.191133,67.471976,Usage,us-east-1,,,prod
b3f86319-c44f-c92b-1f78-5ef6ee2aac7f,2026-03-02T00:00:00Z/2026-03-03T00:00:00Z,2026-03-02T00:00:00Z,2026-03-03T00:00:00Z,AmazonEC2,BoxUsage:m5.large,RunInstances,5.9114,54.906857,56.853706,Usage,us-east-1,,,prod
c2039977-4299-938e-a336-94a5fc55306e,2026-03-02T00:00:00Z/2026-03-03T00:00:00Z,2026-03-02T00:00:00Z,2026-03-03T00:00:00Z,AmazonEC2,BoxUsage:m5.large,RunInstances,12.4973,53.821809,52.797168,Usage,us-east-1,,,prod
54e44445-3821-2f8c-1476-9f376bd27986,2026-03-02T00:00:00Z/2026-03-03T00:00:00Z,2026-03-02T00:00:00Z,2026-03-03T00:00:00Z,AmazonEC2,Other,RunInstances,8.3781,57.580388,60.013526,Usage,us-east-1,,,prod
f39f157a-ec61-5248-db60-cd9ff0b14fc1,2026-03-02T00:00:00Z/2026-03-03T00:00:00Z,2026-03-02T00:00:00Z,2026-03-03T00:00:00Z,AmazonEC2,Other,RunInstances,11.8599,57.752223,57.648567,Usage,us-east-1,,,prod
3199481c-61dd-aa73-422f-24720497f676,2026-03-02T00:00:00Z/2026-03-03T00:00:00Z,2026-03-02T00:00:00Z,2026-03-03T00:00:00Z,AmazonEC2,Other,RunInstances,15.3153,57.746738,59.411111,Usage,us-east-1,,,prod
445f4c72-9e5a-409b-cd58-7b00942b0450,2026-03-02T00:00:00Z/2026-03-03T00:00:00Z,2026-03-02T00:00:00Z,2026-03-03T00:00:00Z,AmazonEC2,Other,RunInstances,13.0824,62.827737,59.936901,Usage,us-east-1,,,prod
b250bd38-0639-dda5-de4d-cf3adf6f2c87,2026-03-02T00:00:00Z/2026-03-03T00:00:00Z,2026-03-02T00:00:00Z,2026-03-03T00:00:00Z,AmazonEC2,Other,RunInstances,23.6936,61.830956,59.889496,Usage,us-east-1,,,prod
80159fa0-069a-19fb-0a8c-568f053b6a05,2026-03-03T00:00:00Z/2026-03-04T00:00:00Z,2026-03-03T00:00:00Z,2026-03-04T00:00:00Z,AmazonEC2,BoxUsage:c5.xlarge,RunInstances,3.8639,2.222366,2.310072,Usage,us-east-1,,,prod
def23c7f-82d1-f24d-b30d-644cec64f99e,2026-03-03T00:00:00Z/2026-03-04T00:00:00Z,2026-03-03T00:00:00Z,2026-03-04T00:00:00Z,AmazonEC2,BoxUsage:c5.xlarge,RunInstances,14.3824,2.676949,2.657703,Usage,us-east-1,,,prod
710a9562-0d04-76af-a86b-f63fa31df870,2026-03-03T00:00:00Z/2026-03-04T00:00:00Z,2026-03-03T00:00:00Z,2026-03-04T00:00:00Z,AmazonEC2,BoxUsage:c5.xlarge,RunInstances,17.5446,2.090075,2.143167,Usage,us-east-1,,,prod
2698368b-d5fd-baa9-36f0-c51dde1b6822,2026-03-03T00:00:00Z/2026-03-04T00:00:00Z,2026-03-03T00:00:00Z,2026-03-04T00:00:00Z,AmazonEC2,BoxUsage:c5.xlarge,RunInstances,3.8122,2.401832,2.471738,Usage,us-east-1,,,prod
0946f8d4-b93e-6d83-5ba3-f01e521cdffa,2026-03-03T00:00:00Z/2026-03-04T00:00:00Z,2026-03-03T00:00:00Z,2026-03-04T00:00:00Z,AmazonEC2,BoxUsage:c5.xlarge,RunInstances,19.2937,2.556015,2.554868,Usage,us-east-1,,,prod
d6ecf730-f58c-2e57-c782-11b9962e21b4,2026-03-03T00:00:00Z/2026-03-04T00:00:00Z,2026-03-03T00:00:00Z,2026-03-04T00:00:00Z,AmazonEC2,BoxUsage:r5.xlarge,RunInstances,2.6162,2.638036,2.635664,Usage,us-east-1,,,prod
2908d02c-897d-871e-2726-729bbc6898e7,2026-03-03T00:00:00Z/2026-03-04T00:00:00Z,2026-03-03T00:00:00Z,2026-03-04T00:00:00Z,AmazonEC2,BoxUsage:r5.xlarge,RunInstances,15.4056,2.368595,2.447674,Usage,us-east-1,,,prod
f1a81338-260d-b9e0-b7ef-ffbf6c9e313f,2026-03-03T00:00:00Z/2026-03-04T00:00:00Z,2026-03-03T00:00:00Z,2026-03-04T00:00:00Z,AmazonEC2,BoxUsage:r5.xlarge,RunInstances,8.6975,2.182211,2.254144,Usage,us-east-1,,,prod
abfbbff0-1564-a1ac-1375-492d08b73416,2026-03-03T00:00:00Z/2026-03-04T00:00:00Z,2026-03-03T00:00:00Z,2026-03-04T00:00:00Z,AmazonEC2,BoxUsage:r5.xlarge,RunInstances,19.165,2.201195,2.239255,Usage,us-east-1,,,prod
207537e3-311a-3098-b79b-e1790cd45946,2026-03-03T00:00:00Z/2026-03-04T00:00:00Z,2026-03-03T00:00:00Z,2026-03-04T00:00:00Z,AmazonEC2,BoxUsage:r5.xlarge,RunInstances,16.6461,2.533836,2.421874,Usage,us-east-1,,,prod
77dd2b35-a740-dc7a-7c16-47755de0d7f7,2026-03-03T00:00:00Z/2026-03-04T00:00:00Z,2026-03-03T00:00:00Z,2026-03-04T00:00:00Z,AmazonEC2,Other,RunInstances,10.9147,2.472341,2.442429,Usage,us-east-1,,,prod
12c997b3-bd98-52b3-8ba6-d7bf33da2c7c,2026-03-03T00:00:00Z/2026-03-04T00:00:00Z,2026-03-03T00:00:00Z,2026-03-04T00:00:00Z,AmazonEC2,Other,RunInstances,10.9795,2.47732,2.460948,Usage,us-east-1,,,prod
df449bfd-e069-6e0e-ece5-b2c6695d3593,2026-03-03T00:00:00Z/2026-03-04T00:00:00Z,2026-03-03T00:00:00Z,2026-03-04T00:00:00Z,AmazonEC2,Other,RunInstances,4.8875,2.374261,2.398475,Usage,us-east-1,,,prod
b260a384-14d1-d903-6595-73c3ab3c2a1b,2026-03-03T00:00:00Z/2026-03-04T00:00:00Z,2026-03-03T00:00:00Z,2026-03-04T00:00:00Z,AmazonEC2,Other,RunInstances,23.9296,2.56085,2.523426,Usage,us-east-1,,,prod
ce6389b5-6a05-2b2b-21ed-e54573df0bef,2026-03-03T00:00:00Z/2026-03-04T00:00:00Z,2026-03-03T00:00:00Z,2026-03-04T00:00:00Z,AmazonEC2,Other,RunInstances,4.3877,2.674045,2.711853,Usage,us-east-1,,,prod
3993f7ec-48bb-1db8-767f-fc1f9d4e1a6b,2026-03-03T00:00:00Z/2026-03-04T00:00:00Z,2026-03-03T00:00:00Z,2026-03-04T00:00:00Z,AmazonEC2,Other,RunInstances,15.3786,2.66423,2.677846,Usage,us-east-1,,,prod
6fd4ba6a-c920-9d42-4e4b-2d6d073de0f6,2026-03-03T00:00:00Z/2026-03-04T00:00:00Z,2026-03-03T00:00:00Z,2026-03-04T00:00:00Z,AmazonEC2,Other,RunInstances,10.8774,2.274038,2.216644,Usage,us-east-1,,,prod
6ead12fd-d66c-c30b-7066-e036f4dfa143,2026-03-03T00:00:00Z/2026-03-04T00:00:00Z,2026-03-03T00:00:00Z,2026-03-04T00:00:00Z,AmazonEC2,Other,RunInstances,17.4801,2.346674,2.297821,Usage,us-east-1,,,prod
a3649ed5-8b8c-a2ee-cc65-b85f198f57b6,2026-03-03T00:00:00Z/2026-03-04T00:00:00Z,2026-03-03T00:00:00Z,2026-03-04T00:00:00Z,AmazonEC2,Other,RunInstances,19.6227,2.460592,2.458155,Usage,us-east-1,,,prod
8443398c-f761-d452-548f-d7e9f668444a,2026-03-03T00:00:00Z/2026-03-04T00:00:00Z,2026-03-03T00:00:00Z,2026-03-04T00:00:00Z,AmazonEC2,Other,RunInstances,10.2029,2.247293,2.15287,Usage,us-east-1,,,prod
0339053f-ada7-0c59-4a27-5476b6eedf05,2026-03-03T00:00:00Z/2026-03-04T00:00:00Z,2026-03-03T00:00:00Z,2026-03-04T00:00:00Z,AmazonEC2,BoxUsage:m5.large,RunInstances,1.5181,55.967167,57.120398,Usage,us-east-1,,,prod
069980ee-846b-a800-ae04-1144748d7f60,2026-03-03T00:00:00Z/2026-03-04T00:00:00Z,2026-03-03T00:00:00Z,2026-03-04T00:00:00Z,AmazonEC2,BoxUsage:m5.large,RunInstances,8.6357,54.088042,55.345142,Usage,us-east-1,,,prod
2c3096fc-7b27-ee12-fca0-fabbbd35acf7,2026-03-03T00:00:00Z/2026-03-04T00:00:00Z,2026-03-03T00:00:00Z,2026-03-04T00:00:00Z,AmazonEC2,BoxUsage:m5.large,RunInstances,1.5346,62.741986,59.680859,Usage,us-east-1,,,prod
7f758704-4565-4801-7577-17e2ac8bec90,2026-03-03T00:00:00Z/2026-03-04T00:00:00Z,2026-03-03T00:00:00Z,2026-03-04T00:00:00Z,AmazonEC2,BoxUsage:m5.large,RunInstances,20.5276,55.422885,54.562915,Usage,us-east-1,,,prod
368d983f-fd64-89af-844b-fc81668c16af,2026-03-03T00:00:00Z/2026-03-04T00:00:00Z,2026-03-03T00:00:00Z,2026-03-04T00:00:00Z,AmazonEC2,BoxUsage:m5.large,RunInstances,1.5989,65.811567,68.226864,Usage,us-east-1,,,prod
dfb50db3-fb4e-8b26-33b0-a49521506f3d,2026-03-03T00:00:00Z/2026-03-04T00:00:00Z,2026-03-03T00:00:00Z,2026-03-04T00:00:00Z,AmazonEC2,Other,RunInstances,23.7568,67.526348,64.977243,Usage,us-east-1,,,prod
50206019-453d-9c68-ae50-e93313e36891,2026-03-03T00:00:00Z/2026-03-04T00:00:00Z,2026-03-03T00:00:00Z,2026-03-04T00:00:00Z,AmazonEC2,Other,RunInstances,10.5582,51.272155,52.201621,Usage,us-east-1,,,prod
b7cd5dca-e0c6-0713-5c83-75829ad182aa,2026-03-03T00:00:00Z/2026-03-04T00:00:00Z,2026-03-03T00:00:00Z,2026-03-04T00:00:00Z,AmazonEC2,Other,RunInstances,15.3049,53.664346,55.279005,Usage,us-east-1,,,prod
19a3c1e5-fc91-be59-47d8-f845caa62c45,2026-03-03T00:00:00Z/2026-03-04T00:00:00Z,2026-03-03T00:00:00Z,2026-03-04T00:00:00Z,AmazonEC2,Other,RunInstances,19.6875,54.961827,54.532439,Usage,us-east-1,,,prod
bde70e21-f35f-5c80-362e-7806220167e5,2026-03-03T00:00:00Z/2026-03-04T00:00:00Z,2026-03-03T00:00:00Z,2026-03-04T00:00:00Z,AmazonEC2,Other,RunInstances,5.1004,51.978869,54.313133,Usage,us-east-1,,,prod
6b6afc51-7978-19bf-beec-7dd1c4a06d6b,2026-03-04T00:00:00Z/2026-03-05T00:00:00Z,2026-03-04T00:00:00Z,2026-03-05T00:00:00Z,AmazonEC2,BoxUsage:c5.xlarge,RunInstances,17.8713,2.547205,2.46957,Usage,us-east-1,,,prod
bb46af02-39e2-2b40-468b-e245376e9b32,2026-03-04T00:00:00Z/2026-03-05T00:00:00Z,2026-03-04T00:00:00Z,2026-03-05T00:00:00Z,AmazonEC2,BoxUsage:c5.xlarge,RunInstances,20.6894,2.520123,2.607747,Usage,us-east-1,,,prod
1e9d8e20-ed42-514f-7b26-637fe7be6a76,2026-03-04T00:00:00Z/2026-03-05T00:00:00Z,2026-03-04T00:00:00Z,2026-03-05T00:00:00Z,AmazonEC2,BoxUsage:c5.xlarge,RunInstances,16.4087,2.28344,2.235481,Usage,us-east-1,,,prod
ebfa1db7-fdda-94fd-4768-5a72db4e3bab,2026-03-04T00:00:00Z/2026-03-05T00:00:00Z,2026-03-04T00:00:00Z,2026-03-05T00:00:00Z,AmazonEC2,BoxUsage:c5.xlarge,RunInstances,5.3951,2.48636,2.441762,Usage,us-east-1,,,prod
63bd27f1-b3af-aa4c-595f-d41e9fae2f7a,2026-03-04T00:00:00Z/2026-03-05T00:00:00Z,2026-03-04T00:00:00Z,2026-03-05T00:00:00Z,AmazonEC2,BoxUsage:c5.xlarge,RunInstances,17.7617,2.612178,2.651666,Usage,us-east-1,,,prod
6904d511-5e77-3e26-1ed3-5e75fc47b111,2026-03-04T00:00:00Z/2026-03-05T00:00:00Z,2026-03-04T00:00:00Z,2026-03-05T00:00:00Z,AmazonEC2,BoxUsage:r5.xlarge,RunInstances,13.9438,2.19173,2.150926,Usage,us-east-1,,,prod
2cd0605b-370d-7fc7-1e1a-a5f1c003e08a,2026-03-04T00:00:00Z/2026-03-05T00:00:00Z,2026-03-04T00:00:00Z,2026-03-05T00:00:00Z,AmazonEC2,BoxUsage:r5.xlarge,RunInstances,23.4817,2.235224,2.247303,Usage,us-east-1,,,prod
edf10390-3dc9-30e3-ea13-63ee66ac3ede,2026-03-04T00:00:00Z/2026-03-05T00:00:00Z,2026-03-04T00:00:00Z,2026-03-05T00:00:00Z,AmazonEC2,BoxUsage:r5.xlarge,RunInstances,16.3085,2.471982,2.54418,Usage,us-east-1,,,prod
441be536-3e0e-099c-fd5e-3c68dc3c6870,2026-03-04T00:00:00Z/2026-03-05T00:00:00Z,2026-03-04T00:00:00Z,2026-03-05T00:00:00Z,AmazonEC2,BoxUsage:r5.xlarge,RunInstances,17.7613,2.355974,2.260998,Usage,us-east-1,,,prod
8a425762-5384-87d1-e9b0-9611afe45ed3,2026-03-04T00:00:00Z/2026-03-05T00:00:00Z,2026-03-04T00:00:00Z,2026-03-05T00:00:00Z,AmazonEC2,BoxUsage:r5.xlarge,RunInstances,23.4706,2.119085,2.035981,Usage,us-east-1,,,prod
99ebfdb6-2645-2879-03ca-3648079a5d76,2026-03-04T00:00:00Z/2026-03-05T00:00:00Z,2026-03-04T00:00:00Z,2026-03-05T00:00:00Z,AmazonEC2,Other,RunInstances,18.3752,2.24468,2.271412,Usage,us-east-1,,,prod
05f31c9b-fc8b-024c-1d77-1b5be199ba1b,2026-03-04T00:00:00Z/2026-03-05T00:00:00Z,2026-03-04T00:00:00Z,2026-03-05T00:00:00Z,AmazonEC2,Other,RunInstances,11.9393,2.29559,2.385564,Usage,us-east-1,,,prod
56824545-4e26-dfc6-19dd-a377b471f74b,2026-03-04T00:00:00Z/2026-03-05T00:00:00Z,2026-03-04T00:00:00Z,2026-03-05T00:00:00Z,AmazonEC2,Other,RunInstances,15.4602,2.430427,2.32912,Usage,us-east-1,,,prod
e1d7583f-b0f6-0d58-61e6-cd8383bf631d,2026-03-04T00:00:00Z/2026-03-05T00:00:00Z,2026-03-04T00:00:00Z,2026-03-05T00:00:00Z,AmazonEC2,Other,RunInstances,9.702,2.327308,2.257295,Usage,us-east-1,,,prod
b07ca22d-ab56-ed3b-df2c-1cf76f6be594,2026-03-04T00:00:00Z/2026-03-05T00:00:00Z,2026-03-04T00:00:00Z,2026-03-05T00:00:00Z,AmazonEC2,Other,RunInstances,7.4124,2.564736,2.611884,Usage,us-east-1,,,prod
89ce9ee4-d6e2-c9d5-9be8-889878369b90,2026-03-04T00:00:00Z/2026-03-05T00:00:00Z,2026-03-04T00:00:00Z,2026-03-05T00:00:00Z,AmazonEC2,Other,RunInstances,13.9915,2.631309,2.605139,Usage,us-east-1,,,prod
b4a54e93-daa0-cf47-3479-3bc8f3521f34,2026-03-04T00:00:00Z/2026-03-05T00:00:00Z,2026-03-04T00:00:00Z,2026-03-05T00:00:00Z,AmazonEC2,Other,RunInstances,8.2498,2.131688,2.084927,Usage,us-east-1,,,prod
aa0fb455-b950-2770-cfac-c6f7e9e80022,2026-03-04T00:00:00Z/2026-03-05T00:00:00Z,2026-03-04T00:00:00Z,2026-03-05T00:00:00Z,AmazonEC2,Other,RunInstances,10.1419,2.128257,2.204841,Usage,us-east-1,,,prod
344881c1-a91c-b0da-e0ce-9505639d9371,2026-03-04T00:00:00Z/2026-03-05T00:00:00Z,2026-03-04T00:00:00Z,2026-03-05T00:00:00Z,AmazonEC2,Other,RunInstances,19.5833,2.349706,2.379927,Usage,us-east-1,,,prod
e119850c-2532-4aa3-300f-c003552aa14c,2026-03-04T00:00:00Z/2026-03-05T00:00:00Z,2026-03-04T00:00:00Z,2026-03-05T00:00:00Z,AmazonEC2,Other,RunInstances,10.458,2.480533,2.367019,Usage,us-east-1,,,prod
adf30267-6e47-3103-416d-4a4dbbeb04ae,2026-03-04T00:00:00Z/2026-03-05T00:00:00Z,2026-03-04T00:00:00Z,2026-03-05T00:00:00Z,AmazonEC2,BoxUsage:m5.large,RunInstances,18.2958,55.750664,58.409177,Usage,us-east-1,,,prod
343f2851-bc5d-9df4-551c-f60894541a38,2026-03-04T00:00:00Z/2026-03-05T00:00:00Z,2026-03-04T00:00:00Z,2026-03-05T00:00:00Z,AmazonEC2,BoxUsage:m5.large,RunInstances,18.2892,51.664703,49.568333,Usage,us-east-1,,,prod
62da0d13-9a25-1084-867c-afa262a21a1e,2026-03-04T00:00:00Z/2026-03-05T00:00:00Z,2026-03-04T00:00:00Z,2026-03-05T00:00:00Z,AmazonEC2,BoxUsage:m5.large,RunInstances,21.2916,60.910178,63.17303,Usage,us-east-1,,,prod
524ed41d-5ded-772a-4418-5600c53d550b,2026-03-04T00:00:00Z/2026-03-05T00:00:00Z,2026-03-04T00:00:00Z,2026-03-05T00:00:00Z,AmazonEC2,BoxUsage:m5.large,RunInstances,22.1102,59.972069,61.04283,Usage,us-east-1,,,prod
50ad8507-faa5-bfdb-de3d-41ce74b90a9e,2026-03-04T00:00:00Z/2026-03-05T00:00:00Z,2026-03-04T00:00:00Z,2026-03-05T00:00:00Z,AmazonEC2,BoxUsage:m5.large,RunInstances,6.4768,60.821456,63.704801,Usage,us-east-1,,,prod
e01cbda5-5119-24e8-59d0-837dd887d385,2026-03-04T00:00:00Z/2026-03-05T00:00:00Z,2026-03-04T00:00:00Z,2026-03-05T00:00:00Z,AmazonEC2,Other,RunInstances,1.2773,56.498661,58.226944,Usage,us-east-1,,,prod
9b1b1fe9-69a4-8b40-4f98-1701e74ab726,2026-03-04T00:00:00Z/2026-03-05T00:00:00Z,2026-03-04T00:00:00Z,2026-03-05T00:00:00Z,AmazonEC2,Other,RunInstances,6.3954,65.315439,62.533933,Usage,us-east-1,,,prod
b9963214-6a9a-23bc-9a18-1fe4e7b8c7fd,2026-03-04T00:00:00Z/2026-03-05T00:00:00Z,2026-03-04T00:00:00Z,2026-03-05T00:00:00Z,AmazonEC2,Other,RunInstances,19.4113,56.899919,56.039232,Usage,us-east-1,,,prod
4d81e6d9-90d9-1409-3a9a-3e84bbbcbb47,2026-03-04T00:00:00Z/2026-03-05T00:00:00Z,2026-03-04T00:00:00Z,2026-03-05T00:00:00Z,AmazonEC2,Other,RunInstances,16.2621,55.29835,56.542984,Usage,us-east-1,,,prod
95c48263-0e5e-7d60-0311-c2665811cc64,2026-03-04T00:00:00Z/2026-03-05T00:00:00Z,2026-03-04T00:00:00Z,2026-03-05T00:00:00Z,AmazonEC2,Other,RunInstances,5.0527,66.56797,66.204324,Usage,us-east-1,,,prod
a0a5bc56-48a5-2cf8-300a-d22e9b0bc314,2026-03-05T00:00:00Z/2026-03-06T00:00:00Z,2026-03-05T00:00:00Z,2026-03-06T00:00:00Z,AmazonEC2,BoxUsage:c5.xlarge,RunInstances,3.0541,2.017426,2.040984,Usage,us-east-1,,,prod
f242fe59-3fba-0244-0e0f-0b88c41a1d60,2026-03-05T00:00:00Z/2026-03-06T00:00:00Z,2026-03-05T00:00:00Z,2026-03-06T00:00:00Z,AmazonEC2,BoxUsage:c5.xlarge,RunInstances,9.9975,2.402393,2.359603,Usage,us-east-1,,,prod
5afc7a03-9cac-44a7-4a16-ce5bc9077caa,2026-03-05T00:00:00Z/2026-03-06T00:00:00Z,2026-03-05T00:00:00Z,2026-03-06T00:00:00Z,AmazonEC2,BoxUsage:c5.xlarge,RunInstances,18.8087,2.031104,1.95683,Usage,us-east-1,,,prod
cba71058-3161-d03e-a018-c76964081055,2026-03-05T00:00:00Z/2026-03-06T00:00:00Z,2026-03-05T00:00:00Z,2026-03-06T00:00:00Z,AmazonEC2,BoxUsage:c5.xlarge,RunInstances,18.0423,2.029338,1.978835,Usage,us-east-1,,,prod
daced485-545e-2611-4585-14afab7fd299,2026-03-05T00:00:00Z/2026-03-06T00:00:00Z,2026-03-05T00:00:00Z,2026-03-06T00:00:00Z,AmazonEC2,BoxUsage:c5.xlarge,RunInstances,4.8273,2.614582,2.590214,Usage,us-east-1,,,prod
311fc0b2-ecd6-6863-16fe-5d294bc2fbaa,2026-03-05T00:00:00Z/2026-03-06T00:00:00Z,2026-03-05T00:00:00Z,2026-03-06T00:00:00Z,AmazonEC2,BoxUsage:r5.xlarge,RunInstances,6.4164,2.458298,2.345861,Usage,us-east-1,,,prod
c2c8aa54-8b64-f8e6-0690-d39077bf35f4,2026-03-05T00:00:00Z/2026-03-06T00:00:00Z,2026-03-05T00:00:00Z,2026-03-06T00:00:00Z,AmazonEC2,BoxUsage:r5.xlarge,RunInstances,18.3832,2.364835,2.43596,Usage,us-east-1,,,prod
ab99e282-28fb-8f8a-e1af-ad4fe5fb01e6,2026-03-05T00:00:00Z/2026-03-06T00:00:00Z,2026-03-05T00:00:00Z,2026-03-06T00:00:00Z,AmazonEC2,BoxUsage:r5.xlarge,RunInstances,21.1521,2.443413,2.421407,Usage,us-east-1,,,prod
9753e9c8-e899-97da-600c-cad56eff8c23,2026-03-05T00:00:00Z/2026-03-06T00:00:00Z,2026-03-05T00:00:00Z,2026-03-06T00:00:00Z,AmazonEC2,BoxUsage:r5.xlarge,RunInstances,2.322,2.061857,2.135849,Usage,us-east-1,,,prod
08a54895-d012-2ee4-6788-af555bb9f78a,2026-03-05T00:00:00Z/2026-03-06T00:00:00Z,2026-03-05T00:00:00Z,2026-03-06T00:00:00Z,AmazonEC2,BoxUsage:r5.xlarge,RunInstances,12.1852,2.495346,2.538621,Usage,us-east-1,,,prod
32c7da81-f33f-ebf8-0e79-7b546e4cf46a,2026-03-05T00:00:00Z/2026-03-06T00:00:00Z,2026-03-05T00:00:00Z,2026-03-06T00:00:00Z,AmazonEC2,Other,RunInstances,21.0321,2.379108,2.283593,Usage,us-east-1,,,prod
4a0b8321-0180-b441-ecfa-36bf65cd3813,2026-03-05T00:00:00Z/2026-03-06T00:00:00Z,2026-03-05T00:00:00Z,2026-03-06T00:00:00Z,AmazonEC2,Other,RunInstances,3.464,2.33503,2.312464,Usage,us-east-1,,,prod
cc86b445-9dd4-a714-e115-bf3a7376df61,2026-03-05T00:00:00Z/2026-03-06T00:00:00Z,2026-03-05T00:00:00Z,2026-03-06T00:00:00Z,AmazonEC2,Other,RunInstances,8.1648,2.201653,2.103383,Usage,us-east-1,,,prod
7ccac1a2-e91d-9fd8-2d9f-d29dc4e7d24f,2026-03-05T00:00:00Z/2026-03-06T00:00:00Z,2026-03-05T00:00:00Z,2026-03-06T00:00:00Z,AmazonEC2,Other,RunInstances,13.9491,2.111636,2.175125,Usage,us-east-1,,,prod
65d78cae-4212-b20a-afdd-db2782b8aa04,2026-03-05T00:00:00Z/2026-03-06T00:00:00Z,2026-03-05T00:00:00Z,2026-03-06T00:00:00Z,AmazonEC2,Other,RunInstances,16.2378,2.111859,2.209892,Usage,us-east-1,,,prod
f09bd77e-0753-dd52-7806-52bb9c573442,2026-03-05T00:00:00Z/2026-03-06T00:00:00Z,2026-03-05T00:00:00Z,2026-03-06T00:00:00Z,AmazonEC2,Other,RunInstances,18.9533,2.554488,2.498332,Usage,us-east-1,,,prod
8d3380d4-f479-4072-9425-33322d9b597a,2026-03-05T00:00:00Z/2026-03-06T00:00:00Z,2026-03-05T00:00:00Z,2026-03-06T00:00:00Z,AmazonEC2,Other,RunInstances,2.6785,2.197627,2.306573,Usage,us-east-1,,,prod
03d79c81-2d41-ab35-fbb6-0a501ed7454f,2026-03-05T00:00:00Z/2026-03-06T00:00:00Z,2026-03-05T00:00:00Z,2026-03-06T00:00:00Z,AmazonEC2,Other,RunInstances,11.3687,2.281057,2.299707,Usage,us-east-1,,,prod
9043882f-4d36-247e-5473-3c37af1a92a4,2026-03-05T00:00:00Z/2026-03-06T00:00:00Z,2026-03-05T00:00:00Z,2026-03-06T00:00:00Z,AmazonEC2,Other,RunInstances,18.98,2.014975,2.025979,Usage,us-east-1,,,prod
2a843abb-9930-9c5d-e9cb-c9a790856a71,2026-03-05T00:00:00Z/2026-03-06T00:00:00Z,2026-03-05T00:00:00Z,2026-03-06T00:00:00Z,AmazonEC2,Other,RunInstances,9.7387,2.239658,2.164395,Usage,us-east-1,,,prod
efc6f1a3-e53f-ad57-780c-e7b726f84256,2026-03-05T00:00:00Z/2026-03-06T00:00:00Z,2026-03-05T00:00:00Z,2026-03-06T00:00:00Z,AmazonEC2,BoxUsage:m5.large,RunInstances,18.8536,53.615811,56.255373,Usage,us-east-1,,,prod
2aa31197-2f63-0a93-6ea4-7491fae62db1,2026-03-05T00:00:00Z/2026-03-06T00:00:00Z,2026-03-05T00:00:00Z,2026-03-06T00:00:00Z,AmazonEC2,BoxUsage:m5.large,RunInstances,5.87,56.226232,58.675058,Usage,us-east-1,,,prod
ba0eaba6-40a3-5407-ead0-f9688156189f,2026-03-05T00:00:00Z/2026-03-06T00:00:00Z,2026-03-05T00:00:00Z,2026-03-06T00:00:00Z,AmazonEC2,BoxUsage:m5.large,RunInstances,13.2786,51.178362,51.563613,Usage,us-east-1,,,prod
7b43e67f-23dd-3c55-0943-981df096f29e,2026-03-05T00:00:00Z/2026-03-06T00:00:00Z,2026-03-05T00:00:00Z,2026-03-06T00:00:00Z,AmazonEC2,BoxUsage:m5.large,RunInstances,10.1196,58.477238,59.859822,Usage,us-east-1,,,prod
0d7c52fd-cb65-5ae9-9b61-8250f730ad45,2026-03-05T00:00:00Z/2026-03-06T00:00:00Z,2026-03-05T00:00:00Z,2026-03-06T00:00:00Z,AmazonEC2,BoxUsage:m5.large,RunInstances,3.9763,53.376051,55.187408,Usage,us-east-1,,,prod
205c01e7-b5fb-be75-9cd6-e9470eb7ab42,2026-03-05T00:00:00Z/2026-03-06T00:00:00Z,2026-03-05T00:00:00Z,2026-03-06T00:00:00Z,AmazonEC2,Other,RunInstances,20.6145,63.106843,62.374194,Usage,us-east-1,,,prod
a15cc94b-f32a-2969-670a-2c944898c307,2026-03-05T00:00:00Z/2026-03-06T00:00:00Z,2026-03-05T00:00:00Z,2026-03-06T00:00:00Z,AmazonEC2,Other,RunInstances,9.4426,53.709364,54.751607,Usage,us-east-1,,,prod
5bded125-0425-c089-d4cc-049b875a7871,2026-03-05T00:00:00Z/2026-03-06T00:00:00Z,2026-03-05T00:00:00Z,2026-03-06T00:00:00Z,AmazonEC2,Other,RunInstances,6.3453,60.525111,60.631254,Usage,us-east-1,,,prod
f3df0fa4-9762-e33f-29a7-9778134ae44f,2026-03-05T00:00:00Z/2026-03-06T00:00:00Z,2026-03-05T00:00:00Z,2026-03-06T00:00:00Z,AmazonEC2,Other,RunInstances,12.7606,56.976494,59.236488,Usage,us-east-1,,,prod
89cdc92c-c3f6-8412-7e07-4b16a3d4bb5b,2026-03-05T00:00:00Z/2026-03-06T00:00:00Z,2026-03-05T00:00:00Z,2026-03-06T00:00:00Z,AmazonEC2,Other,RunInstances,2.5093,59.88943,57.15139,Usage,us-east-1,,,prod
3a3b4dea-38b1-32ef-ce7e-9342604bc067,2026-03-06T00:00:00Z/2026-03-07T00:00:00Z,2026-03-06T00:00:00Z,2026-03-07T00:00:00Z,AmazonEC2,BoxUsage:c5.xlarge,RunInstances,4.6895,2.393274,2.426763,Usage,us-east-1,,,prod
05a97371-fb37-21fe-2ddb-c4cdd8e136ef,2026-03-06T00:00:00Z/2026-03-07T00:00:00Z,2026-03-06T00:00:00Z,2026-03-07T00:00:00Z,AmazonEC2,BoxUsage:c5.xlarge,RunInstances,9.1535,2.198767,2.160401,Usage,us-east-1,,,prod
51e6ec8d-3f71-af7a-6f29-d039722ffb3e,2026-03-06T00:00:00Z/2026-03-07T00:00:00Z,2026-03-06T00:00:00Z,2026-03-07T00:00:00Z,AmazonEC2,BoxUsage:c5.xlarge,RunInstances,10.9062,2.262606,2.366042,Usage,us-east-1,,,prod
4f701096-0c77-eb7b-d330-b20885412363,2026-03-06T00:00:00Z/2026-03-07T00:00:00Z,2026-03-06T00:00:00Z,2026-03-07T00:00:00Z,AmazonEC2,BoxUsage:c5.xlarge,RunInstances,11.7556,2.348468,2.44444,Usage,us-east-1,,,prod
510449d0-c959-4b2b-cd4d-c80cfccd8b6e,2026-03-06T00:00:00Z/2026-03-07T00:00:00Z,2026-03-06T00:00:00Z,2026-03-07T00:00:00Z,AmazonEC2,BoxUsage:c5.xlarge,RunInstances,13.4359,2.05457,2.010972,Usage,us-east-1,,,prod
e1e9520a-a07a-8d20-e62b-e0a72c84074d,2026-03-06T00:00:00Z/2026-03-07T00:00:00Z,2026-03-06T00:00:00Z,2026-03-07T00:00:00Z,AmazonEC2,BoxUsage:r5.xlarge,RunInstances,21.5828,2.374889,2.281473,Usage,us-east-1,,,prod
68e5afbd-ccc7-2997-f38c-b8161de64cf6,2026-03-06T00:00:00Z/2026-03-07T00:00:00Z,2026-03-06T00:00:00Z,2026-03-07T00:00:00Z,AmazonEC2,BoxUsage:r5.xlarge,RunInstances,22.3176,2.578259,2.575195,Usage,us-east-1,,,prod
d43b52ef-8c1f-2459-63c6-63775951478e,2026-03-06T00:00:00Z/2026-03-07T00:00:00Z,2026-03-06T00:00:00Z,2026-03-07T00:00:00Z,AmazonEC2,BoxUsage:r5.xlarge,RunInstances,20.1006,2.070567,2.116661,Usage,us-east-1,,,prod
59b4d570-26cf-1ff1-9ffe-82898effc3eb,2026-03-06T00:00:00Z/2026-03-07T00:00:00Z,2026-03-06T00:00:00Z,2026-03-07T00:00:00Z,AmazonEC2,BoxUsage:r5.xlarge,RunInstances,7.1424,2.294547,2.204281,Usage,us-east-1,,,prod
adbbd3c9-26cc-5bb7-2505-514be6835d14,2026-03-06T00:00:00Z/2026-03-07T00:00:00Z,2026-03-06T00:00:00Z,2026-03-07T00:00:00Z,AmazonEC2,BoxUsage:r5.xlarge,RunInstances,9.3183,2.392908,2.41505,Usage,us-east-1,,,prod
7d836f2f-437e-c07f-4f90-ee8250344074,2026-03-06T00:00:00Z/2026-03-07T00:00:00Z,2026-03-06T00:00:00Z,2026-03-07T00:00:00Z,AmazonEC2,Other,RunInstances,9.8375,2.579137,2.621577,Usage,us-east-1,,,prod
156b9059-8141-53c7-c90f-5a702dc0bca9,2026-03-06T00:00:00Z/2026-03-07T00:00:00Z,2026-03-06T00:00:00Z,2026-03-07T00:00:00Z,AmazonEC2,Other,RunInstances,22.1523,2.327368,2.292419,Usage,us-east-1,,,prod
c4156ea9-0f6b-5562-5729-54786b62d413,2026-03-06T00:00:00Z/2026-03-07T00:00:00Z,2026-03-06T00:00:00Z,2026-03-07T00:00:00Z,AmazonEC2,Other,RunInstances,16.3352,2.058061,2.158887,Usage,us-east-1,,,prod
093b6a5b-d670-54cd-cb7d-5d5cb11f8cff,2026-03-06T00:00:00Z/2026-03-07T00:00:00Z,2026-03-06T00:00:00Z,2026-03-07T00:00:00Z,AmazonEC2,Other,RunInstances,5.6121,2.24712,2.178945,Usage,us-east-1,,,prod
6cc4204a-7d90-2c39-ed4e-b9ae03e4d827,2026-03-06T00:00:00Z/2026-03-07T00:00:00Z,2026-03-06T00:00:00Z,2026-03-07T00:00:00Z,AmazonEC2,Other,RunInstances,16.3452,2.124283,2.193427,Usage,us-east-1,,,prod
5701f1b5-7dc4-a24f-4e7e-8f252dbe6cc3,2026-03-06T00:00:00Z/2026-03-07T00:00:00Z,2026-03-06T00:00:00Z,2026-03-07T00:00:00Z,AmazonEC2,Other,RunInstances,13.8958,2.365685,2.358494,Usage,us-east-1,,,prod
f8523ae1-afec-d4fc-7339-93bbb15faea4,2026-03-06T00:00:00Z/2026-03-07T00:00:00Z,2026-03-06T00:00:00Z,2026-03-07T00:00:00Z,AmazonEC2,Other,RunInstances,13.7872,2.274587,2.355457,Usage,us-east-1,,,prod
0e8d52ee-0da1-fa46-c1b9-6aa5725e7556,2026-03-06T00:00:00Z/2026-03-07T00:00:00Z,2026-03-06T00:00:00Z,2026-03-07T00:00:00Z,AmazonEC2,Other,RunInstances,5.6561,2.501528,2.504306,Usage,us-east-1,,,prod
591f4ad9-6245-22fa-4f06-c0ca74fb348a,2026-03-06T00:00:00Z/2026-03-07T00:00:00Z,2026-03-06T00:00:00Z,2026-03-07T00:00:00Z,AmazonEC2,Other,RunInstances,11.0077,2.563715,2.452189,Usage,us-east-1,,,prod
b98a4fdb-f246-d543-b4ee-4cf988c9e978,2026-03-06T00:00:00Z/2026-03-07T00:00:00Z,2026-03-06T00:00:00Z,2026-03-07T00:00:00Z,AmazonEC2,Other,RunInstances,15.9355,2.310016,2.278485,Usage,us-east-1,,,prod
4019291f-e775-59db-3fc7-2de7bebeeecb,2026-03-06T00:00:00Z/2026-03-07T00:00:00Z,2026-03-06T00:00:00Z,2026-03-07T00:00:00Z,AmazonEC2,BoxUsage:m5.large,RunInstances,12.477,66.892763,64.769293,Usage,us-east-1,,,prod
2be6cef9-0d1e-add0-20ec-ddf68295109e,2026-03-06T00:00:00Z/2026-03-07T00:00:00Z,2026-03-06T00:00:00Z,2026-03-07T00:00:00Z,AmazonEC2,BoxUsage:m5.large,RunInstances,23.8244,56.131167,53.546823,Usage,us-east-1,,,prod
7684d0c7-4e7f-9fa1-47ca-98b5b0552c88,2026-03-06T00:00:00Z/2026-03-07T00:00:00Z,2026-03-06T00:00:00Z,2026-03-07T00:00:00Z,AmazonEC2,BoxUsage:m5.large,RunInstances,13.1464,53.110059,54.418316,Usage,us-east-1,,,prod
b84c84e2-9a73-240a-8d6e-aab0598351df,2026-03-06T00:00:00Z/2026-03-07T00:00:00Z,2026-03-06T00:00:00Z,2026-03-07T00:00:00Z,AmazonEC2,BoxUsage:m5.large,RunInstances,8.5475,67.014904,70.268119,Usage,us-east-1,,,prod
dfd201d5-9e6d-4603-12ec-d4f82d3ff579,2026-03-06T00:00:00Z/2026-03-07T00:00:00Z,2026-03-06T00:00:00Z,2026-03-07T00:00:00Z,AmazonEC2,BoxUsage:m5.large,RunInstances,4.9488,54.599692,54.515588,Usage,us-east-1,,,prod
a98326fc-4a40-a3bf-a032-1f1094d28bfa,2026-03-06T00:00:00Z/2026-03-07T00:00:00Z,2026-03-06T00:00:00Z,2026-03-07T00:00:00Z,AmazonEC2,Other,RunInstances,16.8606,52.129803,54.432073,Usage,us-east-1,,,prod
75f7395f-882b-b1d5-ae0f-05fbde0f6bdd,2026-03-06T00:00:00Z/2026-03-07T00:00:00Z,2026-03-06T00:00:00Z,2026-03-07T00:00:00Z,AmazonEC2,Other,RunInstances,8.3086,53.03288,51.574657,Usage,us-east-1,,,prod
b51c4dba-b480-bc8f-315c-22530871c1b5,2026-03-06T00:00:00Z/2026-03-07T00:00:00Z,2026-03-06T00:00:00Z,2026-03-07T00:00:00Z,AmazonEC2,Other,RunInstances,2.6065,65.380115,68.185901,Usage,us-east-1,,,prod
085cac65-3508-ca1d-d7c6-06d750a191fe,2026-03-06T00:00:00Z/2026-03-07T00:00:00Z,2026-03-06T00:00:00Z,2026-03-07T00:00:00Z,AmazonEC2,Other,RunInstances,12.8888,51.289667,53.589786,Usage,us-east-1,,,prod
ce308469-9dee-062a-5716-1aa283c19b5e,2026-03-06T00:00:00Z/2026-03-07T00:00:00Z,2026-03-06T00:00:00Z,2026-03-07T00:00:00Z,AmazonEC2,Other,RunInstances,6.0255,63.805548,63.881742,Usage,us-east-1,,,prod
eab418a7-c4eb-421c-70fd-47f64cd980b7,2026-03-07T00:00:00Z/2026-03-08T00:00:00Z,2026-03-07T00:00:00Z,2026-03-08T00:00:00Z,AmazonEC2,BoxUsage:c5.xlarge,RunInstances,5.1161,2.379093,2.400746,Usage,us-east-1,,,prod
8f2cd5c3-a6a7-4025-3b45-6c2a06f76f9c,2026-03-07T00:00:00Z/2026-03-08T00:00:00Z,2026-03-07T00:00:00Z,2026-03-08T00:00:00Z,AmazonEC2,BoxUsage:c5.xlarge,RunInstances,3.268,2.13088,2.063363,Usage,us-east-1,,,prod
dbc57db2-742c-433b-40a7-04160355c106,2026-03-07T00:00:00Z/2026-03-08T00:00:00Z,2026-03-07T00:00:00Z,2026-03-08T00:00:00Z,AmazonEC2,BoxUsage:c5.xlarge,RunInstances,14.5112,2.127202,2.070026,Usage,us-east-1,,,prod
a099fd8d-193c-8e1b-264b-ae482eb798d6,2026-03-07T00:00:00Z/2026-03-08T00:00:00Z,2026-03-07T00:00:00Z,2026-03-08T00:00:00Z,AmazonEC2,BoxUsage:c5.xlarge,RunInstances,22.1961,2.239364,2.173445,Usage,us-east-1,,,prod
e7a98ec3-7af0-5669-6b0e-be822ab673f3,2026-03-07T00:00:00Z/2026-03-08T00:00:00Z,2026-03-07T00:00:00Z,2026-03-08T00:00:00Z,AmazonEC2,BoxUsage:c5.xlarge,RunInstances,4.8518,2.287566,2.353935,Usage,us-east-1,,,prod
80f79a1e-719a-e8fc-886f-0f524923e6f2,2026-03-07T00:00:00Z/2026-03-08T00:00:00Z,2026-03-07T00:00:00Z,2026-03-08T00:00:00Z,AmazonEC2,BoxUsage:r5.xlarge,RunInstances,5.0638,2.244015,2.236801,Usage,us-east-1,,,prod
8e8fc3c1-c2b2-35d6-afc8-0933d6361974,2026-03-07T00:00:00Z/2026-03-08T00:00:00Z,2026-03-07T00:00:00Z,2026-03-08T00:00:00Z,AmazonEC2,BoxUsage:r5.xlarge,RunInstances,13.2778,2.620362,2.709944,Usage,us-east-1,,,prod
6b023236-eb94-a122-bf1b-4ac0c1842407,2026-03-07T00:00:00Z/2026-03-08T00:00:00Z,2026-03-07T00:00:00Z,2026-03-08T00:00:00Z,AmazonEC2,BoxUsage:r5.xlarge,RunInstances,21.5206,2.21738,2.279315,Usage,us-east-1,,,prod
1317c6e3-7b26-37d4-5325-31259fef06f6,2026-03-07T00:00:00Z/2026-03-08T00:00:00Z,2026-03-07T00:00:00Z,2026-03-08T00:00:00Z,AmazonEC2,BoxUsage:r5.xlarge,RunInstances,13.0626,2.125774,2.091374,Usage,us-east-1,,,prod
5292c142-138e-d2ee-e1fc-99883f8c3cd1,2026-03-07T00:00:00Z/2026-03-08T00:00:00Z,2026-03-07T00:00:00Z,2026-03-08T00:00:00Z,AmazonEC2,BoxUsage:r5.xlarge,RunInstances,6.6154,1.988952,1.961984,Usage,us-east-1,,,prod
9bbd3207-8519-70cd-f364-f9c32c741a6d,2026-03-07T00:00:00Z/2026-03-08T00:00:00Z,2026-03-07T00:00:00Z,2026-03-08T00:00:00Z,AmazonEC2,Other,RunInstances,18.2486,2.55989,2.592221,Usage,us-east-1,,,prod
b92889ce-3a57-4786-9a9d-fa8064966bf5,2026-03-07T00:00:00Z/2026-03-08T00:00:00Z,2026-03-07T00:00:00Z,2026-03-08T00:00:00Z,AmazonEC2,Other,RunInstances,13.4361,2.367414,2.444476,Usage,us-east-1,,,prod
2db50596-cda1-8168-09e3-7c6c5ddf52e5,2026-03-07T00:00:00Z/2026-03-08T00:00:00Z,2026-03-07T00:00:00Z,2026-03-08T00:00:00Z,AmazonEC2,Other,RunInstances,15.4746,2.486579,2.511974,Usage,us-east-1,,,prod
b3cd0d0b-f760-ade9-4705-357f3dcd43f4,2026-03-07T00:00:00Z/2026-03-08T00:00:00Z,2026-03-07T00:00:00Z,2026-03-08T00:00:00Z,AmazonEC2,Other,RunInstances,13.1208,2.052547,1.968463,Usage,us-east-1,,,prod
947eb396-f371-fab7-ceea-e09b2afb1166,2026-03-07T00:00:00Z/2026-03-08T00:00:00Z,2026-03-07T00:00:00Z,2026-03-08T00:00:00Z,AmazonEC2,Other,RunInstances,11.9578,2.117713,2.120692,Usage,us-east-1,,,prod
de0c7006-5abe-17ff-c2bd-ad0e92c9eff9,2026-03-07T00:00:00Z/2026-03-08T00:00:00Z,2026-03-07T00:00:00Z,2026-03-08T00:00:00Z,AmazonEC2,Other,RunInstances,14.0995,2.5588,2.48002,Usage,us-east-1,,,prod
90baa927-ba67-fe5a-7564-e66458412e2c,2026-03-07T00:00:00Z/2026-03-08T00:00:00Z,2026-03-07T00:00:00Z,2026-03-08T00:00:00Z,AmazonEC2,Other,RunInstances,17.3364,2.274287,2.172276,Usage,us-east-1,,,prod
61c15a4e-551e-8e35-f75a-67485a3ef73a,2026-03-07T00:00:00Z/2026-03-08T00:00:00Z,2026-03-07T00:00:00Z,2026-03-08T00:00:00Z,AmazonEC2,Other,RunInstances,16.6836,2.630344,2.72862,Usage,us-east-1,,,prod
bfae5f53-b4cb-b990-c68b-07d29e66f0e8,2026-03-07T00:00:00Z/2026-03-08T00:00:00Z,2026-03-07T00:00:00Z,2026-03-08T00:00:00Z,AmazonEC2,Other,RunInstances,23.6173,2.45243,2.454515,Usage,us-east-1,,,prod
00c66571-c649-fc22-60e7-194c641d7f98,2026-03-07T00:00:00Z/2026-03-08T00:00:00Z,2026-03-07T00:00:00Z,2026-03-08T00:00:00Z,AmazonEC2,Other,RunInstances,11.6544,2.368261,2.357785,Usage,us-east-1,,,prod
35d56319-5c3f-df14-8c6c-839013d34711,2026-03-07T00:00:00Z/2026-03-08T00:00:00Z,2026-03-07T00:00:00Z,2026-03-08T00:00:00Z,AmazonEC2,BoxUsage:m5.large,RunInstances,22.2232,60.342471,57.600385,Usage,us-east-1,,,prod
4857fef3-8d06-9884-bbea-b1f78823e99d,2026-03-07T00:00:00Z/2026-03-08T00:00:00Z,2026-03-07T00:00:00Z,2026-03-08T00:00:00Z,AmazonEC2,BoxUsage:m5.large,RunInstances,18.8102,56.837363,59.024964,Usage,us-east-1,,,prod
e8bc8f39-0be2-cd27-b117-738df60f29f6,2026-03-07T00:00:00Z/2026-03-08T00:00:00Z,2026-03-07T00:00:00Z,2026-03-08T00:00:00Z,AmazonEC2,BoxUsage:m5.large,RunInstances,19.4212,51.730126,49.715474,Usage,us-east-1,,,prod
08cef0df-e437-b868-8862-e0f23422ac80,2026-03-07T00:00:00Z/2026-03-08T00:00:00Z,2026-03-07T00:00:00Z,2026-03-08T00:00:00Z,AmazonEC2,BoxUsage:m5.large,RunInstances,5.9178,66.59866,69.303409,Usage,us-east-1,,,prod
b0c262cd-08e1-a906-1a3a-2baedc997081,2026-03-07T00:00:00Z/2026-03-08T00:00:00Z,2026-03-07T00:00:00Z,2026-03-08T00:00:00Z,AmazonEC2,BoxUsage:m5.large,RunInstances,9.8496,58.220177,59.901783,Usage,us-east-1,,,prod
5da8c916-1465-74a9-587a-710e763f7888,2026-03-07T00:00:00Z/2026-03-08T00:00:00Z,2026-03-07T00:00:00Z,2026-03-08T00:00:00Z,AmazonEC2,Other,RunInstances,16.377,54.739287,55.498283,Usage,us-east-1,,,prod
a51bfa9b-3532-223a-b7c8-1aa4291c8ba8,2026-03-07T00:00:00Z/2026-03-08T00:00:00Z,2026-03-07T00:00:00Z,2026-03-08T00:00:00Z,AmazonEC2,Other,RunInstances,10.4059,51.341588,50.262572,Usage,us-east-1,,,prod
2bac1f81-d15c-db04-10c0-c44ba10bf485,2026-03-07T00:00:00Z/2026-03-08T00:00:00Z,2026-03-07T00:00:00Z,2026-03-08T00:00:00Z,AmazonEC2,Other,RunInstances,8.3872,59.201542,59.697565,Usage,us-east-1,,,prod
f3b695df-538c-6e48-8af6-f45b16ca4144,2026-03-07T00:00:00Z/2026-03-08T00:00:00Z,2026-03-07T00:00:00Z,2026-03-08T00:00:00Z,AmazonEC2,Other,RunInstances,23.0454,57.908792,55.417659,Usage,us-east-1,,,prod
6c7fefe6-e3c9-c7c0-bcdf-6d4f63299a06,2026-03-07T00:00:00Z/2026-03-08T00:00:00Z,2026-03-07T00:00:00Z,2026-03-08T00:00:00Z,AmazonEC2,Other,RunInstances,20.1951,60.986256,58.356814,Usage,us-east-1,,,prod
a89ebf59-61e1-a165-9714-6ee3d285813a,2026-03-08T00:00:00Z/2026-03-09T00:00:00Z,2026-03-08T00:00:00Z,2026-03-09T00:00:00Z,AmazonEC2,BoxUsage:c5.xlarge,RunInstances,23.7034,2.628753,2.605234,Usage,us-east-1,,,prod
5d0efe08-a599-c1ea-f9a9-35c78499c25b,2026-03-08T00:00:00Z/2026-03-09T00:00:00Z,2026-03-08T00:00:00Z,2026-03-09T00:00:00Z,AmazonEC2,BoxUsage:c5.xlarge,RunInstances,10.5714,2.247776,2.244832,Usage,us-east-1,,,prod
dce6e465-4cd6-a519-c573-c0b32c40f501,2026-03-08T00:00:00Z/2026-03-09T00:00:00Z,2026-03-08T00:00:00Z,2026-03-09T00:00:00Z,AmazonEC2,BoxUsage:c5.xlarge,RunInstances,13.8977,2.491147,2.606125,Usage,us-east-1,,,prod
0c0a290a-e4c4-dda4-6dd8-b6391d8d210a,2026-03-08T00:00:00Z/2026-03-09T00:00:00Z,2026-03-08T00:00:00Z,2026-03-09T00:00:00Z,AmazonEC2,BoxUsage:c5.xlarge,RunInstances,19.3508,2.514021,2.588727,Usage,us-east-1,,,prod
6814f25b-58d8-dda8-6206-45fb4d6c63c6,2026-03-08T00:00:00Z/2026-03-09T00:00:00Z,2026-03-08T00:00:00Z,2026-03-09T00:00:00Z,AmazonEC2,BoxUsage:c5.xlarge,RunInstances,22.8049,2.443619,2.528439,Usage,us-east-1,,,prod
b24f1cf6-58da-31af-8fa4-ed436961af38,2026-03-08T00:00:00Z/2026-03-09T00:00:00Z,2026-03-08T00:00:00Z,2026-03-09T00:00:00Z,AmazonEC2,BoxUsage:r5.xlarge,RunInstances,9.9001,2.145,2.162983,Usage,us-east-1,,,prod
af5765a1-b4e4-c922-7ad2-871937703475,2026-03-08T00:00:00Z/2026-03-09T00:00:00Z,2026-03-08T00:00:00Z,2026-03-09T00:00:00Z,AmazonEC2,BoxUsage:r5.xlarge,RunInstances,22.4867,2.055914,2.109626,Usage,us-east-1,,,prod
8e912b15-de5d-cc85-63ab-0c2c5f083dd0,2026-03-08T00:00:00Z/2026-03-09T00:00:00Z,2026-03-08T00:00:00Z,2026-03-09T00:00:00Z,AmazonEC2,BoxUsage:r5.xlarge,RunInstances,7.8929,2.645741,2.666479,Usage,us-east-1,,,prod
7603cf3f-9d08-c0b0-3651-ab27b4f36da3,2026-03-08T00:00:00Z/2026-03-09T00:00:00Z,2026-03-08T00:00:00Z,2026-03-09T00:00:00Z,AmazonEC2,BoxUsage:r5.xlarge,RunInstances,23.3286,2.472814,2.566111,Usage,us-east-1,,,prod
635e233b-2930-2611-8a40-e097d8e6d9b7,2026-03-08T00:00:00Z/2026-03-09T00:00:00Z,2026-03-08T00:00:00Z,2026-03-09T00:00:00Z,AmazonEC2,BoxUsage:r5.xlarge,RunInstances,6.8246,2.45659,2.36516,Usage,us-east-1,,,prod
8be96fb2-4bd2-cb58-0a8b-3f0aa6325754,2026-03-08T00:00:00Z/2026-03-09T00:00:00Z,2026-03-08T00:00:00Z,2026-03-09T00:00:00Z,AmazonEC2,Other,RunInstances,15.6141,2.321642,2.423183,Usage,us-east-1,,,prod
90a51ced-2bcc-d80f-2e6c-ca082ff6b6a3,2026-03-08T00:00:00Z/2026-03-09T00:00:00Z,2026-03-08T00:00:00Z,2026-03-09T00:00:00Z,AmazonEC2,Other,RunInstances,14.6376,2.410631,2.48656,Usage,us-east-1,,,prod
db911bf7-3945-1cb6-40ee-5ebd882e5c2f,2026-03-08T00:00:00Z/2026-03-09T00:00:00Z,2026-03-08T00:00:00Z,2026-03-09T00:00:00Z,AmazonEC2,Other,RunInstances,14.9867,2.270826,2.373177,Usage,us-east-1,,,prod
0f1024ce-7c42-4ba2-3bd6-c735a228f05b,2026-03-08T00:00:00Z/2026-03-09T00:00:00Z,2026-03-08T00:00:00Z,2026-03-09T00:00:00Z,AmazonEC2,Other,RunInstances,22.5264,2.102431,2.162781,Usage,us-east-1,,,prod
4d198fd4-b7ae-6ce8-ecf9-cda4cae13eb0,2026-03-08T00:00:00Z/2026-03-09T00:00:00Z,2026-03-08T00:00:00Z,2026-03-09T00:00:00Z,AmazonEC2,Other,RunInstances,2.9095,2.01407,1.925987,Usage,us-east-1,,,prod
a8acdf4b-6f44-eb8f-e4f0-6a433365442b,2026-03-08T00:00:00Z/2026-03-09T00:00:00Z,2026-03-08T00:00:00Z,2026-03-09T00:00:00Z,AmazonEC2,Other,RunInstances,20.9677,2.229058,2.272695,Usage,us-east-1,,,prod
219731ca-efaa-4e2b-d485-021954128b4d,2026-03-08T00:00:00Z/2026-03-09T00:00:00Z,2026-03-08T00:00:00Z,2026-03-09T00:00:00Z,AmazonEC2,Other,RunInstances,11.0134,2.163941,2.141516,Usage,us-east-1,,,prod
198d85e3-8f65-befc-59e9-c09d1408b3c9,2026-03-08T00:00:00Z/2026-03-09T00:00:00Z,2026-03-08T00:00:00Z,2026-03-09T00:00:00Z,AmazonEC2,Other,RunInstances,13.3591,2.073463,2.14392,Usage,us-east-1,,,prod
7fdc35c0-5373-c21c-4dcd-ec8b1490a9c5,2026-03-08T00:00:00Z/2026-03-09T00:00:00Z,2026-03-08T00:00:00Z,2026-03-09T00:00:00Z,AmazonEC2,Other,RunInstances,22.0232,2.29947,2.241686,Usage,us-east-1,,,prod
42cbe09d-cf6e-2914-ab46-2a4c04536000,2026-03-08T00:00:00Z/2026-03-09T00:00:00Z,2026-03-08T00:00:00Z,2026-03-09T00:00:00Z,AmazonEC2,Other,RunInstances,3.1273,2.032651,1.991881,Usage,us-east-1,,,prod
06a44307-43c0-0fec-a3c2-c107f30e3052,2026-03-08T00:00:00Z/2026-03-09T00:00:00Z,2026-03-08T00:00:00Z,2026-03-09T00:00:00Z,AmazonEC2,BoxUsage:m5.large,RunInstances,13.6781,61.290224,59.078746,Usage,us-east-1,,,prod
558d2128-98fd-05d6-430b-e8c58d1897ef,2026-03-08T00:00:00Z/2026-03-09T00:00:00Z,2026-03-08T00:00:00Z,2026-03-09T00:00:00Z,AmazonEC2,BoxUsage:m5.large,RunInstances,23.9319,57.380323,54.748782,Usage,us-east-1,,,prod
fe7d8403-f392-6903-f06d-461ac31296b2,2026-03-08T00:00:00Z/2026-03-09T00:00:00Z,2026-03-08T00:00:00Z,2026-03-09T00:00:00Z,AmazonEC2,BoxUsage:m5.large,RunInstances,7.1816,51.5286,49.26409,Usage,us-east-1,,,prod
fa66faa8-b420-393f-5e1f-ce148f77dce8,2026-03-08T00:00:00Z/2026-03-09T00:00:00Z,2026-03-08T00:00:00Z,2026-03-09T00:00:00Z,AmazonEC2,BoxUsage:m5.large,RunInstances,2.8916,55.5223,57.847106,Usage,us-east-1,,,prod
1bd9b84f-f7b2-2759-e1f9-b78f9b833db6,2026-03-08T00:00:00Z/2026-03-09T00:00:00Z,2026-03-08T00:00:00Z,2026-03-09T00:00:00Z,AmazonEC2,BoxUsage:m5.large,RunInstances,13.3829,67.750292,69.853834,Usage,us-east-1,,,prod
b22e81b6-7e12-857d-d0b4-c86f3441c88a,2026-03-08T00:00:00Z/2026-03-09T00:00:00Z,2026-03-08T00:00:00Z,2026-03-09T00:00:00Z,AmazonEC2,Other,RunInstances,16.3548,52.142631,49.564184,Usage,us-east-1,,,prod
797d1c44-9fd9-01d6-782b-8ccbd4e27b95,2026-03-08T00:00:00Z/2026-03-09T00:00:00Z,2026-03-08T00:00:00Z,2026-03-09T00:00:00Z,AmazonEC2,Other,RunInstances,12.306,54.864939,55.425854,Usage,us-east-1,,,prod
759322f8-1eb5-b58e-da65-c7a4c627b741,2026-03-08T00:00:00Z/2026-03-09T00:00:00Z,2026-03-08T00:00:00Z,2026-03-09T00:00:00Z,AmazonEC2,Other,RunInstances,14.0515,51.098412,53.443886,Usage,us-east-1,,,prod
295a75d2-805a-28b8-0605-092faceb5869,2026-03-08T00:00:00Z/2026-03-09T00:00:00Z,2026-03-08T00:00:00Z,2026-03-09T00:00:00Z,AmazonEC2,Other,RunInstances,15.755,63.77065,61.387598,Usage,us-east-1,,,prod
7fd96339-0e70-c65a-c53e-722c2bab2907,2026-03-08T00:00:00Z/2026-03-09T00:00:00Z,2026-03-08T00:00:00Z,2026-03-09T00:00:00Z,AmazonEC2,Other,RunInstances,15.3436,54.10013,52.586274,Usage,us-east-1,,,prod
42c800d4-afde-51e4-c423-1cb403242df7,2026-03-09T00:00:00Z/2026-03-10T00:00:00Z,2026-03-09T00:00:00Z,2026-03-10T00:00:00Z,AmazonEC2,BoxUsage:c5.xlarge,RunInstances,19.7515,2.428774,2.375924,Usage,us-east-1,,,prod
0ba0831f-4689-1914-21c6-0dcc2b647888,2026-03-09T00:00:00Z/2026-03-10T00:00:00Z,2026-03-09T00:00:00Z,2026-03-10T00:00:00Z,AmazonEC2,BoxUsage:c5.xlarge,RunInstances,6.249,2.273269,2.16936,Usage,us-east-1,,,prod
2a33691f-a194-837d-6000-10865d8206d9,2026-03-09T00:00:00Z/2026-03-10T00:00:00Z,2026-03-09T00:00:00Z,2026-03-10T00:00:00Z,AmazonEC2,BoxUsage:c5.xlarge,RunInstances,7.2657,2.131169,2.1652,Usage,us-east-1,,,prod
47fce069-2f74-4422-6c9a-b4010e1a1616,2026-03-09T00:00:00Z/2026-03-10T00:00:00Z,2026-03-09T00:00:00Z,2026-03-10T00:00:00Z,AmazonEC2,BoxUsage:c5.xlarge,RunInstances,14.6626,2.656702,2.774227,Usage,us-east-1,,,prod
ddad0003-b32f-30d4-d992-d8a20c8b4913,2026-03-09T00:00:00Z/2026-03-10T00:00:00Z,2026-03-09T00:00:00Z,2026-03-10T00:00:00Z,AmazonEC2,BoxUsage:c5.xlarge,RunInstances,20.6589,2.173591,2.080674,Usage,us-east-1,,,prod
b4c72f59-65e9-4dde-81d4-255f0458bcb5,2026-03-09T00:00:00Z/2026-03-10T00:00:00Z,2026-03-09T00:00:00Z,2026-03-10T00:00:00Z,AmazonEC2,BoxUsage:r5.xlarge,RunInstances,20.8,2.301118,2.34039,Usage,us-east-1,,,prod
ea04d399-0fa0-026e-c040-2ef903cd2991,2026-03-09T00:00:00Z/2026-03-10T00:00:00Z,2026-03-09T00:00:00Z,2026-03-10T00:00:00Z,AmazonEC2,BoxUsage:r5.xlarge,RunInstances,8.7648,2.028068,2.112979,Usage,us-east-1,,,prod
ff3c36cc-f630-aee1-583f-d24a89afdfcf,2026-03-09T00:00:00Z/2026-03-10T00:00:00Z,2026-03-09T00:00:00Z,2026-03-10T00:00:00Z,AmazonEC2,BoxUsage:r5.xlarge,RunInstances,9.5063,2.056688,2.158466,Usage,us-east-1,,,prod
f768c784-c0bb-2eba-e051-def5fae61aaa,2026-03-09T00:00:00Z/2026-03-10T00:00:00Z,2026-03-09T00:00:00Z,2026-03-10T00:00:00Z,AmazonEC2,BoxUsage:r5.xlarge,RunInstances,11.8278,2.429607,2.462202,Usage,us-east-1,,,prod
d5548d19-5682-fa3e-e325-d816b3df1793,2026-03-09T00:00:00Z/2026-03-10T00:00:00Z,2026-03-09T00:00:00Z,2026-03-10T00:00:00Z,AmazonEC2,BoxUsage:r5.xlarge,RunInstances,17.5528,2.599571,2.588896,Usage,us-east-1,,,prod
e511f132-a152-1191-66f2-71e0eea5c295,2026-03-09T00:00:00Z/2026-03-10T00:00:00Z,2026-03-09T00:00:00Z,2026-03-10T00:00:00Z,AmazonEC2,Other,RunInstances,13.3617,2.227046,2.208698,Usage,us-east-1,,,prod
b3fd0030-19b9-30b2-e8fe-01c6827a47fb,2026-03-09T00:00:00Z/2026-03-10T00:00:00Z,2026-03-09T00:00:00Z,2026-03-10T00:00:00Z,AmazonEC2,Other,RunInstances,7.3813,2.630942,2.734313,Usage,us-east-1,,,prod
a586c48e-e2a6-6266-170a-cbb896611861,2026-03-09T00:00:00Z/2026-03-10T00:00:00Z,2026-03-09T00:00:00Z,2026-03-10T00:00:00Z,AmazonEC2,Other,RunInstances,7.6537,2.04657,2.095341,Usage,us-east-1,,,prod
81421fbe-8260-06ae-0dc1-bff2d99851e3,2026-03-09T00:00:00Z/2026-03-10T00:00:00Z,2026-03-09T00:00:00Z,2026-03-10T00:00:00Z,AmazonEC2,Other,RunInstances,15.8032,2.248724,2.199031,Usage,us-east-1,,,prod
dd8b7677-f55b-0682-a629-d1186effb464,2026-03-09T00:00:00Z/2026-03-10T00:00:00Z,2026-03-09T00:00:00Z,2026-03-10T00:00:00Z,AmazonEC2,Other,RunInstances,23.0041,2.66302,2.590276,Usage,us-east-1,,,prod
68eaea6d-f734-b08e-f3bb-128bb5a28ae3,2026-03-09T00:00:00Z/2026-03-10T00:00:00Z,2026-03-09T00:00:00Z,2026-03-10T00:00:00Z,AmazonEC2,Other,RunInstances,21.8789,1.998188,2.057199,Usage,us-east-1,,,prod
e69fa18f-2274-6417-ad64-91df3cf77884,2026-03-09T00:00:00Z/2026-03-10T00:00:00Z,2026-03-09T00:00:00Z,2026-03-10T00:00:00Z,AmazonEC2,Other,RunInstances,8.6176,2.474084,2.419971,Usage,us-east-1,,,prod
c0772304-a9b7-16bc-6ecb-1f9a45cfa9c4,2026-03-09T00:00:00Z/2026-03-10T00:00:00Z,2026-03-09T00:00:00Z,2026-03-10T00:00:00Z,AmazonEC2,Other,RunInstances,9.543,2.54974,2.475768,Usage,us-east-1,,,prod
d2c98f79-df89-a0a5-639a-01b315d6453a,2026-03-09T00:00:00Z/2026-03-10T00:00:00Z,2026-03-09T00:00:00Z,2026-03-10T00:00:00Z,AmazonEC2,Other,RunInstances,15.0143,2.276358,2.238747,Usage,us-east-1,,,prod
40993771-3236-af0f-fef3-3ed4233b124b,2026-03-09T00:00:00Z/2026-03-10T00:00:00Z,2026-03-09T00:00:00Z,2026-03-10T00:00:00Z,AmazonEC2,Other,RunInstances,5.8825,2.560697,2.650559,Usage,us-east-1,,,prod
64234c56-dfd1-b239-49f5-6b4441c847ff,2026-03-09T00:00:00Z/2026-03-10T00:00:00Z,2026-03-09T00:00:00Z,2026-03-10T00:00:00Z,AmazonEC2,BoxUsage:m5.large,RunInstances,10.027,58.595272,56.952866,Usage,us-east-1,,,prod
dc7579f9-ae94-310c-eabf-ce6cbd5e1ac6,2026-03-09T00:00:00Z/2026-03-10T00:00:00Z,2026-03-09T00:00:00Z,2026-03-10T00:00:00Z,AmazonEC2,BoxUsage:m5.large,RunInstances,23.4032,58.697906,60.267846,Usage,us-east-1,,,prod
aceb2470-11e3-b09b-246c-930e85f99db8,2026-03-09T00:00:00Z/2026-03-10T00:00:00Z,2026-03-09T00:00:00Z,2026-03-10T00:00:00Z,AmazonEC2,BoxUsage:m5.large,RunInstances,12.7525,61.817076,61.701227,Usage,us-east-1,,,prod
7f1f3441-fd85-07c2-1884-c00dba5f06af,2026-03-09T00:00:00Z/2026-03-10T00:00:00Z,2026-03-09T00:00:00Z,2026-03-10T00:00:00Z,AmazonEC2,BoxUsage:m5.large,RunInstances,1.1087,64.693121,67.134467,Usage,us-east-1,,,prod
852f6676-c720-0aa6-8c08-7afa87462a6a,2026-03-09T00:00:00Z/2026-03-10T00:00:00Z,2026-03-09T00:00:00Z,2026-03-10T00:00:00Z,AmazonEC2,BoxUsage:m5.large,RunInstances,22.2255,67.618177,68.054631,Usage,us-east-1,,,prod
da4b7dcc-7084-4e88-6ab7-e762bcfc8357,2026-03-09T00:00:00Z/2026-03-10T00:00:00Z,2026-03-09T00:00:00Z,2026-03-10T00:00:00Z,AmazonEC2,Other,RunInstances,3.3396,56.972431,56.348193,Usage,us-east-1,,,prod
2c5ee190-fb63-be9c-f3d8-80bd057f2657,2026-03-09T00:00:00Z/2026-03-10T00:00:00Z,2026-03-09T00:00:00Z,2026-03-10T00:00:00Z,AmazonEC2,Other,RunInstances,8.3311,60.645412,58.182365,Usage,us-east-1,,,prod
04ccaece-137c-4cea-a59c-19c876c1aa72,2026-03-09T00:00:00Z/2026-03-10T00:00:00Z,2026-03-09T00:00:00Z,2026-03-10T00:00:00Z,AmazonEC2,Other,RunInstances,16.7618,65.207074,63.132356,Usage,us-east-1,,,prod
88b6e317-881b-39b8-5e21-145e96e90f19,2026-03-09T00:00:00Z/2026-03-10T00:00:00Z,2026-03-09T00:00:00Z,2026-03-10T00:00:00Z,AmazonEC2,Other,RunInstances,8.9085,51.947232,53.273116,Usage,us-east-1,,,prod
8f5e8df0-0d2a-37e8-4e55-a9d0f97b5270,2026-03-09T00:00:00Z/2026-03-10T00:00:00Z,2026-03-09T00:00:00Z,2026-03-10T00:00:00Z,AmazonEC2,Other,RunInstances,1.5972,67.509882,70.489053,Usage,us-east-1,,,prod
de22c9aa-6381-9fa8-951e-ce16427213ea,2026-03-10T00:00:00Z/2026-03-11T00:00:00Z,2026-03-10T00:00:00Z,2026-03-11T00:00:00Z,AmazonEC2,BoxUsage:c5.xlarge,RunInstances,18.8249,2.612685,2.599097,Usage,us-east-1,,,prod
22cf7d5c-2068-79f5-d9eb-bddd593353fa,2026-03-10T00:00:00Z/2026-03-11T00:00:00Z,2026-03-10T00:00:00Z,2026-03-11T00:00:00Z,AmazonEC2,BoxUsage:c5.xlarge,RunInstances,3.1805,2.227792,2.218023,Usage,us-east-1,,,prod
7e159828-8b51-d00b-683f-b6213a0d0756,2026-03-10T00:00:00Z/2026-03-11T00:00:00Z,2026-03-10T00:00:00Z,2026-03-11T00:00:00Z,AmazonEC2,BoxUsage:c5.xlarge,RunInstances,8.6801,2.516824,2.474453,Usage,us-east-1,,,prod
56614f9e-de58-7316-bdcc-d4d16bfe1be2,2026-03-10T00:00:00Z/2026-03-11T00:00:00Z,2026-03-10T00:00:00Z,2026-03-11T00:00:00Z,AmazonEC2,BoxUsage:c5.xlarge,RunInstances,3.7447,2.436019,2.500222,Usage,us-east-1,,,prod
3770b24b-33ef-1a34-8ed2-11d74f543863,2026-03-10T00:00:00Z/2026-03-11T00:00:00Z,2026-03-10T00:00:00Z,2026-03-11T00:00:00Z,AmazonEC2,BoxUsage:c5.xlarge,RunInstances,12.3142,2.494643,2.501757,Usage,us-east-1,,,prod
a5ccbc79-b098-4aac-2fa8-211593918aea,2026-03-10T00:00:00Z/2026-03-11T00:00:00Z,2026-03-10T00:00:00Z,2026-03-11T00:00:00Z,AmazonEC2,BoxUsage:r5.xlarge,RunInstances,3.9638,2.265384,2.271429,Usage,us-east-1,,,prod
90b21e68-4da9-0c61-678f-dc879e1f6b32,2026-03-10T00:00:00Z/2026-03-11T00:00:00Z,2026-03-10T00:00:00Z,2026-03-11T00:00:00Z,AmazonEC2,BoxUsage:r5.xlarge,RunInstances,7.0683,2.155435,2.125506,Usage,us-east-1,,,prod
87009ab0-ff3b-8fdc-d3be-35409d0f40c0,2026-03-10T00:00:00Z/2026-03-11T00:00:00Z,2026-03-10T00:00:00Z,2026-03-11T00:00:00Z,AmazonEC2,BoxUsage:r5.xlarge,RunInstances,18.6924,2.397166,2.414372,Usage,us-east-1,,,prod
a3c42619-15c8-82ed-1fbc-c938ea22b067,2026-03-10T00:00:00Z/2026-03-11T00:00:00Z,2026-03-10T00:00:00Z,2026-03-11T00:00:00Z,AmazonEC2,BoxUsage:r5.xlarge,RunInstances,15.024,2.540487,2.569892,Usage,us-east-1,,,prod
41f949ff-d5a0-8d08-0304-a59bb6110def,2026-03-10T00:00:00Z/2026-03-11T00:00:00Z,2026-03-10T00:00:00Z,2026-03-11T00:00:00Z,AmazonEC2,BoxUsage:r5.xlarge,RunInstances,11.0142,2.036787,1.949579,Usage,us-east-1,,,prod
df067d91-0cfa-248b-f9fc-c7633b93985f,2026-03-10T00:00:00Z/2026-03-11T00:00:00Z,2026-03-10T00:00:00Z,2026-03-11T00:00:00Z,AmazonEC2,Other,RunInstances,7.1164,2.012311,2.078323,Usage,us-east-1,,,prod
b52f2506-8751-1673-950f-03e68bc5c570,2026-03-10T00:00:00Z/2026-03-11T00:00:00Z,2026-03-10T00:00:00Z,2026-03-11T00:00:00Z,AmazonEC2,Other,RunInstances,2.0269,2.410558,2.517239,Usage,us-east-1,,,prod
1fe92ebe-8bc8-aae8-1b2d-e38ffdc1433d,2026-03-10T00:00:00Z/2026-03-11T00:00:00Z,2026-03-10T00:00:00Z,2026-03-11T00:00:00Z,AmazonEC2,Other,RunInstances,18.9949,2.623826,2.686032,Usage,us-east-1,,,prod
b581afa1-d102-3974-77e2-a4dce4827a99,2026-03-10T00:00:00Z/2026-03-11T00:00:00Z,2026-03-10T00:00:00Z,2026-03-11T00:00:00Z,AmazonEC2,Other,RunInstances,15.9563,2.597599,2.690418,Usage,us-east-1,,,prod
077da015-13cd-274c-667d-689a3e647a52,2026-03-10T00:00:00Z/2026-03-11T00:00:00Z,2026-03-10T00:00:00Z,2026-03-11T00:00:00Z,AmazonEC2,Other,RunInstances,13.448,2.644509,2.530778,Usage,us-east-1,,,prod
3e691c00-ab6b-c75c-081b-84da9f38350c,2026-03-10T00:00:00Z/2026-03-11T00:00:00Z,2026-03-10T00:00:00Z,2026-03-11T00:00:00Z,AmazonEC2,Other,RunInstances,3.1311,2.064983,2.041372,Usage,us-east-1,,,prod
8a1955c5-1a9b-4b57-15ca-68800126b247,2026-03-10T00:00:00Z/2026-03-11T00:00:00Z,2026-03-10T00:00:00Z,2026-03-11T00:00:00Z,AmazonEC2,Other,RunInstances,19.9376,2.097674,2.164507,Usage,us-east-1,,,prod
52ba6240-180b-a8fc-fda4-170518c8d324,2026-03-10T00:00:00Z/2026-03-11T00:00:00Z,2026-03-10T00:00:00Z,2026-03-11T00:00:00Z,AmazonEC2,Other,RunInstances,6.5628,2.432827,2.452888,Usage,us-east-1,,,prod
886c4cc4-0e65-38ff-c2c2-c0fadc9a930b,2026-03-10T00:00:00Z/2026-03-11T00:00:00Z,2026-03-10T00:00:00Z,2026-03-11T00:00:00Z,AmazonEC2,Other,RunInstances,1.2942,2.666532,2.755986,Usage,us-east-1,,,prod
960a1aea-3ff6-4d07-6a20-7f6bc403f344,2026-03-10T00:00:00Z/2026-03-11T00:00:00Z,2026-03-10T00:00:00Z,2026-03-11T00:00:00Z,AmazonEC2,Other,RunInstances,16.2638,2.001623,1.920074,Usage,us-east-1,,,prod
b37d9142-2acb-3cd5-c54a-af512bd29d0a,2026-03-10T00:00:00Z/2026-03-11T00:00:00Z,2026-03-10T00:00:00Z,2026-03-11T00:00:00Z,AmazonEC2,BoxUsage:m5.large,RunInstances,19.7647,58.82336,59.975412,Usage,us-east-1,,,prod
f2c4f3e0-cd98-eb15-ff69-4886d8ae920b,2026-03-10T00:00:00Z/2026-03-11T00:00:00Z,2026-03-10T00:00:00Z,2026-03-11T00:00:00Z,AmazonEC2,BoxUsage:m5.large,RunInstances,22.2151,65.189665,68.096225,Usage,us-east-1,,,prod
8f9f55a7-cf66-4f5a-95ce-08f78668c081,2026-03-10T00:00:00Z/2026-03-11T00:00:00Z,2026-03-10T00:00:00Z,2026-03-11T00:00:00Z,AmazonEC2,BoxUsage:m5.large,RunInstances,4.4947,63.599458,62.934874,Usage,us-east-1,,,prod
142fe813-e884-20ad-f169-4a6267c2d271,2026-03-10T00:00:00Z/2026-03-11T00:00:00Z,2026-03-10T00:00:00Z,2026-03-11T00:00:00Z,AmazonEC2,BoxUsage:m5.large,RunInstances,9.3838,56.749614,57.039403,Usage,us-east-1,,,prod
80a9bfa7-ce0e-685d-e3e3-7a3dfbf7eba7,2026-03-10T00:00:00Z/2026-03-11T00:00:00Z,2026-03-10T00:00:00Z,2026-03-11T00:00:00Z,AmazonEC2,BoxUsage:m5.large,RunInstances,1.7743,64.950697,62.519225,Usage,us-east-1,,,prod
aa9dd63e-b5e1-aa9e-e262-f8c82ffa9c97,2026-03-10T00:00:00Z/2026-03-11T00:00:00Z,2026-03-10T00:00:00Z,2026-03-11T00:00:00Z,AmazonEC2,Other,RunInstances,15.0936,53.002346,50.450574,Usage,us-east-1,,,prod
40d85ee2-c948-1e02-ab8a-d929888e8e00,2026-03-10T00:00:00Z/2026-03-11T00:00:00Z,2026-03-10T00:00:00Z,2026-03-11T00:00:00Z,AmazonEC2,Other,RunInstances,21.5886,59.853088,60.920638,Usage,us-east-1,,,prod
a671f5d2-fcf6-c43a-12ec-004013ac32fe,2026-03-10T00:00:00Z/2026-03-11T00:00:00Z,2026-03-10T00:00:00Z,2026-03-11T00:00:00Z,AmazonEC2,Other,RunInstances,2.0193,63.989203,65.384293,Usage,us-east-1,,,prod
a53dab10-2835-bf59-1873-a9d6340b3eaf,2026-03-10T00:00:00Z/2026-03-11T00:00:00Z,2026-03-10T00:00:00Z,2026-03-11T00:00:00Z,AmazonEC2,Other,RunInstances,22.3502,53.211967,55.267278,Usage,us-east-1,,,prod
6688ab05-6dbe-9a4d-2e2b-a4e08fb8872a,2026-03-10T00:00:00Z/2026-03-11T00:00:00Z,2026-03-10T00:00:00Z,2026-03-11T00:00:00Z,AmazonEC2,Other,RunInstances,5.7714,54.35129,54.188337,Usage,us-east-1,,,prod
c13fb917-6ab5-e66b-e774-0fcfbd83132f,2026-03-11T00:00:00Z/2026-03-12T00:00:00Z,2026-03-11T00:00:00Z,2026-03-12T00:00:00Z,AmazonEC2,BoxUsage:c5.xlarge,RunInstances,20.7737,2.530275,2.578256,Usage,us-east-1,,,prod
91a34c60-7a03-386c-f5a3-a15db982d680,2026-03-11T00:00:00Z/2026-03-12T00:00:00Z,2026-03-11T00:00:00Z,2026-03-12T00:00:00Z,AmazonEC2,BoxUsage:c5.xlarge,RunInstances,8.9503,2.524583,2.564661,Usage,us-east-1,,,prod
3300c958-a77e-27ba-1fbb-66ac755175a3,2026-03-11T00:00:00Z/2026-03-12T00:00:00Z,2026-03-11T00:00:00Z,2026-03-12T00:00:00Z,AmazonEC2,BoxUsage:c5.xlarge,RunInstances,16.1686,2.030955,2.109913,Usage,us-east-1,,,prod
b10cda4d-fa7e-67ff-c9c6-fcf3658512a7,2026-03-11T00:00:00Z/2026-03-12T00:00:00Z,2026-03-11T00:00:00Z,2026-03-12T00:00:00Z,AmazonEC2,BoxUsage:c5.xlarge,RunInstances,17.5058,2.413522,2.509916,Usage,us-east-1,,,prod
13a2fa80-2f8e-9b7c-ed37-34b3e4de4633,2026-03-11T00:00:00Z/2026-03-12T00:00:00Z,2026-03-11T00:00:00Z,2026-03-12T00:00:00Z,AmazonEC2,BoxUsage:c5.xlarge,RunInstances,12.8027,2.089454,2.142009,Usage,us-east-1,,,prod
8aa64df3-ba57-1e08-02ac-32b2b9f88874,2026-03-11T00:00:00Z/2026-03-12T00:00:00Z,2026-03-11T00:00:00Z,2026-03-12T00:00:00Z,AmazonEC2,BoxUsage:r5.xlarge,RunInstances,19.5293,2.6307,2.578856,Usage,us-east-1,,,prod
0425ddcd-02c6-3932-7828-75fb1fa1b9dd,2026-03-11T00:00:00Z/2026-03-12T00:00:00Z,2026-03-11T00:00:00Z,2026-03-12T00:00:00Z,AmazonEC2,BoxUsage:r5.xlarge,RunInstances,4.9965,2.322913,2.405309,Usage,us-east-1,,,prod
34696f37-74df-fba8-ed0b-4391bed5458b,2026-03-11T00:00:00Z/2026-03-12T00:00:00Z,2026-03-11T00:00:00Z,2026-03-12T00:00:00Z,AmazonEC2,BoxUsage:r5.xlarge,RunInstances,1.311,2.361297,2.415077,Usage,us-east-1,,,prod
c05b8b63-9c95-31a0-c502-77d036580827,2026-03-11T00:00:00Z/2026-03-12T00:00:00Z,2026-03-11T00:00:00Z,2026-03-12T00:00:00Z,AmazonEC2,BoxUsage:r5.xlarge,RunInstances,1.4971,2.125414,2.143673,Usage,us-east-1,,,prod
b8db4263-c62b-271e-9fb2-d1d054e14594,2026-03-11T00:00:00Z/2026-03-12T00:00:00Z,2026-03-11T00:00:00Z,2026-03-12T00:00:00Z,AmazonEC2,BoxUsage:r5.xlarge,RunInstances,7.1351,2.309253,2.268927,Usage,us-east-1,,,prod
b08c82a2-45d7-3e6c-48d8-c8f6e3ab4860,2026-03-11T00:00:00Z/2026-03-12T00:00:00Z,2026-03-11T00:00:00Z,2026-03-12T00:00:00Z,AmazonEC2,Other,RunInstances,15.3814,2.476731,2.424017,Usage,us-east-1,,,prod
49c3bd56-e306-5402-abd3-fcadbdecda6b,2026-03-11T00:00:00Z/2026-03-12T00:00:00Z,2026-03-11T00:00:00Z,2026-03-12T00:00:00Z,AmazonEC2,Other,RunInstances,7.0825,2.631548,2.611131,Usage,us-east-1,,,prod
e17a4ac4-c18b-80d2-feec-fbb40aca2af3,2026-03-11T00:00:00Z/2026-03-12T00:00:00Z,2026-03-11T00:00:00Z,2026-03-12T00:00:00Z,AmazonEC2,Other,RunInstances,9.1024,2.281223,2.301582,Usage,us-east-1,,,prod
67e96cf8-c416-b579-59fb-bb37287df031,2026-03-11T00:00:00Z/2026-03-12T00:00:00Z,2026-03-11T00:00:00Z,2026-03-12T00:00:00Z,AmazonEC2,Other,RunInstances,13.1712,2.429594,2.350641,Usage,us-east-1,,,prod
81b84727-475d-e1f5-5de4-ec4ce18c82db,2026-03-11T00:00:00Z/2026-03-12T00:00:00Z,2026-03-11T00:00:00Z,2026-03-12T00:00:00Z,AmazonEC2,Other,RunInstances,1.9275,2.434207,2.418944,Usage,us-east-1,,,prod
2933fe18-407e-9dde-5def-f3edecf2ca08,2026-03-11T00:00:00Z/2026-03-12T00:00:00Z,2026-03-11T00:00:00Z,2026-03-12T00:00:00Z,AmazonEC2,Other,RunInstances,1.882,2.483592,2.390788,Usage,us-east-1,,,prod
0fa77a6a-2a1a-c3ac-11c7-eb3891860ccf,2026-03-11T00:00:00Z/2026-03-12T00:00:00Z,2026-03-11T00:00:00Z,2026-03-12T00:00:00Z,AmazonEC2,Other,RunInstances,14.7187,2.477484,2.442711,Usage,us-east-1,,,prod
648fd3e9-9cbd-b22d-2c36-8c04a116b0bb,2026-03-11T00:00:00Z/2026-03-12T00:00:00Z,2026-03-11T00:00:00Z,2026-03-12T00:00:00Z,AmazonEC2,Other,RunInstances,16.2783,2.545353,2.478562,Usage,us-east-1,,,prod
b9284c4d-c11b-ddb2-ac17-8e97c220eb00,2026-03-11T00:00:00Z/2026-03-12T00:00:00Z,2026-03-11T00:00:00Z,2026-03-12T00:00:00Z,AmazonEC2,Other,RunInstances,10.8037,2.146879,2.139946,Usage,us-east-1,,,prod
fe125515-14c4-7045-0310-deacab6fc699,2026-03-11T00:00:00Z/2026-03-12T00:00:00Z,2026-03-11T00:00:00Z,2026-03-12T00:00:00Z,AmazonEC2,Other,RunInstances,7.8053,2.009313,2.107579,Usage,us-east-1,,,prod
b35945fd-7bed-ab09-3e05-6b4db94e18ae,2026-03-11T00:00:00Z/2026-03-12T00:00:00Z,2026-03-11T00:00:00Z,2026-03-12T00:00:00Z,AmazonEC2,BoxUsage:m5.large,RunInstances,21.8743,52.479784,51.229941,Usage,us-east-1,,,prod
bcb5f4aa-cb42-83fa-1b49-2837d1cd1a42,2026-03-11T00:00:00Z/2026-03-12T00:00:00Z,2026-03-11T00:00:00Z,2026-03-12T00:00:00Z,AmazonEC2,BoxUsage:m5.large,RunInstances,5.8031,52.242971,54.173433,Usage,us-east-1,,,prod
11c68411-4ed9-4636-1a9b-cc09a5fddc35,2026-03-11T00:00:00Z/2026-03-12T00:00:00Z,2026-03-11T00:00:00Z,2026-03-12T00:00:00Z,AmazonEC2,BoxUsage:m5.large,RunInstances,14.3063,66.238468,66.779055,Usage,us-east-1,,,prod
1ee1f08a-83db-5d7b-daac-00b7604cb93a,2026-03-11T00:00:00Z/2026-03-12T00:00:00Z,2026-03-11T00:00:00Z,2026-03-12T00:00:00Z,AmazonEC2,BoxUsage:m5.large,RunInstances,8.1458,53.667956,54.65376,Usage,us-east-1,,,prod
0b1bd06b-ca38-c400-d575-66be02419ddb,2026-03-11T00:00:00Z/2026-03-12T00:00:00Z,2026-03-11T00:00:00Z,2026-03-12T00:00:00Z,AmazonEC2,BoxUsage:m5.large,RunInstances,13.1694,66.455372,63.880175,Usage,us-east-1,,,prod
f062b26a-8ed8-2b2d-9dbd-d9ee516a1abe,2026-03-11T00:00:00Z/2026-03-12T00:00:00Z,2026-03-11T00:00:00Z,2026-03-12T00:00:00Z,AmazonEC2,Other,RunInstances,15.2583,54.268666,51.609955,Usage,us-east-1,,,prod
19d1a02d-cee0-b134-cdb3-b9e03b42a7e6,2026-03-11T00:00:00Z/2026-03-12T00:00:00Z,2026-03-11T00:00:00Z,2026-03-12T00:00:00Z,AmazonEC2,Other,RunInstances,18.2742,64.481515,64.125551,Usage,us-east-1,,,prod
fcf33f50-1558-a145-fff4-569dd755e74d,2026-03-11T00:00:00Z/2026-03-12T00:00:00Z,2026-03-11T00:00:00Z,2026-03-12T00:00:00Z,AmazonEC2,Other,RunInstances,9.1549,55.446029,56.874555,Usage,us-east-1,,,prod
ce92911b-78df-a51c-5d60-5dbca610c81f,2026-03-11T00:00:00Z/2026-03-12T00:00:00Z,2026-03-11T00:00:00Z,2026-03-12T00:00:00Z,AmazonEC2,Other,RunInstances,6.0827,60.847815,61.768804,Usage,us-east-1,,,prod
048601fd-c4ef-625f-6121-8cf873d8315c,2026-03-11T00:00:00Z/2026-03-12T00:00:00Z,2026-03-11T00:00:00Z,2026-03-12T00:00:00Z,AmazonEC2,Other,RunInstances,14.5052,59.396281,59.436367,Usage,us-east-1,,,prod
ac1f1452-0b06-8552-a116-9f47c67e3226,2026-03-12T00:00:00Z/2026-03-13T00:00:00Z,2026-03-12T00:00:00Z,2026-03-13T00:00:00Z,AmazonEC2,BoxUsage:c5.xlarge,RunInstances,8.5093,2.224304,2.130617,Usage,us-east-1,,,prod
be39383a-c8c8-bc55-83ab-60fc5797ed94,2026-03-12T00:00:00Z/2026-03-13T00:00:00Z,2026-03-12T00:00:00Z,2026-03-13T00:00:00Z,AmazonEC2,BoxUsage:c5.xlarge,RunInstances,16.1759,2.292225,2.237897,Usage,us-east-1,,,prod
4de1ce55-3f1a-5b74-8293-fef0ba51ce7d,2026-03-12T00:00:00Z/2026-03-13T00:00:00Z,2026-03-12T00:00:00Z,2026-03-13T00:00:00Z,AmazonEC2,BoxUsage:c5.xlarge,RunInstances,6.7588,2.393747,2.294578,Usage,us-east-1,,,prod
4e78be4c-9133-faf3-5df0-a75789180242,2026-03-12T00:00:00Z/2026-03-13T00:00:00Z,2026-03-12T00:00:00Z,2026-03-13T00:00:00Z,AmazonEC2,BoxUsage:c5.xlarge,RunInstances,18.4326,2.551501,2.58715,Usage,us-east-1,,,prod
c64a0762-d937-9dd5-74f6-19b9cfe85fc5,2026-03-12T00:00:00Z/2026-03-13T00:00:00Z,2026-03-12T00:00:00Z,2026-03-13T00:00:00Z,AmazonEC2,BoxUsage:c5.xlarge,RunInstances,22.1008,2.357968,2.457429,Usage,us-east-1,,,prod
97e816b0-8baa-1800-bfdb-c6c6a3304d7e,2026-03-12T00:00:00Z/2026-03-13T00:00:00Z,2026-03-12T00:00:00Z,2026-03-13T00:00:00Z,AmazonEC2,BoxUsage:r5.xlarge,RunInstances,20.6274,2.592354,2.656919,Usage,us-east-1,,,prod
eb5227dd-418c-88fc-90eb-8cb50f2e7ef1,2026-03-12T00:00:00Z/2026-03-13T00:00:00Z,2026-03-12T00:00:00Z,2026-03-13T00:00:00Z,AmazonEC2,BoxUsage:r5.xlarge,RunInstances,4.2861,2.167449,2.084342,Usage,us-east-1,,,prod
7c399d12-48f4-c055-2bfe-6cd8d247e7c0,2026-03-12T00:00:00Z/2026-03-13T00:00:00Z,2026-03-12T00:00:00Z,2026-03-13T00:00:00Z,AmazonEC2,BoxUsage:r5.xlarge,RunInstances,15.1485,2.111089,2.173868,Usage,us-east-1,,,prod
119848f4-da8f-1dda-2b01-c52d4385a8b3,2026-03-12T00:00:00Z/2026-03-13T00:00:00Z,2026-03-12T00:00:00Z,2026-03-13T00:00:00Z,AmazonEC2,BoxUsage:r5.xlarge,RunInstances,17.3612,2.343911,2.458628,Usage,us-east-1,,,prod
8b81f8d4-226a-dea3-8e0f-7b611eb9aa50,2026-03-12T00:00:00Z/2026-03-13T00:00:00Z,2026-03-12T00:00:00Z,2026-03-13T00:00:00Z,AmazonEC2,BoxUsage:r5.xlarge,RunInstances,10.5537,2.191685,2.119266,Usage,us-east-1,,,prod
68b95f0a-c2a7-caac-400f-d60a237b8f76,2026-03-12T00:00:00Z/2026-03-13T00:00:00Z,2026-03-12T00:00:00Z,2026-03-13T00:00:00Z,AmazonEC2,Other,RunInstances,10.0027,2.244505,2.216065,Usage,us-east-1,,,prod
c9d6607b-6831-ec83-090d-0b8f154771f6,2026-03-12T00:00:00Z/2026-03-13T00:00:00Z,2026-03-12T00:00:00Z,2026-03-13T00:00:00Z,AmazonEC2,Other,RunInstances,7.6666,2.03001,2.017718,Usage,us-east-1,,,prod
7df95211-59d2-5638-a758-2f070aa454f8,2026-03-12T00:00:00Z/2026-03-13T00:00:00Z,2026-03-12T00:00:00Z,2026-03-13T00:00:00Z,AmazonEC2,Other,RunInstances,20.3539,2.4944,2.37003,Usage,us-east-1,,,prod
755a2015-2219-8666-a34d-d3850080b6da,2026-03-12T00:00:00Z/2026-03-13T00:00:00Z,2026-03-12T00:00:00Z,2026-03-13T00:00:00Z,AmazonEC2,Other,RunInstances,6.5196,2.559816,2.525505,Usage,us-east-1,,,prod
a200ad09-fcf1-3342-1c15-0c022bcd4ebf,2026-03-12T00:00:00Z/2026-03-13T00:00:00Z,2026-03-12T00:00:00Z,2026-03-13T00:00:00Z,AmazonEC2,Other,RunInstances,20.3838,2.334015,2.424944,Usage,us-east-1,,,prod
d02ec842-8b09-b024-d8d9-06e45c2d459c,2026-03-12T00:00:00Z/2026-03-13T00:00:00Z,2026-03-12T00:00:00Z,2026-03-13T00:00:00Z,AmazonEC2,Other,RunInstances,22.1279,2.102732,2.060192,Usage,us-east-1,,,prod
858c6c30-0f83-aafb-fbd5-d4c7c341330d,2026-03-12T00:00:00Z/2026-03-13T00:00:00Z,2026-03-12T00:00:00Z,2026-03-13T00:00:00Z,AmazonEC2,Other,RunInstances,2.4642,2.221585,2.269733,Usage,us-east-1,,,prod
31bafcb4-c325-aa8b-231d-f885c75ed875,2026-03-12T00:00:00Z/2026-03-13T00:00:00Z,2026-03-12T00:00:00Z,2026-03-13T00:00:00Z,AmazonEC2,Other,RunInstances,14.4487,2.354352,2.397317,Usage,us-east-1,,,prod
caeb0267-03d4-0741-2647-7b2a6e929a3a,2026-03-12T00:00:00Z/2026-03-13T00:00:00Z,2026-03-12T00:00:00Z,2026-03-13T00:00:00Z,AmazonEC2,Other,RunInstances,4.889,2.513929,2.448308,Usage,us-east-1,,,prod
98c1822b-da81-8cf2-a2e6-c3dd1fe92217,2026-03-12T00:00:00Z/2026-03-13T00:00:00Z,2026-03-12T00:00:00Z,2026-03-13T00:00:00Z,AmazonEC2,Other,RunInstances,6.1871,2.582055,2.679538,Usage,us-east-1,,,prod
b87b35fa-7d76-5c50-92f0-9e6239e87988,2026-03-12T00:00:00Z/2026-03-13T00:00:00Z,2026-03-12T00:00:00Z,2026-03-13T00:00:00Z,AmazonEC2,BoxUsage:m5.large,RunInstances,22.6266,64.061561,61.277958,Usage,us-east-1,,,prod
e4069eda-9a63-e4ad-a623-ad06eb840d7b,2026-03-12T00:00:00Z/2026-03-13T00:00:00Z,2026-03-12T00:00:00Z,2026-03-13T00:00:00Z,AmazonEC2,BoxUsage:m5.large,RunInstances,3.7429,67.715112,70.346109,Usage,us-east-1,,,prod
e1d720ad-5f4c-8107-3f02-ea3b7d0c5179,2026-03-12T00:00:00Z/2026-03-13T00:00:00Z,2026-03-12T00:00:00Z,2026-03-13T00:00:00Z,AmazonEC2,BoxUsage:m5.large,RunInstances,20.8666,53.134211,52.285359,Usage,us-east-1,,,prod
353fc6ec-9c4a-192f-fc67-177c787f1ef4,2026-03-12T00:00:00Z/2026-03-13T00:00:00Z,2026-03-12T00:00:00Z,2026-03-13T00:00:00Z,AmazonEC2,BoxUsage:m5.large,RunInstances,4.7694,60.78709,60.146356,Usage,us-east-1,,,prod
f2e87a3b-bc7f-bffa-c06d-bfb442fb3311,2026-03-12T00:00:00Z/2026-03-13T00:00:00Z,2026-03-12T00:00:00Z,2026-03-13T00:00:00Z,AmazonEC2,BoxUsage:m5.large,RunInstances,1.4557,66.180677,66.335432,Usage,us-east-1,,,prod
b372055b-4de4-6026-df50-9d49af6fe9b3,2026-03-12T00:00:00Z/2026-03-13T00:00:00Z,2026-03-12T00:00:00Z,2026-03-13T00:00:00Z,AmazonEC2,Other,RunInstances,6.1258,64.477169,66.515546,Usage,us-east-1,,,prod
3f862ee3-6a13-1598-4381-53b9f37f6c77,2026-03-12T00:00:00Z/2026-03-13T00:00:00Z,2026-03-12T00:00:00Z,2026-03-13T00:00:00Z,AmazonEC2,Other,RunInstances,14.9624,64.665777,62.162123,Usage,us-east-1,,,prod
8ad946f2-40b7-c23e-017c-d9c4f32bbdcc,2026-03-12T00:00:00Z/2026-03-13T00:00:00Z,2026-03-12T00:00:00Z,2026-03-13T00:00:00Z,AmazonEC2,Other,RunInstances,6.7231,56.929034,55.540925,Usage,us-east-1,,,prod
ece73794-c8bc-4501-a06d-3e96b1b854d3,2026-03-12T00:00:00Z/2026-03-13T00:00:00Z,2026-03-12T00:00:00Z,2026-03-13T00:00:00Z,AmazonEC2,Other,RunInstances,1.8716,61.579042,62.87824,Usage,us-east-1,,,prod
3f68a89e-97c7-ba15-45d1-563ee47484be,2026-03-12T00:00:00Z/2026-03-13T00:00:00Z,2026-03-12T00:00:00Z,2026-03-13T00:00:00Z,AmazonEC2,Other,RunInstances,16.7897,54.468593,54.973458,Usage,us-east-1,,,prod
8f046fdd-31fe-e697-905c-d24d1744ef06,2026-03-13T00:00:00Z/2026-03-14T00:00:00Z,2026-03-13T00:00:00Z,2026-03-14T00:00:00Z,AmazonEC2,BoxUsage:c5.xlarge,RunInstances,6.6969,2.502691,2.59298,Usage,us-east-1,,,prod
64f69edf-d9f0-5be1-0d0d-b61035a5cf98,2026-03-13T00:00:00Z/2026-03-14T00:00:00Z,2026-03-13T00:00:00Z,2026-03-14T00:00:00Z,AmazonEC2,BoxUsage:c5.xlarge,RunInstances,11.2304,2.493121,2.536903,Usage,us-east-1,,,prod
76c2710a-f434-0d3c-10dd-43c5bed381cc,2026-03-13T00:00:00Z/2026-03-14T00:00:00Z,2026-03-13T00:00:00Z,2026-03-14T00:00:00Z,AmazonEC2,BoxUsage:c5.xlarge,RunInstances,11.205,2.130557,2.170742,Usage,us-east-1,,,prod
933a1020-d5e3-cef4-89c3-1a005981cc95,2026-03-13T00:00:00Z/2026-03-14T00:00:00Z,2026-03-13T00:00:00Z,2026-03-14T00:00:00Z,AmazonEC2,BoxUsage:c5.xlarge,RunInstances,13.2245,2.672051,2.581955,Usage,us-east-1,,,prod
d0f6d2a5-7946-7ce8-3506-d302b8f8de05,2026-03-13T00:00:00Z/2026-03-14T00:00:00Z,2026-03-13T00:00:00Z,2026-03-14T00:00:00Z,AmazonEC2,BoxUsage:c5.xlarge,RunInstances,21.6964,2.017618,1.991385,Usage,us-east-1,,,prod
d4762c21-d74b-a003-c7b3-95bee812c73e,2026-03-13T00:00:00Z/2026-03-14T00:00:00Z,2026-03-13T00:00:00Z,2026-03-14T00:00:00Z,AmazonEC2,BoxUsage:r5.xlarge,RunInstances,12.587,2.659659,2.765995,Usage,us-east-1,,,prod
3010d7f5-d365-7f43-71e3-1482f9730a80,2026-03-13T00:00:00Z/2026-03-14T00:00:00Z,2026-03-13T00:00:00Z,2026-03-14T00:00:00Z,AmazonEC2,BoxUsage:r5.xlarge,RunInstances,22.7039,2.039151,2.030135,Usage,us-east-1,,,prod
00f3b15d-301c-c455-d957-3065ea8acada,2026-03-13T00:00:00Z/2026-03-14T00:00:00Z,2026-03-13T00:00:00Z,2026-03-14T00:00:00Z,AmazonEC2,BoxUsage:r5.xlarge,RunInstances,20.3491,2.644501,2.774942,Usage,us-east-1,,,prod
2978afb9-1644-636d-f796-79e32c0487c8,2026-03-13T00:00:00Z/2026-03-14T00:00:00Z,2026-03-13T00:00:00Z,2026-03-14T00:00:00Z,AmazonEC2,BoxUsage:r5.xlarge,RunInstances,16.3886,2.037122,2.118128,Usage,us-east-1,,,prod
fb5e55ca-8cdc-3f86-4da8-5faf401d9c02,2026-03-13T00:00:00Z/2026-03-14T00:00:00Z,2026-03-13T00:00:00Z,2026-03-14T00:00:00Z,AmazonEC2,BoxUsage:r5.xlarge,RunInstances,9.3343,2.208714,2.184096,Usage,us-east-1,,,prod
492ec780-56d4-9a94-5b8f-fa87146d4211,2026-03-13T00:00:00Z/2026-03-14T00:00:00Z,2026-03-13T00:00:00Z,2026-03-14T00:00:00Z,AmazonEC2,Other,RunInstances,19.2107,2.144401,2.080821,Usage,us-east-1,,,prod
77960c5d-781a-861e-fec3-da3e4fe63eb7,2026-03-13T00:00:00Z/2026-03-14T00:00:00Z,2026-03-13T00:00:00Z,2026-03-14T00:00:00Z,AmazonEC2,Other,RunInstances,15.1401,2.180227,2.275673,Usage,us-east-1,,,prod
1ec563c9-edd6-b726-e304-652f30f5cc84,2026-03-13T00:00:00Z/2026-03-14T00:00:00Z,2026-03-13T00:00:00Z,2026-03-14T00:00:00Z,AmazonEC2,Other,RunInstances,5.8801,2.060195,2.117828,Usage,us-east-1,,,prod
e7323b5a-557f-1ff9-7589-b16b4ee693c5,2026-03-13T00:00:00Z/2026-03-14T00:00:00Z,2026-03-13T00:00:00Z,2026-03-14T00:00:00Z,AmazonEC2,Other,RunInstances,23.0479,2.667127,2.77828,Usage,us-east-1,,,prod
e2a1e256-96a7-ec62-a7d0-71241633d926,2026-03-13T00:00:00Z/2026-03-14T00:00:00Z,2026-03-13T00:00:00Z,2026-03-14T00:00:00Z,AmazonEC2,Other,RunInstances,5.4871,2.500879,2.50556,Usage,us-east-1,,,prod
b3cc43b7-3844-ee13-0f4c-8b0c167ab155,2026-03-13T00:00:00Z/2026-03-14T00:00:00Z,2026-03-13T00:00:00Z,2026-03-14T00:00:00Z,AmazonEC2,Other,RunInstances,8.917,2.544818,2.619749,Usage,us-east-1,,,prod
721f66a0-5ae1-fd0d-32cf-4556f45a6262,2026-03-13T00:00:00Z/2026-03-14T00:00:00Z,2026-03-13T00:00:00Z,2026-03-14T00:00:00Z,AmazonEC2,Other,RunInstances,22.7828,2.171121,2.234319,Usage,us-east-1,,,prod
dcec5320-f6ac-05e3-9149-0abe90fa88a4,2026-03-13T00:00:00Z/2026-03-14T00:00:00Z,2026-03-13T00:00:00Z,2026-03-14T00:00:00Z,AmazonEC2,Other,RunInstances,5.1836,2.04159,2.06077,Usage,us-east-1,,,prod
bcaa7743-5ce9-dba6-c3d8-e41d10976944,2026-03-13T00:00:00Z/2026-03-14T00:00:00Z,2026-03-13T00:00:00Z,2026-03-14T00:00:00Z,AmazonEC2,Other,RunInstances,21.8703,2.379237,2.449125,Usage,us-east-1,,,prod
ebf6aff9-b381-1cae-1204-121120c8dde2,2026-03-13T00:00:00Z/2026-03-14T00:00:00Z,2026-03-13T00:00:00Z,2026-03-14T00:00:00Z,AmazonEC2,Other,RunInstances,3.5217,2.314035,2.27412,Usage,us-east-1,,,prod
5a3ca4e3-3ae3-9ff7-bcf2-8850313ef78c,2026-03-13T00:00:00Z/2026-03-14T00:00:00Z,2026-03-13T00:00:00Z,2026-03-14T00:00:00Z,AmazonEC2,BoxUsage:m5.large,RunInstances,11.3263,67.563094,65.874345,Usage,us-east-1,,,prod
1dfeb9c5-a895-01a1-a6c3-63e128cc6eab,2026-03-13T00:00:00Z/2026-03-14T00:00:00Z,2026-03-13T00:00:00Z,2026-03-14T00:00:00Z,AmazonEC2,BoxUsage:m5.large,RunInstances,20.4389,67.325416,70.40747,Usage,us-east-1,,,prod
1ee4673f-3c68-302d-a2e7-179415cfa9fe,2026-03-13T00:00:00Z/2026-03-14T00:00:00Z,2026-03-13T00:00:00Z,2026-03-14T00:00:00Z,AmazonEC2,BoxUsage:m5.large,RunInstances,12.3151,63.74666,63.158343,Usage,us-east-1,,,prod
b565a889-eb0e-5416-e872-c372bc262ef5,2026-03-13T00:00:00Z/2026-03-14T00:00:00Z,2026-03-13T00:00:00Z,2026-03-14T00:00:00Z,AmazonEC2,BoxUsage:m5.large,RunInstances,12.6282,65.727932,67.857048,Usage,us-east-1,,,prod
3ba22bbe-553e-ef3b-dcec-b41b834e7e0c,2026-03-13T00:00:00Z/2026-03-14T00:00:00Z,2026-03-13T00:00:00Z,2026-03-14T00:00:00Z,AmazonEC2,BoxUsage:m5.large,RunInstances,15.5231,58.262401,61.098061,Usage,us-east-1,,,prod
4b448749-d119-5178-6c31-c9dfdf4c1c31,2026-03-13T00:00:00Z/2026-03-14T00:00:00Z,2026-03-13T00:00:00Z,2026-03-14T00:00:00Z,AmazonEC2,Other,RunInstances,10.8336,62.595002,63.370602,Usage,us-east-1,,,prod
ee7e2e60-3b0e-aea9-da19-9ccf583788a1,2026-03-13T00:00:00Z/2026-03-14T00:00:00Z,2026-03-13T00:00:00Z,2026-03-14T00:00:00Z,AmazonEC2,Other,RunInstances,12.5059,62.84639,62.143805,Usage,us-east-1,,,prod
e2e9d23c-2238-3805-d22c-9960c28c8854,2026-03-13T00:00:00Z/2026-03-14T00:00:00Z,2026-03-13T00:00:00Z,2026-03-14T00:00:00Z,AmazonEC2,Other,RunInstances,17.9751,64.343386,65.525088,Usage,us-east-1,,,prod
5bafbe9b-8118-2720-e185-ad150f7c52b4,2026-03-13T00:00:00Z/2026-03-14T00:00:00Z,2026-03-13T00:00:00Z,2026-03-14T00:00:00Z,AmazonEC2,Other,RunInstances,15.1256,62.742285,65.429877,Usage,us-east-1,,,prod
e206c8a4-6b9c-cd9f-df86-2b2a7d6cfe45,2026-03-13T00:00:00Z/2026-03-14T00:00:00Z,2026-03-13T00:00:00Z,2026-03-14T00:00:00Z,AmazonEC2,Other,RunInstances,7.6686,57.874372,58.145766,Usage,us-east-1,,,prod
84e2d556-d426-0519-7fe0-93017bb57b1f,2026-03-14T00:00:00Z/2026-03-15T00:00:00Z,2026-03-14T00:00:00Z,2026-03-15T00:00:00Z,AmazonEC2,BoxUsage:c5.xlarge,RunInstances,17.2557,2.399944,2.325863,Usage,us-east-1,,,prod
4df3ddd6-9bb3-7997-ca7c-a45f67bed0a0,2026-03-14T00:00:00Z/2026-03-15T00:00:00Z,2026-03-14T00:00:00Z,2026-03-15T00:00:00Z,AmazonEC2,BoxUsage:c5.xlarge,RunInstances,9.4879,2.571773,2.54416,Usage,us-east-1,,,prod
f0274a1d-967f-981e-a784-72fc3344d6ba,2026-03-14T00:00:00Z/2026-03-15T00:00:00Z,2026-03-14T00:00:00Z,2026-03-15T00:00:00Z,AmazonEC2,BoxUsage:c5.xlarge,RunInstances,17.789,2.226642,2.226045,Usage,us-east-1,,,prod
41a0a43b-cd71-fcfc-7641-4d3d84fd8e00,2026-03-14T00:00:00Z/2026-03-15T00:00:00Z,2026-03-14T00:00:00Z,2026-03-15T00:00:00Z,AmazonEC2,BoxUsage:c5.xlarge,RunInstances,11.7712,2.305587,2.27957,Usage,us-east-1,,,prod
5dee370c-735d-9029-dbe3-3ce1549119e7,2026-03-14T00:00:00Z/2026-03-15T00:00:00Z,2026-03-14T00:00:00Z,2026-03-15T00:00:00Z,AmazonEC2,BoxUsage:c5.xlarge,RunInstances,19.7954,2.382781,2.470986,Usage,us-east-1,,,prod
fa14609b-8b4f-d1d4-16cb-c703de080b43,2026-03-14T00:00:00Z/2026-03-15T00:00:00Z,2026-03-14T00:00:00Z,2026-03-15T00:00:00Z,AmazonEC2,BoxUsage:r5.xlarge,RunInstances,8.1354,2.301635,2.346933,Usage,us-east-1,,,prod
9c474788-200d-9c38-d0de-610122fd0f1a,2026-03-14T00:00:00Z/2026-03-15T00:00:00Z,2026-03-14T00:00:00Z,2026-03-15T00:00:00Z,AmazonEC2,BoxUsage:r5.xlarge,RunInstances,3.3919,2.076838,2.070611,Usage,us-east-1,,,prod
7994d460-47e6-1c2e-5aba-fb6cd40bce32,2026-03-14T00:00:00Z/2026-03-15T00:00:00Z,2026-03-14T00:00:00Z,2026-03-15T00:00:00Z,AmazonEC2,BoxUsage:r5.xlarge,RunInstances,3.5945,2.005855,2.087567,Usage,us-east-1,,,prod
5c12fe72-c7e8-723a-ca7a-3e2bce96bbfb,2026-03-14T00:00:00Z/2026-03-15T00:00:00Z,2026-03-14T00:00:00Z,2026-03-15T00:00:00Z,AmazonEC2,BoxUsage:r5.xlarge,RunInstances,17.4824,2.620863,2.723082,Usage,us-east-1,,,prod
be1c6eb2-4fa1-50a4-f227-1e5d0e74e025,2026-03-14T00:00:00Z/2026-03-15T00:00:00Z,2026-03-14T00:00:00Z,2026-03-15T00:00:00Z,AmazonEC2,BoxUsage:r5.xlarge,RunInstances,12.4367,2.604926,2.630292,Usage,us-east-1,,,prod
01b4b9c0-a9e8-b62c-b9cd-e3269be8050b,2026-03-14T00:00:00Z/2026-03-15T00:00:00Z,2026-03-14T00:00:00Z,2026-03-15T00:00:00Z,AmazonEC2,Other,RunInstances,22.8305,2.224457,2.214121,Usage,us-east-1,,,prod
bb80eec1-2d1f-7dfc-09ea-1b21329379f1,2026-03-14T00:00:00Z/2026-03-15T00:00:00Z,2026-03-14T00:00:00Z,2026-03-15T00:00:00Z,AmazonEC2,Other,RunInstances,1.905,2.034251,2.132544,Usage,us-east-1,,,prod
d5189687-dc35-02ac-e20c-0062339b39fd,2026-03-14T00:00:00Z/2026-03-15T00:00:00Z,2026-03-14T00:00:00Z,2026-03-15T00:00:00Z,AmazonEC2,Other,RunInstances,8.6486,2.636796,2.50956,Usage,us-east-1,,,prod
f9d8b783-5f04-899a-d081-ed555e0ec94f,2026-03-14T00:00:00Z/2026-03-15T00:00:00Z,2026-03-14T00:00:00Z,2026-03-15T00:00:00Z,AmazonEC2,Other,RunInstances,22.9562,2.63467,2.571594,Usage,us-east-1,,,prod
50383e5c-5dac-fa2d-adb0-a1ace7d24fca,2026-03-14T00:00:00Z/2026-03-15T00:00:00Z,2026-03-14T00:00:00Z,2026-03-15T00:00:00Z,AmazonEC2,Other,RunInstances,22.3971,2.238934,2.332503,Usage,us-east-1,,,prod
e77d6d4d-114c-d6ae-8f15-8f1ca6462d7d,2026-03-14T00:00:00Z/2026-03-15T00:00:00Z,2026-03-14T00:00:00Z,2026-03-15T00:00:00Z,AmazonEC2,Other,RunInstances,9.8689,2.63225,2.647199,Usage,us-east-1,,,prod
70a48887-b6eb-7235-645e-82eca81aa256,2026-03-14T00:00:00Z/2026-03-15T00:00:00Z,2026-03-14T00:00:00Z,2026-03-15T00:00:00Z,AmazonEC2,Other,RunInstances,1.9474,2.663084,2.579058,Usage,us-east-1,,,prod
5d8dbdc7-e9c3-fb8b-c189-6b088c5472dc,2026-03-14T00:00:00Z/2026-03-15T00:00:00Z,2026-03-14T00:00:00Z,2026-03-15T00:00:00Z,AmazonEC2,Other,RunInstances,11.6142,2.465868,2.482132,Usage,us-east-1,,,prod
9736103b-b110-41bf-8449-6a7bad51bba4,2026-03-14T00:00:00Z/2026-03-15T00:00:00Z,2026-03-14T00:00:00Z,2026-03-15T00:00:00Z,AmazonEC2,Other,RunInstances,19.1098,2.046891,1.960177,Usage,us-east-1,,,prod
e8cf281b-43d0-3df1-722d-a9d73547ab53,2026-03-14T00:00:00Z/2026-03-15T00:00:00Z,2026-03-14T00:00:00Z,2026-03-15T00:00:00Z,AmazonEC2,Other,RunInstances,1.7894,2.211318,2.203456,Usage,us-east-1,,,prod
acf4f950-d57b-e741-3c74-7c92acaab65f,2026-03-14T00:00:00Z/2026-03-15T00:00:00Z,2026-03-14T00:00:00Z,2026-03-15T00:00:00Z,AmazonEC2,BoxUsage:m5.large,RunInstances,13.7731,67.719926,64.399266,Usage,us-east-1,,,prod
8d369e02-44af-6848-565f-c61d508a3b5a,2026-03-14T00:00:00Z/2026-03-15T00:00:00Z,2026-03-14T00:00:00Z,2026-03-15T00:00:00Z,AmazonEC2,BoxUsage:m5.large,RunInstances,5.4767,62.840371,61.37682,Usage,us-east-1,,,prod
e5f209b8-84ff-1775-9922-78c6ed2f661b,2026-03-14T00:00:00Z/2026-03-15T00:00:00Z,2026-03-14T00:00:00Z,2026-03-15T00:00:00Z,AmazonEC2,BoxUsage:m5.large,RunInstances,5.2167,67.751136,65.000158,Usage,us-east-1,,,prod
5463d517-6ed5-15e4-2b5c-e9b1709ea54f,2026-03-14T00:00:00Z/2026-03-15T00:00:00Z,2026-03-14T00:00:00Z,2026-03-15T00:00:00Z,AmazonEC2,BoxUsage:m5.large,RunInstances,14.2507,61.013708,61.897443,Usage,us-east-1,,,prod
f6305a52-d7c0-cb48-ff80-21c97f65aa8e,2026-03-14T00:00:00Z/2026-03-15T00:00:00Z,2026-03-14T00:00:00Z,2026-03-15T00:00:00Z,AmazonEC2,BoxUsage:m5.large,RunInstances,19.2973,57.227667,57.409091,Usage,us-east-1,,,prod
cc3049ba-ab63-3eff-8e81-3286890e6419,2026-03-14T00:00:00Z/2026-03-15T00:00:00Z,2026-03-14T00:00:00Z,2026-03-15T00:00:00Z,AmazonEC2,Other,RunInstances,14.1312,63.774874,61.983194,Usage,us-east-1,,,prod
3041c435-d9ef-20de-b855-e20ec04fe489,2026-03-14T00:00:00Z/2026-03-15T00:00:00Z,2026-03-14T00:00:00Z,2026-03-15T00:00:00Z,AmazonEC2,Other,RunInstances,21.7528,58.05781,59.489705,Usage,us-east-1,,,prod
b81a48e8-8d5d-3943-c214-f5f0f9e2f185,2026-03-14T00:00:00Z/2026-03-15T00:00:00Z,2026-03-14T00:00:00Z,2026-03-15T00:00:00Z,AmazonEC2,Other,RunInstances,23.0471,57.865797,55.832883,Usage,us-east-1,,,prod
4dc2c01c-4de7-bcbd-55fd-95a17c934639,2026-03-14T00:00:00Z/2026-03-15T00:00:00Z,2026-03-14T00:00:00Z,2026-03-15T00:00:00Z,AmazonEC2,Other,RunInstances,11.6321,55.406252,58.137958,Usage,us-east-1,,,prod
6498a35d-9276-315f-407e-f5dba15831b4,2026-03-14T00:00:00Z/2026-03-15T00:00:00Z,2026-03-14T00:00:00Z,2026-03-15T00:00:00Z,AmazonEC2,Other,RunInstances,21.514,61.593596,59.317523,Usage,us-east-1,,,prod
924c838d-fdf5-1fb7-ec4a-1141f420f748,2026-03-15T00:00:00Z/2026-03-16T00:00:00Z,2026-03-15T00:00:00Z,2026-03-16T00:00:00Z,AmazonEC2,BoxUsage:c5.xlarge,RunInstances,9.1819,2.379193,2.406238,Usage,us-east-1,,,prod
c31a0a5d-bcc3-c0a7-1839-3df751082dbc,2026-03-15T00:00:00Z/2026-03-16T00:00:00Z,2026-03-15T00:00:00Z,2026-03-16T00:00:00Z,AmazonEC2,BoxUsage:c5.xlarge,RunInstances,17.7956,2.207659,2.188379,Usage,us-east-1,,,prod
d43329f7-b9d0-69d9-156d-062160c522e6,2026-03-15T00:00:00Z/2026-03-16T00:00:00Z,2026-03-15T00:00:00Z,2026-03-16T00:00:00Z,AmazonEC2,BoxUsage:c5.xlarge,RunInstances,21.1037,2.397657,2.373523,Usage,us-east-1,,,prod
a91b80aa-cb4d-ccd1-a34d-4dddb12e3fab,2026-03-15T00:00:00Z/2026-03-16T00:00:00Z,2026-03-15T00:00:00Z,2026-03-16T00:00:00Z,AmazonEC2,BoxUsage:c5.xlarge,RunInstances,5.2581,2.307289,2.248184,Usage,us-east-1,,,prod
4b6b1b56-4106-99eb-b328-34c41545d1f4,2026-03-15T00:00:00Z/2026-03-16T00:00:00Z,2026-03-15T00:00:00Z,2026-03-16T00:00:00Z,AmazonEC2,BoxUsage:c5.xlarge,RunInstances,13.5851,2.005872,2.019145,Usage,us-east-1,,,prod
0e69ea5c-1aba-a90b-36d3-a5b0af5e7207,2026-03-15T00:00:00Z/2026-03-16T00:00:00Z,2026-03-15T00:00:00Z,2026-03-16T00:00:00Z,AmazonEC2,BoxUsage:r5.xlarge,RunInstances,2.1058,2.010655,2.0567,Usage,us-east-1,,,prod
9701dc12-4f2e-8995-ed27-6c628395b1a3,2026-03-15T00:00:00Z/2026-03-16T00:00:00Z,2026-03-15T00:00:00Z,2026-03-16T00:00:00Z,AmazonEC2,BoxUsage:r5.xlarge,RunInstances,21.4665,2.353475,2.376911,Usage,us-east-1,,,prod
dc62af6e-e813-bdd8-92fb-69f666a66dd9,2026-03-15T00:00:00Z/2026-03-16T00:00:00Z,2026-03-15T00:00:00Z,2026-03-16T00:00:00Z,AmazonEC2,BoxUsage:r5.xlarge,RunInstances,14.3762,2.060997,2.162684,Usage,us-east-1,,,prod
2c18db2f-8d69-7962-0860-41d604f314dc,2026-03-15T00:00:00Z/2026-03-16T00:00:00Z,2026-03-15T00:00:00Z,2026-03-16T00:00:00Z,AmazonEC2,BoxUsage:r5.xlarge,RunInstances,1.9202,2.682461,2.755959,Usage,us-east-1,,,prod
dfeac293-56c4-ecbb-34df-daa5cd5beae6,2026-03-15T00:00:00Z/2026-03-16T00:00:00Z,2026-03-15T00:00:00Z,2026-03-16T00:00:00Z,AmazonEC2,BoxUsage:r5.xlarge,RunInstances,23.164,2.033791,1.991363,Usage,us-east-1,,,prod
66aae7dd-2a1b-6e63-2dc3-9bb61ecc1c9b,2026-03-15T00:00:00Z/2026-03-16T00:00:00Z,2026-03-15T00:00:00Z,2026-03-16T00:00:00Z,AmazonEC2,Other,RunInstances,4.2815,2.494768,2.492401,Usage,us-east-1,,,prod
1b21a40c-453e-06dd-2dc8-16a0d9846d61,2026-03-15T00:00:00Z/2026-03-16T00:00:00Z,2026-03-15T00:00:00Z,2026-03-16T00:00:00Z,AmazonEC2,Other,RunInstances,4.1272,2.553833,2.615043,Usage,us-east-1,,,prod
3a0a31df-1e93-1f3f-28fb-fb0412447208,2026-03-15T00:00:00Z/2026-03-16T00:00:00Z,2026-03-15T00:00:00Z,2026-03-16T00:00:00Z,AmazonEC2,Other,RunInstances,1.6386,2.443939,2.355298,Usage,us-east-1,,,prod
a9ff2370-8fee-7e3e-52f1-309e1a3eee4b,2026-03-15T00:00:00Z/2026-03-16T00:00:00Z,2026-03-15T00:00:00Z,2026-03-16T00:00:00Z,AmazonEC2,Other,RunInstances,19.243,2.635268,2.600009,Usage,us-east-1,,,prod
76ecd6fc-0754-adbd-a034-35f78641326f,2026-03-15T00:00:00Z/2026-03-16T00:00:00Z,2026-03-15T00:00:00Z,2026-03-16T00:00:00Z,AmazonEC2,Other,RunInstances,11.1648,2.660348,2.66762,Usage,us-east-1,,,prod
ac91e143-8067-fc79-7400-eaff3ef8a8b7,2026-03-15T00:00:00Z/2026-03-16T00:00:00Z,2026-03-15T00:00:00Z,2026-03-16T00:00:00Z,AmazonEC2,Other,RunInstances,8.5113,2.08481,2.155223,Usage,us-east-1,,,prod
ea4ff256-5da5-9709-0340-0462b5761a45,2026-03-15T00:00:00Z/2026-03-16T00:00:00Z,2026-03-15T00:00:00Z,2026-03-16T00:00:00Z,AmazonEC2,Other,RunInstances,1.486,2.271045,2.232265,Usage,us-east-1,,,prod
0ad54657-89e1-977e-c6ac-d3d05048afe1,2026-03-15T00:00:00Z/2026-03-16T00:00:00Z,2026-03-15T00:00:00Z,2026-03-16T00:00:00Z,AmazonEC2,Other,RunInstances,11.8913,2.131971,2.184304,Usage,us-east-1,,,prod
814b693e-5fe8-bc9f-b8cc-9b614355dc5b,2026-03-15T00:00:00Z/2026-03-16T00:00:00Z,2026-03-15T00:00:00Z,2026-03-16T00:00:00Z,AmazonEC2,Other,RunInstances,11.7837,2.193482,2.101139,Usage,us-east-1,,,prod
8aa9be87-1866-6098-9ce3-69864b15b784,2026-03-15T00:00:00Z/2026-03-16T00:00:00Z,2026-03-15T00:00:00Z,2026-03-16T00:00:00Z,AmazonEC2,Other,RunInstances,17.4297,2.081904,2.094894,Usage,us-east-1,,,prod
0bfcbbc3-7a91-c5aa-c3bb-b4982d84775f,2026-03-15T00:00:00Z/2026-03-16T00:00:00Z,2026-03-15T00:00:00Z,2026-03-16T00:00:00Z,AmazonEC2,BoxUsage:m5.large,RunInstances,14.4614,63.010678,61.944693,Usage,us-east-1,,,prod
56f7e28b-eb80-1f48-7b0a-46ebf4258780,2026-03-15T00:00:00Z/2026-03-16T00:00:00Z,2026-03-15T00:00:00Z,2026-03-16T00:00:00Z,AmazonEC2,BoxUsage:m5.large,RunInstances,20.7788,60.079149,58.73538,Usage,us-east-1,,,prod
4e9b7fa1-68ab-995c-7151-6b30827df183,2026-03-15T00:00:00Z/2026-03-16T00:00:00Z,2026-03-15T00:00:00Z,2026-03-16T00:00:00Z,AmazonEC2,BoxUsage:m5.large,RunInstances,6.8747,57.120758,55.133652,Usage,us-east-1,,,prod
b24fb271-f1e6-c4ca-8e3a-f46ae9f1b41c,2026-03-15T00:00:00Z/2026-03-16T00:00:00Z,2026-03-15T00:00:00Z,2026-03-16T00:00:00Z,AmazonEC2,BoxUsage:m5.large,RunInstances,22.973,59.035068,59.047805,Usage,us-east-1,,,prod
756a3ed4-ccff-f760-0029-306909ba187f,2026-03-15T00:00:00Z/2026-03-16T00:00:00Z,2026-03-15T00:00:00Z,2026-03-16T00:00:00Z,AmazonEC2,BoxUsage:m5.large,RunInstances,5.0463,67.409575,66.780914,Usage,us-east-1,,,prod
1622a2c0-9c84-763d-b3b3-a76c62bd2c76,2026-03-15T00:00:00Z/2026-03-16T00:00:00Z,2026-03-15T00:00:00Z,2026-03-16T00:00:00Z,AmazonEC2,Other,RunInstances,21.5774,65.330802,65.105134,Usage,us-east-1,,,prod
14b10a9d-c578-6d04-1efa-d241fe672d63,2026-03-15T00:00:00Z/2026-03-16T00:00:00Z,2026-03-15T00:00:00Z,2026-03-16T00:00:00Z,AmazonEC2,Other,RunInstances,22.2343,59.361613,61.12926,Usage,us-east-1,,,prod
a3362e9a-c26e-5078-1755-0a606b8ba9af,2026-03-15T00:00:00Z/2026-03-16T00:00:00Z,2026-03-15T00:00:00Z,2026-03-16T00:00:00Z,AmazonEC2,Other,RunInstances,14.278,57.364136,54.565068,Usage,us-east-1,,,prod
b22ebe6b-594f-cf53-4fa7-77e7b844e9a1,2026-03-15T00:00:00Z/2026-03-16T00:00:00Z,2026-03-15T00:00:00Z,2026-03-16T00:00:00Z,AmazonEC2,Other,RunInstances,2.7877,63.734688,61.507127,Usage,us-east-1,,,prod
92700089-80b2-ce73-50b1-b9c4a078b93d,2026-03-15T00:00:00Z/2026-03-16T00:00:00Z,2026-03-15T00:00:00Z,2026-03-16T00:00:00Z,AmazonEC2,Other,RunInstances,12.9349,59.050488,57.083294,Usage,us-east-1,,,prod
93c207bb-1e96-c0c2-b86b-60d313f2f2a0,2026-03-16T00:00:00Z/2026-03-17T00:00:00Z,2026-03-16T00:00:00Z,2026-03-17T00:00:00Z,AmazonEC2,BoxUsage:c5.xlarge,RunInstances,14.4764,2.440433,2.452019,Usage,us-east-1,,,prod
f9c34995-9914-95d5-53d9-5409187be49d,2026-03-16T00:00:00Z/2026-03-17T00:00:00Z,2026-03-16T00:00:00Z,2026-03-17T00:00:00Z,AmazonEC2,BoxUsage:c5.xlarge,RunInstances,8.1389,2.037716,1.936721,Usage,us-east-1,,,prod
68c93852-196a-3008-166e-1c2be52f97c5,2026-03-16T00:00:00Z/2026-03-17T00:00:00Z,2026-03-16T00:00:00Z,2026-03-17T00:00:00Z,AmazonEC2,BoxUsage:c5.xlarge,RunInstances,21.0305,2.663312,2.727044,Usage,us-east-1,,,prod
592b223a-d502-b00d-266e-a51229901084,2026-03-16T00:00:00Z/2026-03-17T00:00:00Z,2026-03-16T00:00:00Z,2026-03-17T00:00:00Z,AmazonEC2,BoxUsage:c5.xlarge,RunInstances,4.5316,2.169598,2.07121,Usage,us-east-1,,,prod
6add554b-d0c4-4304-2562-01ea2225800e,2026-03-16T00:00:00Z/2026-03-17T00:00:00Z,2026-03-16T00:00:00Z,2026-03-17T00:00:00Z,AmazonEC2,BoxUsage:c5.xlarge,RunInstances,7.5654,2.28971,2.335692,Usage,us-east-1,,,prod
85b71ae7-bd7d-0564-3785-774eed3456d3,2026-03-16T00:00:00Z/2026-03-17T00:00:00Z,2026-03-16T00:00:00Z,2026-03-17T00:00:00Z,AmazonEC2,BoxUsage:r5.xlarge,RunInstances,3.6911,2.243859,2.21636,Usage,us-east-1,,,prod
6bf8102d-eba7-32ad-3283-4102d7a190ac,2026-03-16T00:00:00Z/2026-03-17T00:00:00Z,2026-03-16T00:00:00Z,2026-03-17T00:00:00Z,AmazonEC2,BoxUsage:r5.xlarge,RunInstances,8.9928,2.564347,2.67061,Usage,us-east-1,,,prod
f2242c66-548a-4b25-c3f1-18da3699bee2,2026-03-16T00:00:00Z/2026-03-17T00:00:00Z,2026-03-16T00:00:00Z,2026-03-17T00:00:00Z,AmazonEC2,BoxUsage:r5.xlarge,RunInstances,15.5708,2.653603,2.77174,Usage,us-east-1,,,prod
549a59e4-b50d-828f-541c-118d2501b225,2026-03-16T00:00:00Z/2026-03-17T00:00:00Z,2026-03-16T00:00:00Z,2026-03-17T00:00:00Z,AmazonEC2,BoxUsage:r5.xlarge,RunInstances,18.6787,2.458817,2.556071,Usage,us-east-1,,,prod
05d4da8e-7770-90a6-9d72-b85ff8603ca8,2026-03-16T00:00:00Z/2026-03-17T00:00:00Z,2026-03-16T00:00:00Z,2026-03-17T00:00:00Z,AmazonEC2,BoxUsage:r5.xlarge,RunInstances,19.2751,2.121952,2.072836,Usage,us-east-1,,,prod
872ea496-0937-71cb-3242-4f025226b457,2026-03-16T00:00:00Z/2026-03-17T00:00:00Z,2026-03-16T00:00:00Z,2026-03-17T00:00:00Z,AmazonEC2,Other,RunInstances,14.7834,2.333383,2.405318,Usage,us-east-1,,,prod
e145d4b6-0073-b381-a90f-ce3d941001fb,2026-03-16T00:00:00Z/2026-03-17T00:00:00Z,2026-03-16T00:00:00Z,2026-03-17T00:00:00Z,AmazonEC2,Other,RunInstances,9.7645,2.653979,2.708107,Usage,us-east-1,,,prod
240cc4c8-feef-f67f-c3f8-f3a52844b0b6,2026-03-16T00:00:00Z/2026-03-17T00:00:00Z,2026-03-16T00:00:00Z,2026-03-17T00:00:00Z,AmazonEC2,Other,RunInstances,9.3757,2.462148,2.547634,Usage,us-east-1,,,prod
2164f94d-ae66-c43f-b3f2-9f74373e01fa,2026-03-16T00:00:00Z/2026-03-17T00:00:00Z,2026-03-16T00:00:00Z,2026-03-17T00:00:00Z,AmazonEC2,Other,RunInstances,10.877,1.997619,1.925287,Usage,us-east-1,,,prod
650fda6e-b5e9-b4aa-85a3-b4ac56600d88,2026-03-16T00:00:00Z/2026-03-17T00:00:00Z,2026-03-16T00:00:00Z,2026-03-17T00:00:00Z,AmazonEC2,Other,RunInstances,2.4853,2.142312,2.161214,Usage,us-east-1,,,prod
fdba65a9-e734-dabd-f5da-be3bbd7b4da8,2026-03-16T00:00:00Z/2026-03-17T00:00:00Z,2026-03-16T00:00:00Z,2026-03-17T00:00:00Z,AmazonEC2,Other,RunInstances,9.4908,2.131414,2.228915,Usage,us-east-1,,,prod
17134341-25c0-a477-4cd7-9034bd2fda0e,2026-03-16T00:00:00Z/2026-03-17T00:00:00Z,2026-03-16T00:00:00Z,2026-03-17T00:00:00Z,AmazonEC2,Other,RunInstances,5.4246,2.2015,2.125108,Usage,us-east-1,,,prod
16be7544-bbb3-8f2b-63ab-ed0575bdf764,2026-03-16T00:00:00Z/2026-03-17T00:00:00Z,2026-03-16T00:00:00Z,2026-03-17T00:00:00Z,AmazonEC2,Other,RunInstances,12.522,2.061839,2.087777,Usage,us-east-1,,,prod
28200f33-564b-46b2-68ff-af133db7d7d6,2026-03-16T00:00:00Z/2026-03-17T00:00:00Z,2026-03-16T00:00:00Z,2026-03-17T00:00:00Z,AmazonEC2,Other,RunInstances,6.8927,2.156645,2.212305,Usage,us-east-1,,,prod
ff8827b4-365f-feaf-3e74-24b0a01314be,2026-03-16T00:00:00Z/2026-03-17T00:00:00Z,2026-03-16T00:00:00Z,2026-03-17T00:00:00Z,AmazonEC2,Other,RunInstances,2.6482,2.304436,2.291904,Usage,us-east-1,,,prod
6e9e0cbe-0455-b330-dba1-107eacdf9486,2026-03-16T00:00:00Z/2026-03-17T00:00:00Z,2026-03-16T00:00:00Z,2026-03-17T00:00:00Z,AmazonEC2,BoxUsage:m5.large,RunInstances,20.8165,62.753038,60.924083,Usage,us-east-1,,,prod
035094eb-2ee7-3393-c7fd-ef4701f2a216,2026-03-16T00:00:00Z/2026-03-17T00:00:00Z,2026-03-16T00:00:00Z,2026-03-17T00:00:00Z,AmazonEC2,BoxUsage:m5.large,RunInstances,1.2927,66.723683,65.958864,Usage,us-east-1,,,prod
5fde5a7e-2aed-eb93-e0e6-b6432bb48609,2026-03-16T00:00:00Z/2026-03-17T00:00:00Z,2026-03-16T00:00:00Z,2026-03-17T00:00:00Z,AmazonEC2,BoxUsage:m5.large,RunInstances,23.9825,56.639471,58.888218,Usage,us-east-1,,,prod
def69e27-e7fd-ee60-6952-6e76fd897d0e,2026-03-16T00:00:00Z/2026-03-17T00:00:00Z,2026-03-16T00:00:00Z,2026-03-17T00:00:00Z,AmazonEC2,BoxUsage:m5.large,RunInstances,19.4419,54.614141,57.238974,Usage,us-east-1,,,prod
ff036ab8-4d60-d635-0a22-d4540d4e0981,2026-03-16T00:00:00Z/2026-03-17T00:00:00Z,2026-03-16T00:00:00Z,2026-03-17T00:00:00Z,AmazonEC2,BoxUsage:m5.large,RunInstances,19.0767,55.430818,58.139961,Usage,us-east-1,,,prod
3e695f9d-d241-170b-a88d-6ffebe8b3d3c,2026-03-16T00:00:00Z/2026-03-17T00:00:00Z,2026-03-16T00:00:00Z,2026-03-17T00:00:00Z,AmazonEC2,Other,RunInstances,22.046,61.466203,63.174484,Usage,us-east-1,,,prod
24236e65-c69a-a64d-6760-35a9b395c6a6,2026-03-16T00:00:00Z/2026-03-17T00:00:00Z,2026-03-16T00:00:00Z,2026-03-17T00:00:00Z,AmazonEC2,Other,RunInstances,8.2896,65.56899,62.800863,Usage,us-east-1,,,prod
9f1b01b8-f9f5-f3c9-1444-baca0f835ff1,2026-03-16T00:00:00Z/2026-03-17T00:00:00Z,2026-03-16T00:00:00Z,2026-03-17T00:00:00Z,AmazonEC2,Other,RunInstances,8.4934,66.35182,63.865411,Usage,us-east-1,,,prod
cde66098-a131-6575-ba51-84a6e74f0843,2026-03-16T00:00:00Z/2026-03-17T00:00:00Z,2026-03-16T00:00:00Z,2026-03-17T00:00:00Z,AmazonEC2,Other,RunInstances,22.4278,51.758143,49.719305,Usage,us-east-1,,,prod
e6fa3a99-bab2-4765-bbd9-01ceca479f3a,2026-03-16T00:00:00Z/2026-03-17T00:00:00Z,2026-03-16T00:00:00Z,2026-03-17T00:00:00Z,AmazonEC2,Other,RunInstances,19.1779,59.344104,61.365666,Usage,us-east-1,,,prod
3b70cbe8-6687-5be8-2332-583e6c383e5e,2026-03-17T00:00:00Z/2026-03-18T00:00:00Z,2026-03-17T00:00:00Z,2026-03-18T00:00:00Z,AmazonEC2,BoxUsage:c5.xlarge,RunInstances,9.109,1.997418,1.975131,Usage,us-east-1,,,prod
720da941-c63d-14f2-842d-2477ae6eec11,2026-03-17T00:00:00Z/2026-03-18T00:00:00Z,2026-03-17T00:00:00Z,2026-03-18T00:00:00Z,AmazonEC2,BoxUsage:c5.xlarge,RunInstances,8.5351,2.024087,2.107106,Usage,us-east-1,,,prod
a581fd0a-51fb-0f5a-00ab-6e60735abcbe,2026-03-17T00:00:00Z/2026-03-18T00:00:00Z,2026-03-17T00:00:00Z,2026-03-18T00:00:00Z,AmazonEC2,BoxUsage:c5.xlarge,RunInstances,18.2027,2.239009,2.348779,Usage,us-east-1,,,prod
a0928ed7-6eac-6e8d-527b-6cd0f38c45ec,2026-03-17T00:00:00Z/2026-03-18T00:00:00Z,2026-03-17T00:00:00Z,2026-03-18T00:00:00Z,AmazonEC2,BoxUsage:c5.xlarge,RunInstances,19.8527,2.653537,2.6368,Usage,us-east-1,,,prod
9bffccf6-a1d6-fd6c-9023-e09f028cbcb5,2026-03-17T00:00:00Z/2026-03-18T00:00:00Z,2026-03-17T00:00:00Z,2026-03-18T00:00:00Z,AmazonEC2,BoxUsage:c5.xlarge,RunInstances,13.5715,2.040235,2.028677,Usage,us-east-1,,,prod
4b016dfb-de67-b266-5ea7-ff5f42c6071d,2026-03-17T00:00:00Z/2026-03-18T00:00:00Z,2026-03-17T00:00:00Z,2026-03-18T00:00:00Z,AmazonEC2,BoxUsage:r5.xlarge,RunInstances,10.4658,2.036654,2.020346,Usage,us-east-1,,,prod
c4446860-7b55-f916-f6da-4e9dbea04f3d,2026-03-17T00:00:00Z/2026-03-18T00:00:00Z,2026-03-17T00:00:00Z,2026-03-18T00:00:00Z,AmazonEC2,BoxUsage:r5.xlarge,RunInstances,7.728,2.575896,2.469085,Usage,us-east-1,,,prod
228fe940-c767-e08d-8dd4-13fd19d36780,2026-03-17T00:00:00Z/2026-03-18T00:00:00Z,2026-03-17T00:00:00Z,2026-03-18T00:00:00Z,AmazonEC2,BoxUsage:r5.xlarge,RunInstances,19.6131,2.599098,2.639946,Usage,us-east-1,,,prod
e9c22328-cd15-102b-064d-aa56b47f4c6f,2026-03-17T00:00:00Z/2026-03-18T00:00:00Z,2026-03-17T00:00:00Z,2026-03-18T00:00:00Z,AmazonEC2,BoxUsage:r5.xlarge,RunInstances,5.9535,2.66375,2.553161,Usage,us-east-1,,,prod
08e2e5b2-54f0-a908-3d78-7035b780c600,2026-03-17T00:00:00Z/2026-03-18T00:00:00Z,2026-03-17T00:00:00Z,2026-03-18T00:00:00Z,AmazonEC2,BoxUsage:r5.xlarge,RunInstances,20.4173,2.006683,2.034946,Usage,us-east-1,,,prod
84c47e68-1ef1-fa0b-21ad-6cd939cb2960,2026-03-17T00:00:00Z/2026-03-18T00:00:00Z,2026-03-17T00:00:00Z,2026-03-18T00:00:00Z,AmazonEC2,Other,RunInstances,20.4355,2.400228,2.403775,Usage,us-east-1,,,prod
68cf0a66-9039-cf28-0432-c76b536e52ea,2026-03-17T00:00:00Z/2026-03-18T00:00:00Z,2026-03-17T00:00:00Z,2026-03-18T00:00:00Z,AmazonEC2,Other,RunInstances,10.1608,2.553102,2.508912,Usage,us-east-1,,,prod
c56ee89c-fb8e-c538-9f7d-5cb477d47bbc,2026-03-17T00:00:00Z/2026-03-18T00:00:00Z,2026-03-17T00:00:00Z,2026-03-18T00:00:00Z,AmazonEC2,Other,RunInstances,11.7146,2.383678,2.308696,Usage,us-east-1,,,prod
d551b35a-63ba-7f52-37b5-34af1aad0a08,2026-03-17T00:00:00Z/2026-03-18T00:00:00Z,2026-03-17T00:00:00Z,2026-03-18T00:00:00Z,AmazonEC2,Other,RunInstances,20.7816,2.52097,2.607582,Usage,us-east-1,,,prod
85b3ddfb-cb38-ce18-ff87-a7f74a4b8786,2026-03-17T00:00:00Z/2026-03-18T00:00:00Z,2026-03-17T00:00:00Z,2026-03-18T00:00:00Z,AmazonEC2,Other,RunInstances,13.6515,2.475023,2.414226,Usage,us-east-1,,,prod
3f12c8ef-3aaf-ef39-f86d-b04b2e8d2c86,2026-03-17T00:00:00Z/2026-03-18T00:00:00Z,2026-03-17T00:00:00Z,2026-03-18T00:00:00Z,AmazonEC2,Other,RunInstances,15.8534,2.265658,2.178798,Usage,us-east-1,,,prod
e55debdc-023c-c419-a7a8-bd7d75323226,2026-03-17T00:00:00Z/2026-03-18T00:00:00Z,2026-03-17T00:00:00Z,2026-03-18T00:00:00Z,AmazonEC2,Other,RunInstances,3.2545,2.657216,2.739082,Usage,us-east-1,,,prod
2967d8e3-8862-53d0-a24d-e0cbd49a4808,2026-03-17T00:00:00Z/2026-03-18T00:00:00Z,2026-03-17T00:00:00Z,2026-03-18T00:00:00Z,AmazonEC2,Other,RunInstances,8.144,2.676647,2.558861,Usage,us-east-1,,,prod
6ea07d2a-fd91-b2b3-6b7e-a9525e7c3426,2026-03-17T00:00:00Z/2026-03-18T00:00:00Z,2026-03-17T00:00:00Z,2026-03-18T00:00:00Z,AmazonEC2,Other,RunInstances,13.9382,2.434718,2.330956,Usage,us-east-1,,,prod
8271c7e3-8de5-7b14-01e2-2d9ce7066810,2026-03-17T00:00:00Z/2026-03-18T00:00:00Z,2026-03-17T00:00:00Z,2026-03-18T00:00:00Z,AmazonEC2,Other,RunInstances,23.2623,2.3122,2.26467,Usage,us-east-1,,,prod
df6dcf11-8d3c-f554-7684-eec1a7f7913f,2026-03-17T00:00:00Z/2026-03-18T00:00:00Z,2026-03-17T00:00:00Z,2026-03-18T00:00:00Z,AmazonEC2,BoxUsage:m5.large,RunInstances,9.165,51.94907,53.074686,Usage,us-east-1,,,prod
8dbb8f48-0aa2-8d91-35e2-2d05d2e7e77d,2026-03-17T00:00:00Z/2026-03-18T00:00:00Z,2026-03-17T00:00:00Z,2026-03-18T00:00:00Z,AmazonEC2,BoxUsage:m5.large,RunInstances,23.7067,61.731355,61.738741,Usage,us-east-1,,,prod
44453bcc-a220-ff33-b1c4-9227207e9f49,2026-03-17T00:00:00Z/2026-03-18T00:00:00Z,2026-03-17T00:00:00Z,2026-03-18T00:00:00Z,AmazonEC2,BoxUsage:m5.large,RunInstances,6.6944,53.993995,55.553672,Usage,us-east-1,,,prod
f8121a96-3d52-4281-2f00-5be8204d5687,2026-03-17T00:00:00Z/2026-03-18T00:00:00Z,2026-03-17T00:00:00Z,2026-03-18T00:00:00Z,AmazonEC2,BoxUsage:m5.large,RunInstances,17.8078,59.568607,56.9349,Usage,us-east-1,,,prod
e24d0d53-cc61-d982-a32c-0e422949b06f,2026-03-17T00:00:00Z/2026-03-18T00:00:00Z,2026-03-17T00:00:00Z,2026-03-18T00:00:00Z,AmazonEC2,BoxUsage:m5.large,RunInstances,12.0417,55.130813,56.956824,Usage,us-east-1,,,prod
cc83a83c-fb56-ad6c-7f97-b9a1fcf7dd16,2026-03-17T00:00:00Z/2026-03-18T00:00:00Z,2026-03-17T00:00:00Z,2026-03-18T00:00:00Z,AmazonEC2,Other,RunInstances,20.2975,58.935483,61.638303,Usage,us-east-1,,,prod
f4fc915c-0b74-c433-afef-de9b2e30cdbc,2026-03-17T00:00:00Z/2026-03-18T00:00:00Z,2026-03-17T00:00:00Z,2026-03-18T00:00:00Z,AmazonEC2,Other,RunInstances,22.6847,67.177525,67.723241,Usage,us-east-1,,,prod
d39bcc01-5ae7-75f2-8bea-0101e58aafa9,2026-03-17T00:00:00Z/2026-03-18T00:00:00Z,2026-03-17T00:00:00Z,2026-03-18T00:00:00Z,AmazonEC2,Other,RunInstances,11.1668,63.911719,61.318329,Usage,us-east-1,,,prod
a6106ad4-9423-a597-272e-b871adcb1047,2026-03-17T00:00:00Z/2026-03-18T00:00:00Z,2026-03-17T00:00:00Z,2026-03-18T00:00:00Z,AmazonEC2,Other,RunInstances,11.4557,59.746799,57.81903,Usage,us-east-1,,,prod
8dd5ff99-3c6e-9f27-dc64-bf4c64ebd1b8,2026-03-17T00:00:00Z/2026-03-18T00:00:00Z,2026-03-17T00:00:00Z,2026-03-18T00:00:00Z,AmazonEC2,Other,RunInstances,7.5419,66.023418,63.820944,Usage,us-east-1,,,prod
0df29440-d035-2c46-e289-5c8eb86715f7,2026-03-18T00:00:00Z/2026-03-19T00:00:00Z,2026-03-18T00:00:00Z,2026-03-19T00:00:00Z,AmazonEC2,BoxUsage:c5.xlarge,RunInstances,5.8492,2.353458,2.343813,Usage,us-east-1,,,prod
bf3c0438-1fa2-ee50-9e43-856ff985d587,2026-03-18T00:00:00Z/2026-03-19T00:00:00Z,2026-03-18T00:00:00Z,2026-03-19T00:00:00Z,AmazonEC2,BoxUsage:c5.xlarge,RunInstances,4.0972,2.491155,2.484056,Usage,us-east-1,,,prod
d1e378b5-0ccf-0494-859a-4be9fd4ea675,2026-03-18T00:00:00Z/2026-03-19T00:00:00Z,2026-03-18T00:00:00Z,2026-03-19T00:00:00Z,AmazonEC2,BoxUsage:c5.xlarge,RunInstances,17.887,2.335485,2.242194,Usage,us-east-1,,,prod
0ce4d866-4c24-9643-205b-3600c5471c90,2026-03-18T00:00:00Z/2026-03-19T00:00:00Z,2026-03-18T00:00:00Z,2026-03-19T00:00:00Z,AmazonEC2,BoxUsage:c5.xlarge,RunInstances,14.8947,2.576384,2.698492,Usage,us-east-1,,,prod
522ed9f0-eb44-bbd2-ffaf-2c1901a233c7,2026-03-18T00:00:00Z/2026-03-19T00:00:00Z,2026-03-18T00:00:00Z,2026-03-19T00:00:00Z,AmazonEC2,BoxUsage:c5.xlarge,RunInstances,3.7362,2.519478,2.627416,Usage,us-east-1,,,prod
4edb9ed9-a0c8-5ba8-1a1c-8835853f5575,2026-03-18T00:00:00Z/2026-03-19T00:00:00Z,2026-03-18T00:00:00Z,2026-03-19T00:00:00Z,AmazonEC2,BoxUsage:r5.xlarge,RunInstances,1.2902,2.592546,2.657555,Usage,us-east-1,,,prod
6d7078ea-3195-b784-6aa9-795879f4e165,2026-03-18T00:00:00Z/2026-03-19T00:00:00Z,2026-03-18T00:00:00Z,2026-03-19T00:00:00Z,AmazonEC2,BoxUsage:r5.xlarge,RunInstances,17.3981,2.354522,2.395877,Usage,us-east-1,,,prod
5816b18b-9ac6-d340-e81e-062ead6313a2,2026-03-18T00:00:00Z/2026-03-19T00:00:00Z,2026-03-18T00:00:00Z,2026-03-19T00:00:00Z,AmazonEC2,BoxUsage:r5.xlarge,RunInstances,21.3062,2.601087,2.557829,Usage,us-east-1,,,prod
6b5c1606-9bfd-c960-0135-2e7395d2a70d,2026-03-18T00:00:00Z/2026-03-19T00:00:00Z,2026-03-18T00:00:00Z,2026-03-19T00:00:00Z,AmazonEC2,BoxUsage:r5.xlarge,RunInstances,5.1855,2.020211,1.950275,Usage,us-east-1,,,prod
3dc52249-23ab-e417-9457-5091341fdc3c,2026-03-18T00:00:00Z/2026-03-19T00:00:00Z,2026-03-18T00:00:00Z,2026-03-19T00:00:00Z,AmazonEC2,BoxUsage:r5.xlarge,RunInstances,4.6331,2.432086,2.535147,Usage,us-east-1,,,prod
b071452e-a1d9-b094-f9ea-2b72a75a80a2,2026-03-18T00:00:00Z/2026-03-19T00:00:00Z,2026-03-18T00:00:00Z,2026-03-19T00:00:00Z,AmazonEC2,Other,RunInstances,5.6709,2.18189,2.173232,Usage,us-east-1,,,prod
012a61e1-ecee-014a-d399-27407f253bf5,2026-03-18T00:00:00Z/2026-03-19T00:00:00Z,2026-03-18T00:00:00Z,2026-03-19T00:00:00Z,AmazonEC2,Other,RunInstances,4.3449,2.428999,2.532322,Usage,us-east-1,,,prod
b9d75a4d-b437-da82-d21e-f89a88fe7132,2026-03-18T00:00:00Z/2026-03-19T00:00:00Z,2026-03-18T00:00:00Z,2026-03-19T00:00:00Z,AmazonEC2,Other,RunInstances,4.2733,2.030082,2.032899,Usage,us-east-1,,,prod
6553587a-3bb3-508b-5224-eeda79463d80,2026-03-18T00:00:00Z/2026-03-19T00:00:00Z,2026-03-18T00:00:00Z,2026-03-19T00:00:00Z,AmazonEC2,Other,RunInstances,18.3329,2.412,2.443504,Usage,us-east-1,,,prod
1a113a42-8fcb-5e0b-c27b-0230ec5f15d9,2026-03-18T00:00:00Z/2026-03-19T00:00:00Z,2026-03-18T00:00:00Z,2026-03-19T00:00:00Z,AmazonEC2,Other,RunInstances,13.5315,2.531979,2.452212,Usage,us-east-1,,,prod
54fb2b6e-9e34-4b31-acf3-5d7ed51019a5,2026-03-18T00:00:00Z/2026-03-19T00:00:00Z,2026-03-18T00:00:00Z,2026-03-19T00:00:00Z,AmazonEC2,Other,RunInstances,20.2281,2.118348,2.114047,Usage,us-east-1,,,prod
05c60a1c-d738-c617-63a8-03ee5645d3e4,2026-03-18T00:00:00Z/2026-03-19T00:00:00Z,2026-03-18T00:00:00Z,2026-03-19T00:00:00Z,AmazonEC2,Other,RunInstances,11.4472,2.034928,2.118499,Usage,us-east-1,,,prod
911773c3-e6f1-f6ff-5329-1b46638cf6a6,2026-03-18T00:00:00Z/2026-03-19T00:00:00Z,2026-03-18T00:00:00Z,2026-03-19T00:00:00Z,AmazonEC2,Other,RunInstances,5.7461,2.307688,2.319705,Usage,us-east-1,,,prod
e46d97f0-8fb4-49ea-13db-159b8abe0751,2026-03-18T00:00:00Z/2026-03-19T00:00:00Z,2026-03-18T00:00:00Z,2026-03-19T00:00:00Z,AmazonEC2,Other,RunInstances,20.3879,2.422036,2.322381,Usage,us-east-1,,,prod
4599350e-4851-564d-4e95-a48bf0016595,2026-03-18T00:00:00Z/2026-03-19T00:00:00Z,2026-03-18T00:00:00Z,2026-03-19T00:00:00Z,AmazonEC2,Other,RunInstances,21.0616,2.140906,2.119997,Usage,us-east-1,,,prod
d4f54905-b3b7-b606-2d74-02c33762bcf4,2026-03-18T00:00:00Z/2026-03-19T00:00:00Z,2026-03-18T00:00:00Z,2026-03-19T00:00:00Z,AmazonEC2,BoxUsage:m5.large,RunInstances,10.0539,63.385556,62.034003,Usage,us-east-1,,,prod
0973e98e-ec5e-f19e-5e81-0ae3e985139b,2026-03-18T00:00:00Z/2026-03-19T00:00:00Z,2026-03-18T00:00:00Z,2026-03-19T00:00:00Z,AmazonEC2,BoxUsage:m5.large,RunInstances,18.9856,53.401217,55.802565,Usage,us-east-1,,,prod
3f74e3f9-9d3a-0f89-6c85-4ea7fbdbfb00,2026-03-18T00:00:00Z/2026-03-19T00:00:00Z,2026-03-18T00:00:00Z,2026-03-19T00:00:00Z,AmazonEC2,BoxUsage:m5.large,RunInstances,17.313,59.087952,61.060375,Usage,us-east-1,,,prod
ac3df529-34cb-ae71-7048-fd871fdb5a4c,2026-03-18T00:00:00Z/2026-03-19T00:00:00Z,2026-03-18T00:00:00Z,2026-03-19T00:00:00Z,AmazonEC2,BoxUsage:m5.large,RunInstances,22.5077,57.215209,58.583463,Usage,us-east-1,,,prod
6de0c664-b468-de8d-441e-831a58210cd2,2026-03-18T00:00:00Z/2026-03-19T00:00:00Z,2026-03-18T00:00:00Z,2026-03-19T00:00:00Z,AmazonEC2,BoxUsage:m5.large,RunInstances,6.7933,61.714166,62.510403,Usage,us-east-1,,,prod
df16dd0b-f9b8-855f-d851-4d33e197af54,2026-03-18T00:00:00Z/2026-03-19T00:00:00Z,2026-03-18T00:00:00Z,2026-03-19T00:00:00Z,AmazonEC2,Other,RunInstances,11.2858,66.402462,64.475461,Usage,us-east-1,,,prod
f07e0e26-fb20-3c2a-da28-2658c8ad9d11,2026-03-18T00:00:00Z/2026-03-19T00:00:00Z,2026-03-18T00:00:00Z,2026-03-19T00:00:00Z,AmazonEC2,Other,RunInstances,3.5149,66.987118,65.927534,Usage,us-east-1,,,prod
0902c603-2ab9-f548-7eda-70138caedbb9,2026-03-18T00:00:00Z/2026-03-19T00:00:00Z,2026-03-18T00:00:00Z,2026-03-19T00:00:00Z,AmazonEC2,Other,RunInstances,13.7621,65.931716,63.652892,Usage,us-east-1,,,prod
77ed25fa-19c4-8e15-45dc-b24a035c8770,2026-03-18T00:00:00Z/2026-03-19T00:00:00Z,2026-03-18T00:00:00Z,2026-03-19T00:00:00Z,AmazonEC2,Other,RunInstances,19.1737,54.16633,54.581126,Usage,us-east-1,,,prod
9bbe15a1-3b91-92bf-c9b3-133f536f0a43,2026-03-18T00:00:00Z/2026-03-19T00:00:00Z,2026-03-18T00:00:00Z,2026-03-19T00:00:00Z,AmazonEC2,Other,RunInstances,23.746,65.987046,66.639298,Usage,us-east-1,,,prod
