identity/LineItemId,identity/TimeInterval,lineItem/UsageStartDate,lineItem/UsageEndDate,lineItem/ProductCode,lineItem/UsageType,lineItem/Operation,lineItem/UsageAmount,lineItem/UnblendedCost,lineItem/BlendedCost,lineItem/LineItemType,product/region,resourceTags/user:Service,resourceTags/user:Team,resourceTags/user:Env
25de30d9-ddd2-2c70-9525-53f9810612a0,2026-02-17T00:00:00Z/2026-02-18T00:00:00Z,2026-02-17T00:00:00Z,2026-02-18T00:00:00Z,AmazonEC2,BoxUsage:c5.xlarge,RunInstances,23.3286,2.127476,2.172201,Usage,us-east-1,,,prod
72d8ef8c-4088-c80e-999c-9b513ec3d139,2026-02-17T00:00:00Z/2026-02-18T00:00:00Z,2026-02-17T00:00:00Z,2026-02-18T00:00:00Z,AmazonEC2,BoxUsage:c5.xlarge,RunInstances,11.8157,2.154969,2.111893,Usage,us-east-1,,,prod
08f430d1-282b-5ee9-f8f0-7df28caa021a,2026-02-17T00:00:00Z/2026-02-18T00:00:00Z,2026-02-17T00:00:00Z,2026-02-18T00:00:00Z,AmazonEC2,BoxUsage:c5.xlarge,RunInstances,23.3067,2.254386,2.284696,Usage,us-east-1,,,prod
2674d4e7-c82a-260a-eb7b-55af9b951f4f,2026-02-17T00:00:00Z/2026-02-18T00:00:00Z,2026-02-17T00:00:00Z,2026-02-18T00:00:00Z,AmazonEC2,BoxUsage:c5.xlarge,RunInstances,3.2773,2.38536,2.435463,Usage,us-east-1,,,prod
ad3185d1-b5a1-2cda-ba50-b8e3576c2ef5,2026-02-17T00:00:00Z/2026-02-18T00:00:00Z,2026-02-17T00:00:00Z,2026-02-18T00:00:00Z,AmazonEC2,BoxUsage:c5.xlarge,RunInstances,14.9894,2.538731,2.61181,Usage,us-east-1,,,prod
14d2861f-5189-d403-7d23-5e0fbdf84a94,2026-02-17T00:00:00Z/2026-02-18T00:00:00Z,2026-02-17T00:00:00Z,2026-02-18T00:00:00Z,AmazonEC2,BoxUsage:r5.xlarge,RunInstances,13.565,2.268779,2.353773,Usage,us-east-1,,,prod
6ce443da-975d-c47e-8b58-d35ce1105659,2026-02-17T00:00:00Z/2026-02-18T00:00:00Z,2026-02-17T00:00:00Z,2026-02-18T00:00:00Z,AmazonEC2,BoxUsage:r5.xlarge,RunInstances,19.3277,2.065972,2.107333,Usage,us-east-1,,,prod
cc9c3765-2051-1ddf-9612-4e84e455b783,2026-02-17T00:00:00Z/2026-02-18T00:00:00Z,2026-02-17T00:00:00Z,2026-02-18T00:00:00Z,AmazonEC2,BoxUsage:r5.xlarge,RunInstances,2.3517,2.562425,2.529356,Usage,us-east-1,,,prod
3f66d017-66b3-86af-3077-400509459430,2026-02-17T00:00:00Z/2026-02-18T00:00:00Z,2026-02-17T00:00:00Z,2026-02-18T00:00:00Z,AmazonEC2,BoxUsage:r5.xlarge,RunInstances,3.2654,2.065257,1.966704,Usage,us-east-1,,,prod
26cd3818-cd37-a61c-0884-ed7024ebbead,2026-02-17T00:00:00Z/2026-02-18T00:00:00Z,2026-02-17T00:00:00Z,2026-02-18T00:00:00Z,AmazonEC2,BoxUsage:r5.xlarge,RunInstances,15.3512,2.561181,2.520781,Usage,us-east-1,,,prod
7126f0c7-3294-83df-a75e-3f86e004626f,2026-02-17T00:00:00Z/2026-02-18T00:00:00Z,2026-02-17T00:00:00Z,2026-02-18T00:00:00Z,AmazonEC2,Other,RunInstances,3.1334,2.662108,2.746874,Usage,us-east-1,,,prod
eaabb50f-1b2e-d707-f47a-ec16a2ab6a42,2026-02-17T00:00:00Z/2026-02-18T00:00:00Z,2026-02-17T00:00:00Z,2026-02-18T00:00:00Z,AmazonEC2,Other,RunInstances,3.6843,2.646124,2.647013,Usage,us-east-1,,,prod
b6558136-e25e-ff6c-658d-713eda662db5,2026-02-17T00:00:00Z/2026-02-18T00:00:00Z,2026-02-17T00:00:00Z,2026-02-18T00:00:00Z,AmazonEC2,Other,RunInstances,19.9827,2.069329,1.966225,Usage,us-east-1,,,prod
9df3292b-2e6a-cc9d-d420-276e3c649a4a,2026-02-17T00:00:00Z/2026-02-18T00:00:00Z,2026-02-17T00:00:00Z,2026-02-18T00:00:00Z,AmazonEC2,Other,RunInstances,22.7115,2.304065,2.403587,Usage,us-east-1,,,prod
38ebfd68-afbb-f3ff-14d6-bbd7f6594b53,2026-02-17T00:00:00Z/2026-02-18T00:00:00Z,2026-02-17T00:00:00Z,2026-02-18T00:00:00Z,AmazonEC2,Other,RunInstances,4.9951,2.016575,2.069439,Usage,us-east-1,,,prod
d84d2b26-4f78-f63a-ff37-420e17cdd459,2026-02-17T00:00:00Z/2026-02-18T00:00:00Z,2026-02-17T00:00:00Z,2026-02-18T00:00:00Z,AmazonEC2,Other,RunInstances,20.0747,2.353693,2.422787,Usage,us-east-1,,,prod
6f5a9e85-dc2b-820f-208e-fa1ac1540dd0,2026-02-17T00:00:00Z/2026-02-18T00:00:00Z,2026-02-17T00:00:00Z,2026-02-18T00:00:00Z,AmazonEC2,Other,RunInstances,11.6754,2.287861,2.335786,Usage,us-east-1,,,prod
1f651268-5ff5-d400-54ab-2f12056af7b7,2026-02-17T00:00:00Z/2026-02-18T00:00:00Z,2026-02-17T00:00:00Z,2026-02-18T00:00:00Z,AmazonEC2,Other,RunInstances,16.4575,2.010323,2.102422,Usage,us-east-1,,,prod
087f6648-161d-b0c7-a57e-6de746d9e381,2026-02-17T00:00:00Z/2026-02-18T00:00:00Z,2026-02-17T00:00:00Z,2026-02-18T00:00:00Z,AmazonEC2,Other,RunInstances,11.9474,2.436118,2.372943,Usage,us-east-1,,,prod
e140c8a7-1641-b3c8-7472-4b1c223e0a28,2026-02-17T00:00:00Z/2026-02-18T00:00:00Z,2026-02-17T00:00:00Z,2026-02-18T00:00:00Z,AmazonEC2,Other,RunInstances,16.9226,2.520438,2.52947,Usage,us-east-1,,,prod
63d911a6-1651-9efc-b4cf-3166908b2fcc,2026-02-17T00:00:00Z/2026-02-18T00:00:00Z,2026-02-17T00:00:00Z,2026-02-18T00:00:00Z,AmazonEC2,BoxUsage:m5.large,RunInstances,4.0232,23.40124,22.931869,Usage,us-east-1,,,prod
a2d842da-5903-5248-9be7-a0d7de3c4ce7,2026-02-17T00:00:00Z/2026-02-18T00:00:00Z,2026-02-17T00:00:00Z,2026-02-18T00:00:00Z,AmazonEC2,BoxUsage:m5.large,RunInstances,17.0501,22.899356,23.331396,Usage,us-east-1,,,prod
d996c4ef-71a8-b5e2-d691-651c025b0d09,2026-02-17T00:00:00Z/2026-02-18T00:00:00Z,2026-02-17T00:00:00Z,2026-02-18T00:00:00Z,AmazonEC2,BoxUsage:m5.large,RunInstances,8.1606,19.371458,18.429407,Usage,us-east-1,,,prod
5b7e2ff1-57e1-1d81-85e3-1350fa8209f2,2026-02-17T00:00:00Z/2026-02-18T00:00:00Z,2026-02-17T00:00:00Z,2026-02-18T00:00:00Z,AmazonEC2,BoxUsage:m5.large,RunInstances,2.3133,20.611597,19.85364,Usage,us-east-1,,,prod
480fef88-8ffa-1a41-da1a-a030d7f8bce3,2026-02-17T00:00:00Z/2026-02-18T00:00:00Z,2026-02-17T00:00:00Z,2026-02-18T00:00:00Z,AmazonEC2,BoxUsage:m5.large,RunInstances,19.1981,21.98328,21.845658,Usage,us-east-1,,,prod
f29a4c17-2a88-171a-5aa3-ca8a00ad0a76,2026-02-17T00:00:00Z/2026-02-18T00:00:00Z,2026-02-17T00:00:00Z,2026-02-18T00:00:00Z,AmazonEC2,Other,RunInstances,21.1584,17.91134,17.839916,Usage,us-east-1,,,prod
37002847-9cc8-c27d-1e11-37b03a8daa03,2026-02-17T00:00:00Z/2026-02-18T00:00:00Z,2026-02-17T00:00:00Z,2026-02-18T00:00:00Z,AmazonEC2,Other,RunInstances,20.5189,19.154357,19.099591,Usage,us-east-1,,,prod
7177ecb2-864c-4cd7-b724-c896c23c872c,2026-02-17T00:00:00Z/2026-02-18T00:00:00Z,2026-02-17T00:00:00Z,2026-02-18T00:00:00Z,AmazonEC2,Other,RunInstances,3.571,19.736984,19.68546,Usage,us-east-1,,,prod
bd198da2-b415-57fe-4c93-937522d57078,2026-02-17T00:00:00Z/2026-02-18T00:00:00Z,2026-02-17T00:00:00Z,2026-02-18T00:00:00Z,AmazonEC2,Other,RunInstances,22.9188,21.572,22.527948,Usage,us-east-1,,,prod
3d44991d-5ee8-46e2-cde9-23c73097e683,2026-02-17T00:00:00Z/2026-02-18T00:00:00Z,2026-02-17T00:00:00Z,2026-02-18T00:00:00Z,AmazonEC2,Other,RunInstances,11.9332,21.365089,21.070457,Usage,us-east-1,,,prod
3c5a4372-dcb3-e55b-7607-0ed7395748d4,2026-02-18T00:00:00Z/2026-02-19T00:00:00Z,2026-02-18T00:00:00Z,2026-02-19T00:00:00Z,AmazonEC2,BoxUsage:c5.xlarge,RunInstances,5.894,2.506144,2.404907,Usage,us-east-1,,,prod
b155ee4a-c9a9-8282-18a2-00558b05a9bf,2026-02-18T00:00:00Z/2026-02-19T00:00:00Z,2026-02-18T00:00:00Z,2026-02-19T00:00:00Z,AmazonEC2,BoxUsage:c5.xlarge,RunInstances,10.105,2.343398,2.369751,Usage,us-east-1,,,prod
32bbaf1b-4558-1fd3-7e41-220ab26553d4,2026-02-18T00:00:00Z/2026-02-19T00:00:00Z,2026-02-18T00:00:00Z,2026-02-19T00:00:00Z,AmazonEC2,BoxUsage:c5.xlarge,RunInstances,13.9026,2.178118,2.263598,Usage,us-east-1,,,prod
050f5410-c7e1-fe2a-356b-e672d8fb65f7,2026-02-18T00:00:00Z/2026-02-19T00:00:00Z,2026-02-18T00:00:00Z,2026-02-19T00:00:00Z,AmazonEC2,BoxUsage:c5.xlarge,RunInstances,15.8558,2.381253,2.329973,Usage,us-east-1,,,prod
a2b2c586-0e02-c2f9-63e3-96ce4a037c36,2026-02-18T00:00:00Z/2026-02-19T00:00:00Z,2026-02-18T00:00:00Z,2026-02-19T00:00:00Z,AmazonEC2,BoxUsage:c5.xlarge,RunInstances,12.8227,2.212001,2.314289,Usage,us-east-1,,,prod
e76dcd03-d9e7-0e5a-d50d-657ecbb82f89,2026-02-18T00:00:00Z/2026-02-19T00:00:00Z,2026-02-18T00:00:00Z,2026-02-19T00:00:00Z,AmazonEC2,BoxUsage:r5.xlarge,RunInstances,18.9848,2.594154,2.639509,Usage,us-east-1,,,prod
1db86d63-d797-4d9a-63fa-d6927a40126a,2026-02-18T00:00:00Z/2026-02-19T00:00:00Z,2026-02-18T00:00:00Z,2026-02-19T00:00:00Z,AmazonEC2,BoxUsage:r5.xlarge,RunInstances,22.536,2.442425,2.479053,Usage,us-east-1,,,prod
5696b5f4-5023-bdc8-a909-dc4a9430ede7,2026-02-18T00:00:00Z/2026-02-19T00:00:00Z,2026-02-18T00:00:00Z,2026-02-19T00:00:00Z,AmazonEC2,BoxUsage:r5.xlarge,RunInstances,3.4878,2.68461,2.595107,Usage,us-east-1,,,prod
2c4f8488-7a9c-edda-4c6f-4c783f758286,2026-02-18T00:00:00Z/2026-02-19T00:00:00Z,2026-02-18T00:00:00Z,2026-02-19T00:00:00Z,AmazonEC2,BoxUsage:r5.xlarge,RunInstances,18.2184,2.27739,2.17383,Usage,us-east-1,,,prod
d0e94435-2d3b-1d27-5ea7-4e577396fd84,2026-02-18T00:00:00Z/2026-02-19T00:00:00Z,2026-02-18T00:00:00Z,2026-02-19T00:00:00Z,AmazonEC2,BoxUsage:r5.xlarge,RunInstances,23.5332,2.324969,2.419028,Usage,us-east-1,,,prod
689424f1-4995-3850-f52d-90ec53dbb557,2026-02-18T00:00:00Z/2026-02-19T00:00:00Z,2026-02-18T00:00:00Z,2026-02-19T00:00:00Z,AmazonEC2,Other,RunInstances,17.0465,2.596966,2.490699,Usage,us-east-1,,,prod
000cf6c8-c959-eb80-8a34-f23df6a4ebc7,2026-02-18T00:00:00Z/2026-02-19T00:00:00Z,2026-02-18T00:00:00Z,2026-02-19T00:00:00Z,AmazonEC2,Other,RunInstances,3.1863,2.360169,2.284044,Usage,us-east-1,,,prod
c01689d2-29c3-5c20-a929-ec265bf00647,2026-02-18T00:00:00Z/2026-02-19T00:00:00Z,2026-02-18T00:00:00Z,2026-02-19T00:00:00Z,AmazonEC2,Other,RunInstances,18.1692,2.09863,2.040624,Usage,us-east-1,,,prod
2bc55bdc-073d-4c32-5a0d-7a85d0f883e1,2026-02-18T00:00:00Z/2026-02-19T00:00:00Z,2026-02-18T00:00:00Z,2026-02-19T00:00:00Z,AmazonEC2,Other,RunInstances,15.8656,2.491443,2.410864,Usage,us-east-1,,,prod
60755fc9-e07f-4f30-b629-6cd76474cf40,2026-02-18T00:00:00Z/2026-02-19T00:00:00Z,2026-02-18T00:00:00Z,2026-02-19T00:00:00Z,AmazonEC2,Other,RunInstances,13.5146,2.579532,2.55463,Usage,us-east-1,,,prod
30f1faa7-2811-76ea-0bb4-e6e3202df8ea,2026-02-18T00:00:00Z/2026-02-19T00:00:00Z,2026-02-18T00:00:00Z,2026-02-19T00:00:00Z,AmazonEC2,Other,RunInstances,3.0137,2.510002,2.517419,Usage,us-east-1,,,prod
e72fe149-44bf-d2b1-4a20-8937d285eb9f,2026-02-18T00:00:00Z/2026-02-19T00:00:00Z,2026-02-18T00:00:00Z,2026-02-19T00:00:00Z,AmazonEC2,Other,RunInstances,23.9709,2.023503,1.981791,Usage,us-east-1,,,prod
de2767ac-4088-9ad0-61b7-5ac4346d18df,2026-02-18T00:00:00Z/2026-02-19T00:00:00Z,2026-02-18T00:00:00Z,2026-02-19T00:00:00Z,AmazonEC2,Other,RunInstances,16.8502,2.515726,2.558813,Usage,us-east-1,,,prod
362f5521-5394-26fa-a203-513085eebb8d,2026-02-18T00:00:00Z/2026-02-19T00:00:00Z,2026-02-18T00:00:00Z,2026-02-19T00:00:00Z,AmazonEC2,Other,RunInstances,13.1713,2.08295,2.132492,Usage,us-east-1,,,prod
68237362-977b-6c2e-29de-30db15d4023e,2026-02-18T00:00:00Z/2026-02-19T00:00:00Z,2026-02-18T00:00:00Z,2026-02-19T00:00:00Z,AmazonEC2,Other,RunInstances,20.4936,2.317955,2.290113,Usage,us-east-1,,,prod
7cf17863-f4b3-acf0-f141-c10e4766df45,2026-02-18T00:00:00Z/2026-02-19T00:00:00Z,2026-02-18T00:00:00Z,2026-02-19T00:00:00Z,AmazonEC2,BoxUsage:m5.large,RunInstances,6.7963,22.631035,22.478976,Usage,us-east-1,,,prod
07e07243-0e9f-2098-d989-9dc900055bc9,2026-02-18T00:00:00Z/2026-02-19T00:00:00Z,2026-02-18T00:00:00Z,2026-02-19T00:00:00Z,AmazonEC2,BoxUsage:m5.large,RunInstances,8.1553,22.001189,22.210952,Usage,us-east-1,,,prod
8b2c67ec-a4a1-4a5e-e1a8-990c81eae945,2026-02-18T00:00:00Z/2026-02-19T00:00:00Z,2026-02-18T00:00:00Z,2026-02-19T00:00:00Z,AmazonEC2,BoxUsage:m5.large,RunInstances,4.327,20.917181,20.31092,Usage,us-east-1,,,prod
cd09c95a-47bf-5324-c048-733c0a87064b,2026-02-18T00:00:00Z/2026-02-19T00:00:00Z,2026-02-18T00:00:00Z,2026-02-19T00:00:00Z,AmazonEC2,BoxUsage:m5.large,RunInstances,21.5087,18.079192,17.421814,Usage,us-east-1,,,prod
38ffc708-2fd3-20b8-e882-68832482926c,2026-02-18T00:00:00Z/2026-02-19T00:00:00Z,2026-02-18T00:00:00Z,2026-02-19T00:00:00Z,AmazonEC2,BoxUsage:m5.large,RunInstances,14.4887,23.535618,22.741828,Usage,us-east-1,,,prod
7bf5fba0-12bb-ef0a-d0b8-6a5e1d2cfc6e,2026-02-18T00:00:00Z/2026-02-19T00:00:00Z,2026-02-18T00:00:00Z,2026-02-19T00:00:00Z,AmazonEC2,Other,RunInstances,22.9679,18.942474,19.575729,Usage,us-east-1,,,prod
c517f3a4-3457-490b-4e84-a1dda7202553,2026-02-18T00:00:00Z/2026-02-19T00:00:00Z,2026-02-18T00:00:00Z,2026-02-19T00:00:00Z,AmazonEC2,Other,RunInstances,1.0848,23.788969,24.591755,Usage,us-east-1,,,prod
9e437193-30b2-184c-7a60-2f68f685a317,2026-02-18T00:00:00Z/2026-02-19T00:00:00Z,2026-02-18T00:00:00Z,2026-02-19T00:00:00Z,AmazonEC2,Other,RunInstances,19.2037,18.99981,19.88772,Usage,us-east-1,,,prod
b63379a7-20c3-2063-7c70-5e4acabd403c,2026-02-18T00:00:00Z/2026-02-19T00:00:00Z,2026-02-18T00:00:00Z,2026-02-19T00:00:00Z,AmazonEC2,Other,RunInstances,21.619,17.91513,18.609208,Usage,us-east-1,,,prod
1d957b87-4307-cbf9-3ff8-d955dc30e579,2026-02-18T00:00:00Z/2026-02-19T00:00:00Z,2026-02-18T00:00:00Z,2026-02-19T00:00:00Z,AmazonEC2,Other,RunInstances,18.1212,20.341941,19.860822,Usage,us-east-1,,,prod
ac383a7e-d638-bf17-eb65-a9abdedd3e58,2026-02-19T00:00:00Z/2026-02-20T00:00:00Z,2026-02-19T00:00:00Z,2026-02-20T00:00:00Z,AmazonEC2,BoxUsage:c5.xlarge,RunInstances,20.4748,2.348487,2.354381,Usage,us-east-1,,,prod
5a105ef7-2f3e-6b95-e5fb-51d94ea466b2,2026-02-19T00:00:00Z/2026-02-20T00:00:00Z,2026-02-19T00:00:00Z,2026-02-20T00:00:00Z,AmazonEC2,BoxUsage:c5.xlarge,RunInstances,16.9798,2.316107,2.40585,Usage,us-east-1,,,prod
36a4fc13-7101-c607-8d96-c601f6f02f12,2026-02-19T00:00:00Z/2026-02-20T00:00:00Z,2026-02-19T00:00:00Z,2026-02-20T00:00:00Z,AmazonEC2,BoxUsage:c5.xlarge,RunInstances,14.919,2.003523,2.056674,Usage,us-east-1,,,prod
685107c0-e2cb-40b0-3916-fc4a08a5428e,2026-02-19T00:00:00Z/2026-02-20T00:00:00Z,2026-02-19T00:00:00Z,2026-02-20T00:00:00Z,AmazonEC2,BoxUsage:c5.xlarge,RunInstances,8.7034,2.54899,2.584531,Usage,us-east-1,,,prod
9b241da2-0083-1e65-24ce-56b98043af88,2026-02-19T00:00:00Z/2026-02-20T00:00:00Z,2026-02-19T00:00:00Z,2026-02-20T00:00:00Z,AmazonEC2,BoxUsage:c5.xlarge,RunInstances,14.799,2.660049,2.697011,Usage,us-east-1,,,prod
07b55b48-7c3e-0979-b18f-aa84c74d3998,2026-02-19T00:00:00Z/2026-02-20T00:00:00Z,2026-02-19T00:00:00Z,2026-02-20T00:00:00Z,AmazonEC2,BoxUsage:r5.xlarge,RunInstances,20.5923,2.109921,2.130752,Usage,us-east-1,,,prod
1840e420-d04f-9e5c-113f-9a57e39b4256,2026-02-19T00:00:00Z/2026-02-20T00:00:00Z,2026-02-19T00:00:00Z,2026-02-20T00:00:00Z,AmazonEC2,BoxUsage:r5.xlarge,RunInstances,18.8318,2.208029,2.263992,Usage,us-east-1,,,prod
c708c325-6dd1-9a06-bbec-cefa06b5b148,2026-02-19T00:00:00Z/2026-02-20T00:00:00Z,2026-02-19T00:00:00Z,2026-02-20T00:00:00Z,AmazonEC2,BoxUsage:r5.xlarge,RunInstances,6.7775,2.540579,2.462384,Usage,us-east-1,,,prod
7d43353d-2fee-ce4b-8059-d1f2d619dca3,2026-02-19T00:00:00Z/2026-02-20T00:00:00Z,2026-02-19T00:00:00Z,2026-02-20T00:00:00Z,AmazonEC2,BoxUsage:r5.xlarge,RunInstances,19.3304,2.200663,2.150594,Usage,us-east-1,,,prod
5727b59d-3639-666c-90f3-a12303e68b33,2026-02-19T00:00:00Z/2026-02-20T00:00:00Z,2026-02-19T00:00:00Z,2026-02-20T00:00:00Z,AmazonEC2,BoxUsage:r5.xlarge,RunInstances,1.7355,2.046097,2.078817,Usage,us-east-1,,,prod
d0a579b6-3014-baf3-3784-2c713a4b2f52,2026-02-19T00:00:00Z/2026-02-20T00:00:00Z,2026-02-19T00:00:00Z,2026-02-20T00:00:00Z,AmazonEC2,Other,RunInstances,16.3853,2.160584,2.142903,Usage,us-east-1,,,prod
f662991a-b9f3-96c5-8261-e0f0c322d561,2026-02-19T00:00:00Z/2026-02-20T00:00:00Z,2026-02-19T00:00:00Z,2026-02-20T00:00:00Z,AmazonEC2,Other,RunInstances,16.7175,2.540377,2.522212,Usage,us-east-1,,,prod
3421c1fb-9d62-51b7-d3c2-4c15abf2ca09,2026-02-19T00:00:00Z/2026-02-20T00:00:00Z,2026-02-19T00:00:00Z,2026-02-20T00:00:00Z,AmazonEC2,Other,RunInstances,13.556,2.650614,2.760275,Usage,us-east-1,,,prod
3f18d2be-0ddf-1ed0-1fc8-a65fd0eb6bcb,2026-02-19T00:00:00Z/2026-02-20T00:00:00Z,2026-02-19T00:00:00Z,2026-02-20T00:00:00Z,AmazonEC2,Other,RunInstances,20.8017,2.675151,2.594447,Usage,us-east-1,,,prod
0fc2fa72-65b9-8148-f723-2d1f1c00e3ea,2026-02-19T00:00:00Z/2026-02-20T00:00:00Z,2026-02-19T00:00:00Z,2026-02-20T00:00:00Z,AmazonEC2,Other,RunInstances,14.1302,2.326855,2.30125,Usage,us-east-1,,,prod
a2b640c8-cf15-fadc-9bf0-c7f59c3fb33a,2026-02-19T00:00:00Z/2026-02-20T00:00:00Z,2026-02-19T00:00:00Z,2026-02-20T00:00:00Z,AmazonEC2,Other,RunInstances,2.6565,2.634138,2.685209,Usage,us-east-1,,,prod
0724bcee-f523-68e8-46f2-085ea9acd1c5,2026-02-19T00:00:00Z/2026-02-20T00:00:00Z,2026-02-19T00:00:00Z,2026-02-20T00:00:00Z,AmazonEC2,Other,RunInstances,2.58,2.68607,2.6465,Usage,us-east-1,,,prod
05070510-54ea-e600-6fe1-0459b393d40a,2026-02-19T00:00:00Z/2026-02-20T00:00:00Z,2026-02-19T00:00:00Z,2026-02-20T00:00:00Z,AmazonEC2,Other,RunInstances,20.7854,2.392542,2.453965,Usage,us-east-1,,,prod
a4368cff-211b-0e7c-0a5a-b5779fdf597d,2026-02-19T00:00:00Z/2026-02-20T00:00:00Z,2026-02-19T00:00:00Z,2026-02-20T00:00:00Z,AmazonEC2,Other,RunInstances,12.4285,2.470771,2.349329,Usage,us-east-1,,,prod
81ca5982-4070-881b-5d8a-fad86efa66c9,2026-02-19T00:00:00Z/2026-02-20T00:00:00Z,2026-02-19T00:00:00Z,2026-02-20T00:00:00Z,AmazonEC2,Other,RunInstances,14.6776,2.219243,2.224569,Usage,us-east-1,,,prod
a7b981fe-8a8f-4822-2b14-55e251247f02,2026-02-19T00:00:00Z/2026-02-20T00:00:00Z,2026-02-19T00:00:00Z,2026-02-20T00:00:00Z,AmazonEC2,BoxUsage:m5.large,RunInstances,13.372,20.946648,20.300542,Usage,us-east-1,,,prod
72f98642-20ff-2b1f-36f5-490bedd4820a,2026-02-19T00:00:00Z/2026-02-20T00:00:00Z,2026-02-19T00:00:00Z,2026-02-20T00:00:00Z,AmazonEC2,BoxUsage:m5.large,RunInstances,17.1498,19.073454,18.821828,Usage,us-east-1,,,prod
19c99fb3-3152-3378-8c0a-f41312838110,2026-02-19T00:00:00Z/2026-02-20T00:00:00Z,2026-02-19T00:00:00Z,2026-02-20T00:00:00Z,AmazonEC2,BoxUsage:m5.large,RunInstances,1.8536,20.613028,20.689726,Usage,us-east-1,,,prod
e4cdc761-0d91-1fc2-5f96-bfce8b023309,2026-02-19T00:00:00Z/2026-02-20T00:00:00Z,2026-02-19T00:00:00Z,2026-02-20T00:00:00Z,AmazonEC2,BoxUsage:m5.large,RunInstances,7.8763,19.810628,20.382562,Usage,us-east-1,,,prod
37e2e5a1-83d8-b566-c719-5bbba6f73372,2026-02-19T00:00:00Z/2026-02-20T00:00:00Z,2026-02-19T00:00:00Z,2026-02-20T00:00:00Z,AmazonEC2,BoxUsage:m5.large,RunInstances,22.3212,18.200709,17.915026,Usage,us-east-1,,,prod
b099d6d4-8ef8-4ba5-2113-fe016fd1bb35,2026-02-19T00:00:00Z/2026-02-20T00:00:00Z,2026-02-19T00:00:00Z,2026-02-20T00:00:00Z,AmazonEC2,Other,RunInstances,2.5174,23.18169,23.769477,Usage,us-east-1,,,prod
832eab55-aa04-f9f0-723e-00947d054036,2026-02-19T00:00:00Z/2026-02-20T00:00:00Z,2026-02-19T00:00:00Z,2026-02-20T00:00:00Z,AmazonEC2,Other,RunInstances,2.7669,18.243272,17.811026,Usage,us-east-1,,,prod
807137cd-e64e-650b-5b02-36c1ffbb8d1a,2026-02-19T00:00:00Z/2026-02-20T00:00:00Z,2026-02-19T00:00:00Z,2026-02-20T00:00:00Z,AmazonEC2,Other,RunInstances,12.6751,19.74578,19.238859,Usage,us-east-1,,,prod
e8d1d839-a0ad-519e-2476-52859f15943f,2026-02-19T00:00:00Z/2026-02-20T00:00:00Z,2026-02-19T00:00:00Z,2026-02-20T00:00:00Z,AmazonEC2,Other,RunInstances,18.3513,20.092983,21.000999,Usage,us-east-1,,,prod
ebd4b3a0-9ed1-d528-f3ac-5dd4adde1ab1,2026-02-19T00:00:00Z/2026-02-20T00:00:00Z,2026-02-19T00:00:00Z,2026-02-20T00:00:00Z,AmazonEC2,Other,RunInstances,4.2544,18.582154,19.362211,Usage,us-east-1,,,prod
0111468a-d58a-05ab-1661-79e918df6f35,2026-02-20T00:00:00Z/2026-02-21T00:00:00Z,2026-02-20T00:00:00Z,2026-02-21T00:00:00Z,AmazonEC2,BoxUsage:c5.xlarge,RunInstances,18.4385,2.42455,2.38307,Usage,us-east-1,,,prod
2b8be8f7-e3ed-b751-70d6-498d0a54e6ca,2026-02-20T00:00:00Z/2026-02-21T00:00:00Z,2026-02-20T00:00:00Z,2026-02-21T00:00:00Z,AmazonEC2,BoxUsage:c5.xlarge,RunInstances,8.7068,2.255907,2.255948,Usage,us-east-1,,,prod
48782f19-1e2d-b546-670f-756af6fa21a5,2026-02-20T00:00:00Z/2026-02-21T00:00:00Z,2026-02-20T00:00:00Z,2026-02-21T00:00:00Z,AmazonEC2,BoxUsage:c5.xlarge,RunInstances,20.0948,2.639282,2.695585,Usage,us-east-1,,,prod
6d25352b-c2a3-c702-19ee-a0f63b7d19e6,2026-02-20T00:00:00Z/2026-02-21T00:00:00Z,2026-02-20T00:00:00Z,2026-02-21T00:00:00Z,AmazonEC2,BoxUsage:c5.xlarge,RunInstances,9.4005,2.633773,2.690764,Usage,us-east-1,,,prod
da565191-4676-68a0-877c-52761cac88da,2026-02-20T00:00:00Z/2026-02-21T00:00:00Z,2026-02-20T00:00:00Z,2026-02-21T00:00:00Z,AmazonEC2,BoxUsage:c5.xlarge,RunInstances,2.5862,2.443489,2.361115,Usage,us-east-1,,,prod
a53146bc-e146-7a50-82b6-f9f91c34d11b,2026-02-20T00:00:00Z/2026-02-21T00:00:00Z,2026-02-20T00:00:00Z,2026-02-21T00:00:00Z,AmazonEC2,BoxUsage:r5.xlarge,RunInstances,4.4661,2.239734,2.25724,Usage,us-east-1,,,prod
54a10105-d9d8-e0e2-27cc-16e2b7cf9ba6,2026-02-20T00:00:00Z/2026-02-21T00:00:00Z,2026-02-20T00:00:00Z,2026-02-21T00:00:00Z,AmazonEC2,BoxUsage:r5.xlarge,RunInstances,19.6468,2.069053,2.076077,Usage,us-east-1,,,prod
f727e40d-2eb8-0b1d-a91f-32c6d5c1a832,2026-02-20T00:00:00Z/2026-02-21T00:00:00Z,2026-02-20T00:00:00Z,2026-02-21T00:00:00Z,AmazonEC2,BoxUsage:r5.xlarge,RunInstances,10.3599,2.059195,2.126225,Usage,us-east-1,,,prod
b5914029-4b23-2bb4-8f50-a60fbbf2080c,2026-02-20T00:00:00Z/2026-02-21T00:00:00Z,2026-02-20T00:00:00Z,2026-02-21T00:00:00Z,AmazonEC2,BoxUsage:r5.xlarge,RunInstances,17.3286,2.315719,2.249951,Usage,us-east-1,,,prod
05b72634-578a-6cb9-5a48-6547a1fb95d7,2026-02-20T00:00:00Z/2026-02-21T00:00:00Z,2026-02-20T00:00:00Z,2026-02-21T00:00:00Z,AmazonEC2,BoxUsage:r5.xlarge,RunInstances,2.3127,2.180774,2.137215,Usage,us-east-1,,,prod
eb0bd5f1-03e9-c25b-835b-8bd1dfb679b3,2026-02-20T00:00:00Z/2026-02-21T00:00:00Z,2026-02-20T00:00:00Z,2026-02-21T00:00:00Z,AmazonEC2,Other,RunInstances,4.6151,2.673399,2.79458,Usage,us-east-1,,,prod
e4370578-fa85-5ff2-001b-c3c47f546e77,2026-02-20T00:00:00Z/2026-02-21T00:00:00Z,2026-02-20T00:00:00Z,2026-02-21T00:00:00Z,AmazonEC2,Other,RunInstances,20.4669,2.170912,2.221022,Usage,us-east-1,,,prod
79341c61-3d52-3f10-9520-3696303f0327,2026-02-20T00:00:00Z/2026-02-21T00:00:00Z,2026-02-20T00:00:00Z,2026-02-21T00:00:00Z,AmazonEC2,Other,RunInstances,17.9795,2.523417,2.641997,Usage,us-east-1,,,prod
8732bc7b-ab8d-58eb-c831-2070e758d4e1,2026-02-20T00:00:00Z/2026-02-21T00:00:00Z,2026-02-20T00:00:00Z,2026-02-21T00:00:00Z,AmazonEC2,Other,RunInstances,19.2023,2.336397,2.275562,Usage,us-east-1,,,prod
fe12291a-0b59-98dd-5cb0-a638b397d857,2026-02-20T00:00:00Z/2026-02-21T00:00:00Z,2026-02-20T00:00:00Z,2026-02-21T00:00:00Z,AmazonEC2,Other,RunInstances,18.5004,2.160574,2.126,Usage,us-east-1,,,prod
8ed02aaa-3f57-4135-70fa-dc2e4f2df914,2026-02-20T00:00:00Z/2026-02-21T00:00:00Z,2026-02-20T00:00:00Z,2026-02-21T00:00:00Z,AmazonEC2,Other,RunInstances,8.516,2.278723,2.389328,Usage,us-east-1,,,prod
aa6e0519-dd45-ab47-bf1f-f4b846f9cf91,2026-02-20T00:00:00Z/2026-02-21T00:00:00Z,2026-02-20T00:00:00Z,2026-02-21T00:00:00Z,AmazonEC2,Other,RunInstances,11.8676,2.489211,2.444592,Usage,us-east-1,,,prod
fc2c66f6-f867-68dc-91ed-c4945dea6d69,2026-02-20T00:00:00Z/2026-02-21T00:00:00Z,2026-02-20T00:00:00Z,2026-02-21T00:00:00Z,AmazonEC2,Other,RunInstances,13.8553,2.376772,2.471666,Usage,us-east-1,,,prod
64a2bfe2-1bb5-735a-8a6a-bc8a10b94008,2026-02-20T00:00:00Z/2026-02-21T00:00:00Z,2026-02-20T00:00:00Z,2026-02-21T00:00:00Z,AmazonEC2,Other,RunInstances,21.9984,2.382924,2.390653,Usage,us-east-1,,,prod
90b1ef95-12cc-2506-747b-0d628d18d79e,2026-02-20T00:00:00Z/2026-02-21T00:00:00Z,2026-02-20T00:00:00Z,2026-02-21T00:00:00Z,AmazonEC2,Other,RunInstances,1.5979,2.686517,2.583799,Usage,us-east-1,,,prod
c980ad56-123e-ba4d-cbe8-ff0d5f1fefb1,2026-02-20T00:00:00Z/2026-02-21T00:00:00Z,2026-02-20T00:00:00Z,2026-02-21T00:00:00Z,AmazonEC2,BoxUsage:m5.large,RunInstances,9.4284,21.771752,22.750337,Usage,us-east-1,,,prod
7dada1fb-c852-64a1-4a8b-4e7cc2701e63,2026-02-20T00:00:00Z/2026-02-21T00:00:00Z,2026-02-20T00:00:00Z,2026-02-21T00:00:00Z,AmazonEC2,BoxUsage:m5.large,RunInstances,21.5837,22.56425,22.730666,Usage,us-east-1,,,prod
2e6628b1-a624-fd17-fa90-d11d076dbb5a,2026-02-20T00:00:00Z/2026-02-21T00:00:00Z,2026-02-20T00:00:00Z,2026-02-21T00:00:00Z,AmazonEC2,BoxUsage:m5.large,RunInstances,17.5833,22.9967,23.542613,Usage,us-east-1,,,prod
a4c0d41e-5d9b-b5ef-5a3e-3625a3015aca,2026-02-20T00:00:00Z/2026-02-21T00:00:00Z,2026-02-20T00:00:00Z,2026-02-21T00:00:00Z,AmazonEC2,BoxUsage:m5.large,RunInstances,13.0043,19.171886,19.264149,Usage,us-east-1,,,prod
e1d03387-182a-0821-bdb4-642545e74166,2026-02-20T00:00:00Z/2026-02-21T00:00:00Z,2026-02-20T00:00:00Z,2026-02-21T00:00:00Z,AmazonEC2,BoxUsage:m5.large,RunInstances,7.0337,22.35003,22.619705,Usage,us-east-1,,,prod
303e620c-3f7a-604c-9dea-13f8faf1c4cc,2026-02-20T00:00:00Z/2026-02-21T00:00:00Z,2026-02-20T00:00:00Z,2026-02-21T00:00:00Z,AmazonEC2,Other,RunInstances,2.8938,22.25129,22.949298,Usage,us-east-1,,,prod
d95352c3-bfac-2c3e-1aec-8d2d1ce2baaf,2026-02-20T00:00:00Z/2026-02-21T00:00:00Z,2026-02-20T00:00:00Z,2026-02-21T00:00:00Z,AmazonEC2,Other,RunInstances,4.2365,17.845878,18.19179,Usage,us-east-1,,,prod
89d02518-3013-89e9-3532-434563d6a219,2026-02-20T00:00:00Z/2026-02-21T00:00:00Z,2026-02-20T00:00:00Z,2026-02-21T00:00:00Z,AmazonEC2,Other,RunInstances,3.9675,23.456912,23.645565,Usage,us-east-1,,,prod
f7774cfc-3254-c2e7-8f05-21b397a36470,2026-02-20T00:00:00Z/2026-02-21T00:00:00Z,2026-02-20T00:00:00Z,2026-02-21T00:00:00Z,AmazonEC2,Other,RunInstances,7.069,21.594141,20.554921,Usage,us-east-1,,,prod
fb85a81e-96d6-14c8-eede-22bf2ac61e92,2026-02-20T00:00:00Z/2026-02-21T00:00:00Z,2026-02-20T00:00:00Z,2026-02-21T00:00:00Z,AmazonEC2,Other,RunInstances,17.3141,23.669586,23.090668,Usage,us-east-1,,,prod
f622b987-5f9d-8f01-7fba-b53e26810e7a,2026-02-21T00:00:00Z/2026-02-22T00:00:00Z,2026-02-21T00:00:00Z,2026-02-22T00:00:00Z,AmazonEC2,BoxUsage:c5.xlarge,RunInstances,8.121,2.40447,2.407476,Usage,us-east-1,,,prod
bea4503c-a0d3-08bf-7bbc-ab2cc3dcd476,2026-02-21T00:00:00Z/2026-02-22T00:00:00Z,2026-02-21T00:00:00Z,2026-02-22T00:00:00Z,AmazonEC2,BoxUsage:c5.xlarge,RunInstances,2.1473,2.445264,2.358318,Usage,us-east-1,,,prod
1e35f2fa-ffc0-0adb-e125-87f937d0713e,2026-02-21T00:00:00Z/2026-02-22T00:00:00Z,2026-02-21T00:00:00Z,2026-02-22T00:00:00Z,AmazonEC2,BoxUsage:c5.xlarge,RunInstances,14.5928,2.062779,2.041165,Usage,us-east-1,,,prod
1b839f43-7ef9-a7cf-7c78-7a073e920e79,2026-02-21T00:00:00Z/2026-02-22T00:00:00Z,2026-02-21T00:00:00Z,2026-02-22T00:00:00Z,AmazonEC2,BoxUsage:c5.xlarge,RunInstances,22.2087,2.583203,2.486957,Usage,us-east-1,,,prod
35ab5e77-89ac-9a94-5869-2b81492e5b21,2026-02-21T00:00:00Z/2026-02-22T00:00:00Z,2026-02-21T00:00:00Z,2026-02-22T00:00:00Z,AmazonEC2,BoxUsage:c5.xlarge,RunInstances,17.2558,2.633651,2.523867,Usage,us-east-1,,,prod
73fcccbd-8d97-576c-f5aa-9b994a4ccb04,2026-02-21T00:00:00Z/2026-02-22T00:00:00Z,2026-02-21T00:00:00Z,2026-02-22T00:00:00Z,AmazonEC2,BoxUsage:r5.xlarge,RunInstances,4.2474,2.07799,1.979273,Usage,us-east-1,,,prod
ec4edf57-10c4-bec2-44d2-f5b160af6742,2026-02-21T00:00:00Z/2026-02-22T00:00:00Z,2026-02-21T00:00:00Z,2026-02-22T00:00:00Z,AmazonEC2,BoxUsage:r5.xlarge,RunInstances,4.9715,2.298891,2.283645,Usage,us-east-1,,,prod
67fa4601-9d1c-748e-047c-91f5a314f752,2026-02-21T00:00:00Z/2026-02-22T00:00:00Z,2026-02-21T00:00:00Z,2026-02-22T00:00:00Z,AmazonEC2,BoxUsage:r5.xlarge,RunInstances,6.7003,2.004814,2.083485,Usage,us-east-1,,,prod
8ca38ad8-9041-964c-df9c-2ff858c00be7,2026-02-21T00:00:00Z/2026-02-22T00:00:00Z,2026-02-21T00:00:00Z,2026-02-22T00:00:00Z,AmazonEC2,BoxUsage:r5.xlarge,RunInstances,11.4222,2.249072,2.139411,Usage,us-east-1,,,prod
fa806a66-e53e-a8d4-8b79-306d5f73d72a,2026-02-21T00:00:00Z/2026-02-22T00:00:00Z,2026-02-21T00:00:00Z,2026-02-22T00:00:00Z,AmazonEC2,BoxUsage:r5.xlarge,RunInstances,20.2769,2.123771,2.199557,Usage,us-east-1,,,prod
dbd2024f-9a2c-a285-58de-163ac7f3189d,2026-02-21T00:00:00Z/2026-02-22T00:00:00Z,2026-02-21T00:00:00Z,2026-02-22T00:00:00Z,AmazonEC2,Other,RunInstances,1.3071,2.412502,2.446606,Usage,us-east-1,,,prod
9781dbc3-f61b-6750-0058-e7da0d263de3,2026-02-21T00:00:00Z/2026-02-22T00:00:00Z,2026-02-21T00:00:00Z,2026-02-22T00:00:00Z,AmazonEC2,Other,RunInstances,1.3378,2.16163,2.214887,Usage,us-east-1,,,prod
fd761411-e20d-ecad-716b-1094520a4435,2026-02-21T00:00:00Z/2026-02-22T00:00:00Z,2026-02-21T00:00:00Z,2026-02-22T00:00:00Z,AmazonEC2,Other,RunInstances,12.9775,2.020752,2.014009,Usage,us-east-1,,,prod
cd586e45-4735-511b-74b4-4460353dc73f,2026-02-21T00:00:00Z/2026-02-22T00:00:00Z,2026-02-21T00:00:00Z,2026-02-22T00:00:00Z,AmazonEC2,Other,RunInstances,13.8849,2.242725,2.26641,Usage,us-east-1,,,prod
123d7d0d-6745-d4e7-6d86-fd3288faa46c,2026-02-21T00:00:00Z/2026-02-22T00:00:00Z,2026-02-21T00:00:00Z,2026-02-22T00:00:00Z,AmazonEC2,Other,RunInstances,11.5081,2.295013,2.216135,Usage,us-east-1,,,prod
9d7e6bc9-8ba0-6025-392b-9422089b7f01,2026-02-21T00:00:00Z/2026-02-22T00:00:00Z,2026-02-21T00:00:00Z,2026-02-22T00:00:00Z,AmazonEC2,Other,RunInstances,13.2975,2.231432,2.137687,Usage,us-east-1,,,prod
33e65750-dcb1-30ef-33bf-221a7ebf408f,2026-02-21T00:00:00Z/2026-02-22T00:00:00Z,2026-02-21T00:00:00Z,2026-02-22T00:00:00Z,AmazonEC2,Other,RunInstances,12.527,2.416334,2.359421,Usage,us-east-1,,,prod
301ff299-50b9-6cc5-f6ef-2e4a9f0dde2d,2026-02-21T00:00:00Z/2026-02-22T00:00:00Z,2026-02-21T00:00:00Z,2026-02-22T00:00:00Z,AmazonEC2,Other,RunInstances,11.0951,1.989684,1.914537,Usage,us-east-1,,,prod
4c200894-68be-2b82-09c6-90f317adfb0b,2026-02-21T00:00:00Z/2026-02-22T00:00:00Z,2026-02-21T00:00:00Z,2026-02-22T00:00:00Z,AmazonEC2,Other,RunInstances,14.3736,2.427601,2.523452,Usage,us-east-1,,,prod
0d733317-06a5-537c-9f5d-586980a8eb19,2026-02-21T00:00:00Z/2026-02-22T00:00:00Z,2026-02-21T00:00:00Z,2026-02-22T00:00:00Z,AmazonEC2,Other,RunInstances,22.041,2.166995,2.093656,Usage,us-east-1,,,prod
0b030f6d-34a1-1de1-96da-e5440d44c51d,2026-02-21T00:00:00Z/2026-02-22T00:00:00Z,2026-02-21T00:00:00Z,2026-02-22T00:00:00Z,AmazonEC2,BoxUsage:m5.large,RunInstances,20.9367,23.694101,23.751282,Usage,us-east-1,,,prod
45b2cabd-9a99-ec28-669e-5ea1ed0e421a,2026-02-21T00:00:00Z/2026-02-22T00:00:00Z,2026-02-21T00:00:00Z,2026-02-22T00:00:00Z,AmazonEC2,BoxUsage:m5.large,RunInstances,11.5115,21.802493,21.791504,Usage,us-east-1,,,prod
f0813d22-f889-601f-9347-d23dac3833eb,2026-02-21T00:00:00Z/2026-02-22T00:00:00Z,2026-02-21T00:00:00Z,2026-02-22T00:00:00Z,AmazonEC2,BoxUsage:m5.large,RunInstances,11.1287,18.575694,18.271622,Usage,us-east-1,,,prod
6da295ab-9ad1-9400-7e9e-e2e157c01a13,2026-02-21T00:00:00Z/2026-02-22T00:00:00Z,2026-02-21T00:00:00Z,2026-02-22T00:00:00Z,AmazonEC2,BoxUsage:m5.large,RunInstances,5.7772,18.363914,19.064342,Usage,us-east-1,,,prod
484b400e-d552-58de-9ec2-b655913f11dc,2026-02-21T00:00:00Z/2026-02-22T00:00:00Z,2026-02-21T00:00:00Z,2026-02-22T00:00:00Z,AmazonEC2,BoxUsage:m5.large,RunInstances,13.8759,21.822821,21.535106,Usage,us-east-1,,,prod
0cc23bc2-5e61-28f4-d7f4-a4ec8abd1c82,2026-02-21T00:00:00Z/2026-02-22T00:00:00Z,2026-02-21T00:00:00Z,2026-02-22T00:00:00Z,AmazonEC2,Other,RunInstances,3.2863,20.682891,20.24623,Usage,us-east-1,,,prod
62118fe8-e37f-984e-a817-a3ef11c7328d,2026-02-21T00:00:00Z/2026-02-22T00:00:00Z,2026-02-21T00:00:00Z,2026-02-22T00:00:00Z,AmazonEC2,Other,RunInstances,19.5258,19.778003,19.489391,Usage,us-east-1,,,prod
2f3647ad-090d-4dd0-bfe5-51c286146ac1,2026-02-21T00:00:00Z/2026-02-22T00:00:00Z,2026-02-21T00:00:00Z,2026-02-22T00:00:00Z,AmazonEC2,Other,RunInstances,13.8144,22.876875,22.010483,Usage,us-east-1,,,prod
0c88fc0d-89d2-3ef8-12b6-f0cc9b8c4b90,2026-02-21T00:00:00Z/2026-02-22T00:00:00Z,2026-02-21T00:00:00Z,2026-02-22T00:00:00Z,AmazonEC2,Other,RunInstances,7.3974,20.350869,21.006355,Usage,us-east-1,,,prod
e1fd7692-32b8-c389-b439-45ebfe227c9b,2026-02-21T00:00:00Z/2026-02-22T00:00:00Z,2026-02-21T00:00:00Z,2026-02-22T00:00:00Z,AmazonEC2,Other,RunInstances,1.9684,19.68687,20.351792,Usage,us-east-1,,,prod
fe983667-71bf-ee32-8eba-b3d8e8fd0947,2026-02-22T00:00:00Z/2026-02-23T00:00:00Z,2026-02-22T00:00:00Z,2026-02-23T00:00:00Z,AmazonEC2,BoxUsage:c5.xlarge,RunInstances,13.2928,2.359049,2.281161,Usage,us-east-1,,,prod
2e9737ab-250e-b04b-06ae-8678fdf4b482,2026-02-22T00:00:00Z/2026-02-23T00:00:00Z,2026-02-22T00:00:00Z,2026-02-23T00:00:00Z,AmazonEC2,BoxUsage:c5.xlarge,RunInstances,10.7276,2.315938,2.391735,Usage,us-east-1,,,prod
305dc01a-a46b-f1eb-af9b-69c533b2457f,2026-02-22T00:00:00Z/2026-02-23T00:00:00Z,2026-02-22T00:00:00Z,2026-02-23T00:00:00Z,AmazonEC2,BoxUsage:c5.xlarge,RunInstances,5.7408,2.385519,2.460717,Usage,us-east-1,,,prod
14a17c4a-7000-504a-4b81-4acd34ff4b0e,2026-02-22T00:00:00Z/2026-02-23T00:00:00Z,2026-02-22T00:00:00Z,2026-02-23T00:00:00Z,AmazonEC2,BoxUsage:c5.xlarge,RunInstances,23.541,2.089812,2.165802,Usage,us-east-1,,,prod
6ae1e28c-0c1d-fefc-062c-673c22b5383b,2026-02-22T00:00:00Z/2026-02-23T00:00:00Z,2026-02-22T00:00:00Z,2026-02-23T00:00:00Z,AmazonEC2,BoxUsage:c5.xlarge,RunInstances,19.1387,2.453796,2.49521,Usage,us-east-1,,,prod
1cdafdc9-db16-9084-133f-20963218702c,2026-02-22T00:00:00Z/2026-02-23T00:00:00Z,2026-02-22T00:00:00Z,2026-02-23T00:00:00Z,AmazonEC2,BoxUsage:r5.xlarge,RunInstances,20.4388,2.481388,2.391444,Usage,us-east-1,,,prod
63b881dc-d30b-6e16-4dd0-2d9434b5602e,2026-02-22T00:00:00Z/2026-02-23T00:00:00Z,2026-02-22T00:00:00Z,2026-02-23T00:00:00Z,AmazonEC2,BoxUsage:r5.xlarge,RunInstances,19.9359,2.395649,2.441525,Usage,us-east-1,,,prod
973165a3-ab16-a933-af10-f28537760677,2026-02-22T00:00:00Z/2026-02-23T00:00:00Z,2026-02-22T00:00:00Z,2026-02-23T00:00:00Z,AmazonEC2,BoxUsage:r5.xlarge,RunInstances,7.9898,2.097396,2.132001,Usage,us-east-1,,,prod
8389dca9-4cf8-b6a9-9c93-1127f059c75c,2026-02-22T00:00:00Z/2026-02-23T00:00:00Z,2026-02-22T00:00:00Z,2026-02-23T00:00:00Z,AmazonEC2,BoxUsage:r5.xlarge,RunInstances,8.084,2.396534,2.395926,Usage,us-east-1,,,prod
18ab334d-10a9-9706-206c-53f958f932ec,2026-02-22T00:00:00Z/2026-02-23T00:00:00Z,2026-02-22T00:00:00Z,2026-02-23T00:00:00Z,AmazonEC2,BoxUsage:r5.xlarge,RunInstances,9.3177,2.625453,2.675738,Usage,us-east-1,,,prod
5bb9f1c0-d085-a269-cd66-2c45fe6acabc,2026-02-22T00:00:00Z/2026-02-23T00:00:00Z,2026-02-22T00:00:00Z,2026-02-23T00:00:00Z,AmazonEC2,Other,RunInstances,1.4704,2.480737,2.423267,Usage,us-east-1,,,prod
8332b026-4e46-ceba-0e4e-0675bc6341b2,2026-02-22T00:00:00Z/2026-02-23T00:00:00Z,2026-02-22T00:00:00Z,2026-02-23T00:00:00Z,AmazonEC2,Other,RunInstances,18.1404,2.455032,2.456019,Usage,us-east-1,,,prod
0c130b57-9b7a-36a9-777f-0d32d359b773,2026-02-22T00:00:00Z/2026-02-23T00:00:00Z,2026-02-22T00:00:00Z,2026-02-23T00:00:00Z,AmazonEC2,Other,RunInstances,21.7753,2.103828,2.124096,Usage,us-east-1,,,prod
10204d86-5e27-d3ea-566f-b8a553490e7c,2026-02-22T00:00:00Z/2026-02-23T00:00:00Z,2026-02-22T00:00:00Z,2026-02-23T00:00:00Z,AmazonEC2,Other,RunInstances,13.6288,2.585657,2.534847,Usage,us-east-1,,,prod
2f0edda8-9c05-7182-2bc9-cbfdcb890e4e,2026-02-22T00:00:00Z/2026-02-23T00:00:00Z,2026-02-22T00:00:00Z,2026-02-23T00:00:00Z,AmazonEC2,Other,RunInstances,11.309,2.672283,2.583031,Usage,us-east-1,,,prod
0677a035-7bac-0872-e8dd-4eeec7b2b834,2026-02-22T00:00:00Z/2026-02-23T00:00:00Z,2026-02-22T00:00:00Z,2026-02-23T00:00:00Z,AmazonEC2,Other,RunInstances,18.2193,2.297334,2.387424,Usage,us-east-1,,,prod
d32cdaff-d611-8222-0c5c-9d17aebe1492,2026-02-22T00:00:00Z/2026-02-23T00:00:00Z,2026-02-22T00:00:00Z,2026-02-23T00:00:00Z,AmazonEC2,Other,RunInstances,20.1606,2.203194,2.193242,Usage,us-east-1,,,prod
a637a9e1-3d7a-cfe2-c040-ebab24cdead7,2026-02-22T00:00:00Z/2026-02-23T00:00:00Z,2026-02-22T00:00:00Z,2026-02-23T00:00:00Z,AmazonEC2,Other,RunInstances,21.5483,2.579587,2.580611,Usage,us-east-1,,,prod
5a56fe50-d813-274c-f16d-cffab9fcc38e,2026-02-22T00:00:00Z/2026-02-23T00:00:00Z,2026-02-22T00:00:00Z,2026-02-23T00:00:00Z,AmazonEC2,Other,RunInstances,11.3582,2.240156,2.14968,Usage,us-east-1,,,prod
0c5527fc-a55b-91a0-6609-811c39e4bcd0,2026-02-22T00:00:00Z/2026-02-23T00:00:00Z,2026-02-22T00:00:00Z,2026-02-23T00:00:00Z,AmazonEC2,Other,RunInstances,7.0928,2.152906,2.203963,Usage,us-east-1,,,prod
2da2215f-cb5a-88d3-84a5-e8d815ad112a,2026-02-22T00:00:00Z/2026-02-23T00:00:00Z,2026-02-22T00:00:00Z,2026-02-23T00:00:00Z,AmazonEC2,BoxUsage:m5.large,RunInstances,22.0805,18.848697,19.286465,Usage,us-east-1,,,prod
0f2f9dd5-c072-b919-fea9-e9e9aa28a263,2026-02-22T00:00:00Z/2026-02-23T00:00:00Z,2026-02-22T00:00:00Z,2026-02-23T00:00:00Z,AmazonEC2,BoxUsage:m5.large,RunInstances,14.5547,22.044103,22.126131,Usage,us-east-1,,,prod
15469665-77f1-c54c-de65-4c09755a94f4,2026-02-22T00:00:00Z/2026-02-23T00:00:00Z,2026-02-22T00:00:00Z,2026-02-23T00:00:00Z,AmazonEC2,BoxUsage:m5.large,RunInstances,21.3622,17.822126,17.213874,Usage,us-east-1,,,prod
edf85a62-9e15-5b8e-81be-ea7714489a51,2026-02-22T00:00:00Z/2026-02-23T00:00:00Z,2026-02-22T00:00:00Z,2026-02-23T00:00:00Z,AmazonEC2,BoxUsage:m5.large,RunInstances,5.0129,23.218763,22.275047,Usage,us-east-1,,,prod
c20f35ec-2e64-8bc8-e09b-8bd68e3d2193,2026-02-22T00:00:00Z/2026-02-23T00:00:00Z,2026-02-22T00:00:00Z,2026-02-23T00:00:00Z,AmazonEC2,BoxUsage:m5.large,RunInstances,19.9199,21.274441,21.191291,Usage,us-east-1,,,prod
71733da8-81a2-eef1-3eee-1e6ccbcdc8e1,2026-02-22T00:00:00Z/2026-02-23T00:00:00Z,2026-02-22T00:00:00Z,2026-02-23T00:00:00Z,AmazonEC2,Other,RunInstances,7.7218,21.356217,21.627019,Usage,us-east-1,,,prod
ed5b67ea-03ca-dbe5-7f29-1ec0c29a48a3,2026-02-22T00:00:00Z/2026-02-23T00:00:00Z,2026-02-22T00:00:00Z,2026-02-23T00:00:00Z,AmazonEC2,Other,RunInstances,16.9803,19.286571,19.92433,Usage,us-east-1,,,prod
e17cc1bc-12a3-fc4f-9329-ffe1555e2831,2026-02-22T00:00:00Z/2026-02-23T00:00:00Z,2026-02-22T00:00:00Z,2026-02-23T00:00:00Z,AmazonEC2,Other,RunInstances,21.8957,21.790797,22.570407,Usage,us-east-1,,,prod
811a7d8f-1919-939a-431e-0a26111908dc,2026-02-22T00:00:00Z/2026-02-23T00:00:00Z,2026-02-22T00:00:00Z,2026-02-23T00:00:00Z,AmazonEC2,Other,RunInstances,21.0144,18.050952,17.353659,Usage,us-east-1,,,prod
45618c38-f4ec-cbd6-6447-2a076333fb50,2026-02-22T00:00:00Z/2026-02-23T00:00:00Z,2026-02-22T00:00:00Z,2026-02-23T00:00:00Z,AmazonEC2,Other,RunInstances,5.2116,17.899981,17.478049,Usage,us-east-1,,,prod
d9eb0462-9723-2fb5-a011-5e56c981fbb1,2026-02-23T00:00:00Z/2026-02-24T00:00:00Z,2026-02-23T00:00:00Z,2026-02-24T00:00:00Z,AmazonEC2,BoxUsage:c5.xlarge,RunInstances,23.102,2.638957,2.69374,Usage,us-east-1,,,prod
15d57a33-71ca-7034-8893-0a38127da9cc,2026-02-23T00:00:00Z/2026-02-24T00:00:00Z,2026-02-23T00:00:00Z,2026-02-24T00:00:00Z,AmazonEC2,BoxUsage:c5.xlarge,RunInstances,8.4533,2.417249,2.405038,Usage,us-east-1,,,prod
96c70148-f0e0-5b11-fead-428aa735789d,2026-02-23T00:00:00Z/2026-02-24T00:00:00Z,2026-02-23T00:00:00Z,2026-02-24T00:00:00Z,AmazonEC2,BoxUsage:c5.xlarge,RunInstances,18.2098,2.09044,2.136588,Usage,us-east-1,,,prod
7b98583f-603f-1445-e111-b9154a2b72c0,2026-02-23T00:00:00Z/2026-02-24T00:00:00Z,2026-02-23T00:00:00Z,2026-02-24T00:00:00Z,AmazonEC2,BoxUsage:c5.xlarge,RunInstances,14.1956,2.480237,2.563697,Usage,us-east-1,,,prod
abbee101-06ec-e6a6-5ba8-cc8dac87baaa,2026-02-23T00:00:00Z/2026-02-24T00:00:00Z,2026-02-23T00:00:00Z,2026-02-24T00:00:00Z,AmazonEC2,BoxUsage:c5.xlarge,RunInstances,23.4574,2.16101,2.05733,Usage,us-east-1,,,prod
5ee18512-7632-4cdd-3d13-07738a531002,2026-02-23T00:00:00Z/2026-02-24T00:00:00Z,2026-02-23T00:00:00Z,2026-02-24T00:00:00Z,AmazonEC2,BoxUsage:r5.xlarge,RunInstances,21.2724,2.431406,2.321997,Usage,us-east-1,,,prod
09b149c4-dd4a-ac0c-634a-f5b94e48abf7,2026-02-23T00:00:00Z/2026-02-24T00:00:00Z,2026-02-23T00:00:00Z,2026-02-24T00:00:00Z,AmazonEC2,BoxUsage:r5.xlarge,RunInstances,7.19,2.3382,2.23697,Usage,us-east-1,,,prod
0a792d4f-44ff-9036-36c2-01639e91155c,2026-02-23T00:00:00Z/2026-02-24T00:00:00Z,2026-02-23T00:00:00Z,2026-02-24T00:00:00Z,AmazonEC2,BoxUsage:r5.xlarge,RunInstances,9.7389,2.202236,2.281992,Usage,us-east-1,,,prod
95fbd214-77e1-22fe-3c2d-899a3bd60d0b,2026-02-23T00:00:00Z/2026-02-24T00:00:00Z,2026-02-23T00:00:00Z,2026-02-24T00:00:00Z,AmazonEC2,BoxUsage:r5.xlarge,RunInstances,1.966,2.611963,2.487875,Usage,us-east-1,,,prod
b342b82f-8181-bfd3-61c1-570e9903e118,2026-02-23T00:00:00Z/2026-02-24T00:00:00Z,2026-02-23T00:00:00Z,2026-02-24T00:00:00Z,AmazonEC2,BoxUsage:r5.xlarge,RunInstances,15.3479,2.539685,2.413231,Usage,us-east-1,,,prod
7bc58628-de7d-c7d4-5da4-6d3707b5bb5e,2026-02-23T00:00:00Z/2026-02-24T00:00:00Z,2026-02-23T00:00:00Z,2026-02-24T00:00:00Z,AmazonEC2,Other,RunInstances,12.4224,2.318173,2.318791,Usage,us-east-1,,,prod
6add601c-c0e8-56bf-0a62-e4de81115bb2,2026-02-23T00:00:00Z/2026-02-24T00:00:00Z,2026-02-23T00:00:00Z,2026-02-24T00:00:00Z,AmazonEC2,Other,RunInstances,13.171,2.45587,2.421094,Usage,us-east-1,,,prod
cdcbb9af-4325-c8c3-7010-f4795ca48cf3,2026-02-23T00:00:00Z/2026-02-24T00:00:00Z,2026-02-23T00:00:00Z,2026-02-24T00:00:00Z,AmazonEC2,Other,RunInstances,4.3116,2.283895,2.387448,Usage,us-east-1,,,prod
bf15c7a8-ead6-6e47-6750-8f906f86a436,2026-02-23T00:00:00Z/2026-02-24T00:00:00Z,2026-02-23T00:00:00Z,2026-02-24T00:00:00Z,AmazonEC2,Other,RunInstances,9.3882,2.27066,2.229363,Usage,us-east-1,,,prod
945fae3d-7ae1-55cd-f4f1-195381810af1,2026-02-23T00:00:00Z/2026-02-24T00:00:00Z,2026-02-23T00:00:00Z,2026-02-24T00:00:00Z,AmazonEC2,Other,RunInstances,6.0054,2.359757,2.259725,Usage,us-east-1,,,prod
6021b499-794b-36ea-cd84-0075719cbe31,2026-02-23T00:00:00Z/2026-02-24T00:00:00Z,2026-02-23T00:00:00Z,2026-02-24T00:00:00Z,AmazonEC2,Other,RunInstances,5.6375,2.467807,2.365137,Usage,us-east-1,,,prod
b4d53225-1404-6e3e-b77c-6acb1e54f506,2026-02-23T00:00:00Z/2026-02-24T00:00:00Z,2026-02-23T00:00:00Z,2026-02-24T00:00:00Z,AmazonEC2,Other,RunInstances,8.8996,2.310868,2.410424,Usage,us-east-1,,,prod
b3531580-d253-3f58-542c-4252b1ea4d94,2026-02-23T00:00:00Z/2026-02-24T00:00:00Z,2026-02-23T00:00:00Z,2026-02-24T00:00:00Z,AmazonEC2,Other,RunInstances,16.1767,2.078629,2.010645,Usage,us-east-1,,,prod
3dc7ef64-92b2-8886-15e3-df246628148a,2026-02-23T00:00:00Z/2026-02-24T00:00:00Z,2026-02-23T00:00:00Z,2026-02-24T00:00:00Z,AmazonEC2,Other,RunInstances,7.8734,2.006734,2.042,Usage,us-east-1,,,prod
4defeb37-f421-e7d7-feac-dd714fd841c1,2026-02-23T00:00:00Z/2026-02-24T00:00:00Z,2026-02-23T00:00:00Z,2026-02-24T00:00:00Z,AmazonEC2,Other,RunInstances,19.8823,2.641231,2.634238,Usage,us-east-1,,,prod
aa7f2342-5216-f5bf-0a08-9224711381e2,2026-02-23T00:00:00Z/2026-02-24T00:00:00Z,2026-02-23T00:00:00Z,2026-02-24T00:00:00Z,AmazonEC2,BoxUsage:m5.large,RunInstances,13.9642,18.453647,18.933424,Usage,us-east-1,,,prod
45e9b6e7-3779-c345-2f1b-f970649d9abf,2026-02-23T00:00:00Z/2026-02-24T00:00:00Z,2026-02-23T00:00:00Z,2026-02-24T00:00:00Z,AmazonEC2,BoxUsage:m5.large,RunInstances,17.0722,19.786732,18.982073,Usage,us-east-1,,,prod
76953cd1-a781-bf95-ca9d-9c6b9b5ab8a2,2026-02-23T00:00:00Z/2026-02-24T00:00:00Z,2026-02-23T00:00:00Z,2026-02-24T00:00:00Z,AmazonEC2,BoxUsage:m5.large,RunInstances,17.7038,19.597866,20.553904,Usage,us-east-1,,,prod
13baccad-c2a3-86ed-b729-2ee77d3bbbdb,2026-02-23T00:00:00Z/2026-02-24T00:00:00Z,2026-02-23T00:00:00Z,2026-02-24T00:00:00Z,AmazonEC2,BoxUsage:m5.large,RunInstances,12.9932,21.143855,21.603506,Usage,us-east-1,,,prod
8a9a884c-317e-25dd-c60b-a460339c4999,2026-02-23T00:00:00Z/2026-02-24T00:00:00Z,2026-02-23T00:00:00Z,2026-02-24T00:00:00Z,AmazonEC2,BoxUsage:m5.large,RunInstances,23.7382,22.326628,21.801081,Usage,us-east-1,,,prod
b67293ee-3aee-7ba9-53cf-d00eb903825a,2026-02-23T00:00:00Z/2026-02-24T00:00:00Z,2026-02-23T00:00:00Z,2026-02-24T00:00:00Z,AmazonEC2,Other,RunInstances,23.7494,23.7845,24.800009,Usage,us-east-1,,,prod
06264ea8-3dd9-a773-f939-3dd2b4fa9b83,2026-02-23T00:00:00Z/2026-02-24T00:00:00Z,2026-02-23T00:00:00Z,2026-02-24T00:00:00Z,AmazonEC2,Other,RunInstances,10.3327,21.301516,21.893631,Usage,us-east-1,,,prod
2e137cbb-f327-380d-5d72-4bc8a3eeb3eb,2026-02-23T00:00:00Z/2026-02-24T00:00:00Z,2026-02-23T00:00:00Z,2026-02-24T00:00:00Z,AmazonEC2,Other,RunInstances,12.0808,19.964146,20.697453,Usage,us-east-1,,,prod
c4a26751-7e5f-3fdd-5a7f-8c54d5b02185,2026-02-23T00:00:00Z/2026-02-24T00:00:00Z,2026-02-23T00:00:00Z,2026-02-24T00:00:00Z,AmazonEC2,Other,RunInstances,15.3554,19.746021,18.947474,Usage,us-east-1,,,prod
9e743273-e3bd-02fa-2767-b531b90c1170,2026-02-23T00:00:00Z/2026-02-24T00:00:00Z,2026-02-23T00:00:00Z,2026-02-24T00:00:00Z,AmazonEC2,Other,RunInstances,22.9741,19.953505,20.232375,Usage,us-east-1,,,prod
cb41bcd9-92de-694c-9d9a-bc5952317b6f,2026-02-24T00:00:00Z/2026-02-25T00:00:00Z,2026-02-24T00:00:00Z,2026-02-25T00:00:00Z,AmazonEC2,BoxUsage:c5.xlarge,RunInstances,19.4497,2.205873,2.151788,Usage,us-east-1,,,prod
7f35f0e8-6a55-ebd3-7f9c-07ee91ec15c3,2026-02-24T00:00:00Z/2026-02-25T00:00:00Z,2026-02-24T00:00:00Z,2026-02-25T00:00:00Z,AmazonEC2,BoxUsage:c5.xlarge,RunInstances,5.825,2.578515,2.636061,Usage,us-east-1,,,prod
1ca54092-9ecc-0493-293c-d4f73913a266,2026-02-24T00:00:00Z/2026-02-25T00:00:00Z,2026-02-24T00:00:00Z,2026-02-25T00:00:00Z,AmazonEC2,BoxUsage:c5.xlarge,RunInstances,2.7139,2.644419,2.741494,Usage,us-east-1,,,prod
2a90e5cc-078c-658f-5f7b-ffa60aabafce,2026-02-24T00:00:00Z/2026-02-25T00:00:00Z,2026-02-24T00:00:00Z,2026-02-25T00:00:00Z,AmazonEC2,BoxUsage:c5.xlarge,RunInstances,11.5154,2.327585,2.304555,Usage,us-east-1,,,prod
627cb32b-e840-f802-8cd8-880c4fba49b8,2026-02-24T00:00:00Z/2026-02-25T00:00:00Z,2026-02-24T00:00:00Z,2026-02-25T00:00:00Z,AmazonEC2,BoxUsage:c5.xlarge,RunInstances,14.8782,2.26462,2.231047,Usage,us-east-1,,,prod
d4019da2-5543-00a5-07f7-ac0c375e6341,2026-02-24T00:00:00Z/2026-02-25T00:00:00Z,2026-02-24T00:00:00Z,2026-02-25T00:00:00Z,AmazonEC2,BoxUsage:r5.xlarge,RunInstances,5.6529,2.155378,2.066539,Usage,us-east-1,,,prod
03b56011-956b-f10e-ec36-c71461f6a94e,2026-02-24T00:00:00Z/2026-02-25T00:00:00Z,2026-02-24T00:00:00Z,2026-02-25T00:00:00Z,AmazonEC2,BoxUsage:r5.xlarge,RunInstances,17.0066,2.550538,2.5993,Usage,us-east-1,,,prod
6b520715-5b90-e345-1648-3bc6e1b14738,2026-02-24T00:00:00Z/2026-02-25T00:00:00Z,2026-02-24T00:00:00Z,2026-02-25T00:00:00Z,AmazonEC2,BoxUsage:r5.xlarge,RunInstances,18.1614,2.548525,2.459353,Usage,us-east-1,,,prod
33b03935-6b68-475d-6ff4-dbadcfadae78,2026-02-24T00:00:00Z/2026-02-25T00:00:00Z,2026-02-24T00:00:00Z,2026-02-25T00:00:00Z,AmazonEC2,BoxUsage:r5.xlarge,RunInstances,4.7894,2.434991,2.553115,Usage,us-east-1,,,prod
d5123ba3-f600-3f8e-f21a-0f04279d37cd,2026-02-24T00:00:00Z/2026-02-25T00:00:00Z,2026-02-24T00:00:00Z,2026-02-25T00:00:00Z,AmazonEC2,BoxUsage:r5.xlarge,RunInstances,8.3256,2.180657,2.18316,Usage,us-east-1,,,prod
940f802f-d15a-96cd-4d43-3648570fa643,2026-02-24T00:00:00Z/2026-02-25T00:00:00Z,2026-02-24T00:00:00Z,2026-02-25T00:00:00Z,AmazonEC2,Other,RunInstances,10.6809,2.297152,2.359595,Usage,us-east-1,,,prod
0df236e5-03da-b281-d4a9-f2459cee30de,2026-02-24T00:00:00Z/2026-02-25T00:00:00Z,2026-02-24T00:00:00Z,2026-02-25T00:00:00Z,AmazonEC2,Other,RunInstances,17.1989,2.065558,2.131079,Usage,us-east-1,,,prod
d521f3b0-0738-9b61-0269-b038f487a529,2026-02-24T00:00:00Z/2026-02-25T00:00:00Z,2026-02-24T00:00:00Z,2026-02-25T00:00:00Z,AmazonEC2,Other,RunInstances,4.556,2.208122,2.190613,Usage,us-east-1,,,prod
c5bd32f2-c759-a14d-0858-94cf902f3757,2026-02-24T00:00:00Z/2026-02-25T00:00:00Z,2026-02-24T00:00:00Z,2026-02-25T00:00:00Z,AmazonEC2,Other,RunInstances,13.6964,2.246373,2.318748,Usage,us-east-1,,,prod
d997fc44-53f0-a3eb-efcd-f3c2b7fde4e4,2026-02-24T00:00:00Z/2026-02-25T00:00:00Z,2026-02-24T00:00:00Z,2026-02-25T00:00:00Z,AmazonEC2,Other,RunInstances,16.1731,2.437218,2.52781,Usage,us-east-1,,,prod
1e845ee9-e63b-ac76-7dd2-82322db996e2,2026-02-24T00:00:00Z/2026-02-25T00:00:00Z,2026-02-24T00:00:00Z,2026-02-25T00:00:00Z,AmazonEC2,Other,RunInstances,5.521,2.28736,2.38419,Usage,us-east-1,,,prod
fb01f4b9-f5d4-c3db-c3aa-1d138e35cb84,2026-02-24T00:00:00Z/2026-02-25T00:00:00Z,2026-02-24T00:00:00Z,2026-02-25T00:00:00Z,AmazonEC2,Other,RunInstances,20.0407,2.600864,2.694954,Usage,us-east-1,,,prod
65312fe2-628a-a7bd-f81e-9200e6cbe097,2026-02-24T00:00:00Z/2026-02-25T00:00:00Z,2026-02-24T00:00:00Z,2026-02-25T00:00:00Z,AmazonEC2,Other,RunInstances,14.5732,2.125633,2.164977,Usage,us-east-1,,,prod
d1e08fd8-5df5-2349-3e5f-30340739b530,2026-02-24T00:00:00Z/2026-02-25T00:00:00Z,2026-02-24T00:00:00Z,2026-02-25T00:00:00Z,AmazonEC2,Other,RunInstances,8.2487,2.333425,2.241112,Usage,us-east-1,,,prod
54e027db-92da-4366-222d-22af818da3e8,2026-02-24T00:00:00Z/2026-02-25T00:00:00Z,2026-02-24T00:00:00Z,2026-02-25T00:00:00Z,AmazonEC2,Other,RunInstances,20.2492,2.531843,2.584633,Usage,us-east-1,,,prod
cc047060-ad1e-fe7b-c01b-268482399cb1,2026-02-24T00:00:00Z/2026-02-25T00:00:00Z,2026-02-24T00:00:00Z,2026-02-25T00:00:00Z,AmazonEC2,BoxUsage:m5.large,RunInstances,20.7297,22.626558,23.739558,Usage,us-east-1,,,prod
6b23f716-6ef0-c2b0-5128-f9b40917f35a,2026-02-24T00:00:00Z/2026-02-25T00:00:00Z,2026-02-24T00:00:00Z,2026-02-25T00:00:00Z,AmazonEC2,BoxUsage:m5.large,RunInstances,22.0508,20.659636,19.965965,Usage,us-east-1,,,prod
921a1528-f887-b78f-29a7-f3a606d351c1,2026-02-24T00:00:00Z/2026-02-25T00:00:00Z,2026-02-24T00:00:00Z,2026-02-25T00:00:00Z,AmazonEC2,BoxUsage:m5.large,RunInstances,9.0501,21.549364,21.242454,Usage,us-east-1,,,prod
d37b0b77-d6ff-8dca-d8a2-907bcf4359e2,2026-02-24T00:00:00Z/2026-02-25T00:00:00Z,2026-02-24T00:00:00Z,2026-02-25T00:00:00Z,AmazonEC2,BoxUsage:m5.large,RunInstances,9.9239,19.464001,20.061888,Usage,us-east-1,,,prod
987b9aa4-a9f1-bc68-b54b-2caabfd754b3,2026-02-24T00:00:00Z/2026-02-25T00:00:00Z,2026-02-24T00:00:00Z,2026-02-25T00:00:00Z,AmazonEC2,BoxUsage:m5.large,RunInstances,3.6728,22.947802,23.614399,Usage,us-east-1,,,prod
2c5c0d04-48bd-959f-9fbf-f2eac4e6e83a,2026-02-24T00:00:00Z/2026-02-25T00:00:00Z,2026-02-24T00:00:00Z,2026-02-25T00:00:00Z,AmazonEC2,Other,RunInstances,13.4272,21.424661,22.325357,Usage,us-east-1,,,prod
9daec595-6994-6fe5-d7cf-1250d46ae2d8,2026-02-24T00:00:00Z/2026-02-25T00:00:00Z,2026-02-24T00:00:00Z,2026-02-25T00:00:00Z,AmazonEC2,Other,RunInstances,10.8425,22.983107,23.81616,Usage,us-east-1,,,prod
d418f5ec-501b-8b7d-6e45-09840997f0b7,2026-02-24T00:00:00Z/2026-02-25T00:00:00Z,2026-02-24T00:00:00Z,2026-02-25T00:00:00Z,AmazonEC2,Other,RunInstances,10.0879,21.759018,21.98303,Usage,us-east-1,,,prod
808420b2-f4fa-945f-6375-ee8394f0b56b,2026-02-24T00:00:00Z/2026-02-25T00:00:00Z,2026-02-24T00:00:00Z,2026-02-25T00:00:00Z,AmazonEC2,Other,RunInstances,22.9158,19.286905,18.906147,Usage,us-east-1,,,prod
4f1df47f-8bcc-d521-672e-62761973df77,2026-02-24T00:00:00Z/2026-02-25T00:00:00Z,2026-02-24T00:00:00Z,2026-02-25T00:00:00Z,AmazonEC2,Other,RunInstances,14.6408,18.474638,17.93011,Usage,us-east-1,,,prod
7f970bc2-cab9-819e-c016-ac4d263bb88d,2026-02-25T00:00:00Z/2026-02-26T00:00:00Z,2026-02-25T00:00:00Z,2026-02-26T00:00:00Z,AmazonEC2,BoxUsage:c5.xlarge,RunInstances,10.1816,2.221769,2.197807,Usage,us-east-1,,,prod
32a52ca6-6caf-32cf-26f6-a6097e184047,2026-02-25T00:00:00Z/2026-02-26T00:00:00Z,2026-02-25T00:00:00Z,2026-02-26T00:00:00Z,AmazonEC2,BoxUsage:c5.xlarge,RunInstances,22.8782,1.990776,2.0785,Usage,us-east-1,,,prod
5172fbf0-c4f9-be9f-ec8e-e26ef4449b38,2026-02-25T00:00:00Z/2026-02-26T00:00:00Z,2026-02-25T00:00:00Z,2026-02-26T00:00:00Z,AmazonEC2,BoxUsage:c5.xlarge,RunInstances,17.9537,2.203002,2.297197,Usage,us-east-1,,,prod
7aba6ff7-f622-2c2b-faf0-56b3d862ee09,2026-02-25T00:00:00Z/2026-02-26T00:00:00Z,2026-02-25T00:00:00Z,2026-02-26T00:00:00Z,AmazonEC2,BoxUsage:c5.xlarge,RunInstances,2.2592,2.456359,2.500487,Usage,us-east-1,,,prod
4f29f448-e68e-8104-5ab3-ebd4be7f9ce1,2026-02-25T00:00:00Z/2026-02-26T00:00:00Z,2026-02-25T00:00:00Z,2026-02-26T00:00:00Z,AmazonEC2,BoxUsage:c5.xlarge,RunInstances,9.1514,2.018955,2.02747,Usage,us-east-1,,,prod
01099192-b4d2-1488-e9bf-bb0e6b231a18,2026-02-25T00:00:00Z/2026-02-26T00:00:00Z,2026-02-25T00:00:00Z,2026-02-26T00:00:00Z,AmazonEC2,BoxUsage:r5.xlarge,RunInstances,11.8739,2.297527,2.381871,Usage,us-east-1,,,prod
2cd59e84-7df6-bd5e-eaa4-2bb2eb156d17,2026-02-25T00:00:00Z/2026-02-26T00:00:00Z,2026-02-25T00:00:00Z,2026-02-26T00:00:00Z,AmazonEC2,BoxUsage:r5.xlarge,RunInstances,16.6359,2.529142,2.430409,Usage,us-east-1,,,prod
4c9cb3e3-b4e7-3c24-8cc1-cfaa37f35494,2026-02-25T00:00:00Z/2026-02-26T00:00:00Z,2026-02-25T00:00:00Z,2026-02-26T00:00:00Z,AmazonEC2,BoxUsage:r5.xlarge,RunInstances,19.6966,2.143565,2.12197,Usage,us-east-1,,,prod
fc4ddfc3-c918-bce1-a6b9-b1b22558d759,2026-02-25T00:00:00Z/2026-02-26T00:00:00Z,2026-02-25T00:00:00Z,2026-02-26T00:00:00Z,AmazonEC2,BoxUsage:r5.xlarge,RunInstances,4.6224,2.098716,2.18918,Usage,us-east-1,,,prod
c8ec7301-7c8d-67c0-1409-9128fe1e234e,2026-02-25T00:00:00Z/2026-02-26T00:00:00Z,2026-02-25T00:00:00Z,2026-02-26T00:00:00Z,AmazonEC2,BoxUsage:r5.xlarge,RunInstances,10.7233,2.433276,2.311833,Usage,us-east-1,,,prod
8098f8f1-6b1c-77d3-49e0-94a512581f9f,2026-02-25T00:00:00Z/2026-02-26T00:00:00Z,2026-02-25T00:00:00Z,2026-02-26T00:00:00Z,AmazonEC2,Other,RunInstances,2.1277,2.384215,2.395185,Usage,us-east-1,,,prod
7bc391e8-2a73-1283-dcf4-dbd4efc25462,2026-02-25T00:00:00Z/2026-02-26T00:00:00Z,2026-02-25T00:00:00Z,2026-02-26T00:00:00Z,AmazonEC2,Other,RunInstances,11.9981,2.668701,2.694741,Usage,us-east-1,,,prod
148b60be-a115-bd42-e8d6-3035549f3dd9,2026-02-25T00:00:00Z/2026-02-26T00:00:00Z,2026-02-25T00:00:00Z,2026-02-26T00:00:00Z,AmazonEC2,Other,RunInstances,16.1896,2.57546,2.638753,Usage,us-east-1,,,prod
783ed69d-d67b-ffa9-ebbf-13d9b598b975,2026-02-25T00:00:00Z/2026-02-26T00:00:00Z,2026-02-25T00:00:00Z,2026-02-26T00:00:00Z,AmazonEC2,Other,RunInstances,18.3829,2.248843,2.227167,Usage,us-east-1,,,prod
2b8c3c30-2257-1ca2-f770-645553f6b111,2026-02-25T00:00:00Z/2026-02-26T00:00:00Z,2026-02-25T00:00:00Z,2026-02-26T00:00:00Z,AmazonEC2,Other,RunInstances,13.7304,2.066006,2.032403,Usage,us-east-1,,,prod
fb642a9b-1346-489c-7b89-0c907b7b2c23,2026-02-25T00:00:00Z/2026-02-26T00:00:00Z,2026-02-25T00:00:00Z,2026-02-26T00:00:00Z,AmazonEC2,Other,RunInstances,7.5986,2.497881,2.379535,Usage,us-east-1,,,prod
f26b939f-9256-b301-2789-624d084c5eb8,2026-02-25T00:00:00Z/2026-02-26T00:00:00Z,2026-02-25T00:00:00Z,2026-02-26T00:00:00Z,AmazonEC2,Other,RunInstances,11.7955,2.185568,2.257879,Usage,us-east-1,,,prod
6bad4f85-0c7f-b4bc-9e3f-915e7900be24,2026-02-25T00:00:00Z/2026-02-26T00:00:00Z,2026-02-25T00:00:00Z,2026-02-26T00:00:00Z,AmazonEC2,Other,RunInstances,17.6957,2.077318,2.128991,Usage,us-east-1,,,prod
e1fdee1e-dd03-a94e-6cd2-4b83b9a029a8,2026-02-25T00:00:00Z/2026-02-26T00:00:00Z,2026-02-25T00:00:00Z,2026-02-26T00:00:00Z,AmazonEC2,Other,RunInstances,4.0092,2.120974,2.147006,Usage,us-east-1,,,prod
da2279a5-38ee-4e47-6182-eb793009152a,2026-02-25T00:00:00Z/2026-02-26T00:00:00Z,2026-02-25T00:00:00Z,2026-02-26T00:00:00Z,AmazonEC2,Other,RunInstances,13.3515,2.235045,2.32364,Usage,us-east-1,,,prod
932107d8-b1cc-c498-b6e5-cc3c0c60e54d,2026-02-25T00:00:00Z/2026-02-26T00:00:00Z,2026-02-25T00:00:00Z,2026-02-26T00:00:00Z,AmazonEC2,BoxUsage:m5.large,RunInstances,1.9157,23.368763,23.539489,Usage,us-east-1,,,prod
24cb2f98-cf4d-6117-145c-e48b201518c3,2026-02-25T00:00:00Z/2026-02-26T00:00:00Z,2026-02-25T00:00:00Z,2026-02-26T00:00:00Z,AmazonEC2,BoxUsage:m5.large,RunInstances,14.7717,20.953369,21.445645,Usage,us-east-1,,,prod
1760bcf1-c8ea-7bfc-a2f0-8b02f67ecfc0,2026-02-25T00:00:00Z/2026-02-26T00:00:00Z,2026-02-25T00:00:00Z,2026-02-26T00:00:00Z,AmazonEC2,BoxUsage:m5.large,RunInstances,23.9629,19.37128,19.779248,Usage,us-east-1,,,prod
9745ccb1-70b9-9f3d-d11b-5162fe678396,2026-02-25T00:00:00Z/2026-02-26T00:00:00Z,2026-02-25T00:00:00Z,2026-02-26T00:00:00Z,AmazonEC2,BoxUsage:m5.large,RunInstances,21.5084,22.468652,23.494982,Usage,us-east-1,,,prod
b895be5f-1164-dfb3-f28b-3aad814d7881,2026-02-25T00:00:00Z/2026-02-26T00:00:00Z,2026-02-25T00:00:00Z,2026-02-26T00:00:00Z,AmazonEC2,BoxUsage:m5.large,RunInstances,13.2172,18.594784,19.162666,Usage,us-east-1,,,prod
efec3c9a-d305-4fd3-2655-87c64a60b3d4,2026-02-25T00:00:00Z/2026-02-26T00:00:00Z,2026-02-25T00:00:00Z,2026-02-26T00:00:00Z,AmazonEC2,Other,RunInstances,23.5549,20.407544,20.724021,Usage,us-east-1,,,prod
22b81da4-8131-205f-6d71-62e86b866d59,2026-02-25T00:00:00Z/2026-02-26T00:00:00Z,2026-02-25T00:00:00Z,2026-02-26T00:00:00Z,AmazonEC2,Other,RunInstances,19.4814,18.528892,18.864035,Usage,us-east-1,,,prod
d78bd685-7706-1493-dbba-837b947f03d1,2026-02-25T00:00:00Z/2026-02-26T00:00:00Z,2026-02-25T00:00:00Z,2026-02-26T00:00:00Z,AmazonEC2,Other,RunInstances,21.8794,20.028676,19.968305,Usage,us-east-1,,,prod
7035ef7f-3418-190e-06a6-cf1b9288176f,2026-02-25T00:00:00Z/2026-02-26T00:00:00Z,2026-02-25T00:00:00Z,2026-02-26T00:00:00Z,AmazonEC2,Other,RunInstances,18.5099,23.619966,23.076278,Usage,us-east-1,,,prod
86d49d7a-6ada-a4fa-2064-fbfe09ddfb3b,2026-02-25T00:00:00Z/2026-02-26T00:00:00Z,2026-02-25T00:00:00Z,2026-02-26T00:00:00Z,AmazonEC2,Other,RunInstances,1.9543,20.376161,19.827249,Usage,us-east-1,,,prod
a9c76dd6-5e6d-d527-f907-c06692b14a7f,2026-02-26T00:00:00Z/2026-02-27T00:00:00Z,2026-02-26T00:00:00Z,2026-02-27T00:00:00Z,AmazonEC2,BoxUsage:c5.xlarge,RunInstances,13.341,2.152955,2.175659,Usage,us-east-1,,,prod
594c3080-302f-03cc-3a83-5172cebbdc13,2026-02-26T00:00:00Z/2026-02-27T00:00:00Z,2026-02-26T00:00:00Z,2026-02-27T00:00:00Z,AmazonEC2,BoxUsage:c5.xlarge,RunInstances,7.9582,2.576308,2.483665,Usage,us-east-1,,,prod
17119171-84af-b633-e03f-8f6f0795dc68,2026-02-26T00:00:00Z/2026-02-27T00:00:00Z,2026-02-26T00:00:00Z,2026-02-27T00:00:00Z,AmazonEC2,BoxUsage:c5.xlarge,RunInstances,11.6426,2.191704,2.18086,Usage,us-east-1,,,prod
d3fe7472-9d90-6b81-8354-77f81018d7c0,2026-02-26T00:00:00Z/2026-02-27T00:00:00Z,2026-02-26T00:00:00Z,2026-02-27T00:00:00Z,AmazonEC2,BoxUsage:c5.xlarge,RunInstances,20.4141,2.565043,2.526868,Usage,us-east-1,,,prod
5fc87afb-318a-1c57-97cb-c2cdaffb21f6,2026-02-26T00:00:00Z/2026-02-27T00:00:00Z,2026-02-26T00:00:00Z,2026-02-27T00:00:00Z,AmazonEC2,BoxUsage:c5.xlarge,RunInstances,12.9004,2.100897,2.027837,Usage,us-east-1,,,prod
77ca68a7-ce08-cc1c-a426-a7df25fe82a8,2026-02-26T00:00:00Z/2026-02-27T00:00:00Z,2026-02-26T00:00:00Z,2026-02-27T00:00:00Z,AmazonEC2,BoxUsage:r5.xlarge,RunInstances,20.0854,2.533022,2.631976,Usage,us-east-1,,,prod
01a99753-bdff-7bda-43a3-0f43676813bc,2026-02-26T00:00:00Z/2026-02-27T00:00:00Z,2026-02-26T00:00:00Z,2026-02-27T00:00:00Z,AmazonEC2,BoxUsage:r5.xlarge,RunInstances,15.5615,2.567334,2.616075,Usage,us-east-1,,,prod
6f882dc4-2340-71e2-0dbd-1132875d514e,2026-02-26T00:00:00Z/2026-02-27T00:00:00Z,2026-02-26T00:00:00Z,2026-02-27T00:00:00Z,AmazonEC2,BoxUsage:r5.xlarge,RunInstances,17.8011,2.595983,2.568968,Usage,us-east-1,,,prod
9afed1a6-b3da-e513-a2a7-c27b58cbf344,2026-02-26T00:00:00Z/2026-02-27T00:00:00Z,2026-02-26T00:00:00Z,2026-02-27T00:00:00Z,AmazonEC2,BoxUsage:r5.xlarge,RunInstances,17.4835,2.642352,2.523165,Usage,us-east-1,,,prod
ac1cb574-b470-f1a5-bee3-9c31be049402,2026-02-26T00:00:00Z/2026-02-27T00:00:00Z,2026-02-26T00:00:00Z,2026-02-27T00:00:00Z,AmazonEC2,BoxUsage:r5.xlarge,RunInstances,16.8203,2.026833,1.957578,Usage,us-east-1,,,prod
b18df2d8-430b-8925-4538-7e56cb471c58,2026-02-26T00:00:00Z/2026-02-27T00:00:00Z,2026-02-26T00:00:00Z,2026-02-27T00:00:00Z,AmazonEC2,Other,RunInstances,9.9329,2.630544,2.605843,Usage,us-east-1,,,prod
ebb8f105-d2f8-62b5-ce23-a9565bebea20,2026-02-26T00:00:00Z/2026-02-27T00:00:00Z,2026-02-26T00:00:00Z,2026-02-27T00:00:00Z,AmazonEC2,Other,RunInstances,12.1805,2.249573,2.268062,Usage,us-east-1,,,prod
3ab47e83-0b8b-f653-e806-902842c31de0,2026-02-26T00:00:00Z/2026-02-27T00:00:00Z,2026-02-26T00:00:00Z,2026-02-27T00:00:00Z,AmazonEC2,Other,RunInstances,2.2131,2.25387,2.152358,Usage,us-east-1,,,prod
12224d11-a71d-f76f-0f12-d90fe41046de,2026-02-26T00:00:00Z/2026-02-27T00:00:00Z,2026-02-26T00:00:00Z,2026-02-27T00:00:00Z,AmazonEC2,Other,RunInstances,15.3871,2.271525,2.301068,Usage,us-east-1,,,prod
4455f2f8-0bd0-4373-b7b5-ea3213886dae,2026-02-26T00:00:00Z/2026-02-27T00:00:00Z,2026-02-26T00:00:00Z,2026-02-27T00:00:00Z,AmazonEC2,Other,RunInstances,1.7782,2.520216,2.396086,Usage,us-east-1,,,prod
bd19dc5b-57ce-6c2f-4efe-ba7d9c918a2c,2026-02-26T00:00:00Z/2026-02-27T00:00:00Z,2026-02-26T00:00:00Z,2026-02-27T00:00:00Z,AmazonEC2,Other,RunInstances,19.2527,2.412425,2.519469,Usage,us-east-1,,,prod
2c1384c7-cd08-3d81-c6a5-2e879620886b,2026-02-26T00:00:00Z/2026-02-27T00:00:00Z,2026-02-26T00:00:00Z,2026-02-27T00:00:00Z,AmazonEC2,Other,RunInstances,14.4477,2.207297,2.241283,Usage,us-east-1,,,prod
31c2817c-b5d8-b1da-5c5f-51a3b7c8e600,2026-02-26T00:00:00Z/2026-02-27T00:00:00Z,2026-02-26T00:00:00Z,2026-02-27T00:00:00Z,AmazonEC2,Other,RunInstances,16.8477,2.006072,2.08025,Usage,us-east-1,,,prod
180398e0-5800-4bdd-7ca8-c43ef650853a,2026-02-26T00:00:00Z/2026-02-27T00:00:00Z,2026-02-26T00:00:00Z,2026-02-27T00:00:00Z,AmazonEC2,Other,RunInstances,2.6225,2.467631,2.522052,Usage,us-east-1,,,prod
17c06b08-2b5c-9889-17d8-c0e144fb3b3d,2026-02-26T00:00:00Z/2026-02-27T00:00:00Z,2026-02-26T00:00:00Z,2026-02-27T00:00:00Z,AmazonEC2,Other,RunInstances,20.3252,2.426244,2.435471,Usage,us-east-1,,,prod
a38f1eb8-71d0-d704-c952-b371f7e9520e,2026-02-26T00:00:00Z/2026-02-27T00:00:00Z,2026-02-26T00:00:00Z,2026-02-27T00:00:00Z,AmazonEC2,BoxUsage:m5.large,RunInstances,6.8191,22.891022,23.451297,Usage,us-east-1,,,prod
dfcf389f-1f08-ff9d-ebe6-c16e5374e0e4,2026-02-26T00:00:00Z/2026-02-27T00:00:00Z,2026-02-26T00:00:00Z,2026-02-27T00:00:00Z,AmazonEC2,BoxUsage:m5.large,RunInstances,5.4933,19.739542,20.451294,Usage,us-east-1,,,prod
4f8c2876-aa56-b503-e562-f3b34a3fccfc,2026-02-26T00:00:00Z/2026-02-27T00:00:00Z,2026-02-26T00:00:00Z,2026-02-27T00:00:00Z,AmazonEC2,BoxUsage:m5.large,RunInstances,8.51,17.975229,17.909981,Usage,us-east-1,,,prod
d3651202-f654-4952-06e9-6ee0a6689e9d,2026-02-26T00:00:00Z/2026-02-27T00:00:00Z,2026-02-26T00:00:00Z,2026-02-27T00:00:00Z,AmazonEC2,BoxUsage:m5.large,RunInstances,18.4302,20.468586,21.218299,Usage,us-east-1,,,prod
b7537d5e-3a74-3d67-8a15-c8817f6e3851,2026-02-26T00:00:00Z/2026-02-27T00:00:00Z,2026-02-26T00:00:00Z,2026-02-27T00:00:00Z,AmazonEC2,BoxUsage:m5.large,RunInstances,8.2066,21.238411,20.769385,Usage,us-east-1,,,prod
e50552eb-d896-9d43-c152-c31d9dd8f53e,2026-02-26T00:00:00Z/2026-02-27T00:00:00Z,2026-02-26T00:00:00Z,2026-02-27T00:00:00Z,AmazonEC2,Other,RunInstances,16.2679,20.639563,20.022695,Usage,us-east-1,,,prod
f053e71f-ec1d-1203-bedc-913ff8a46e48,2026-02-26T00:00:00Z/2026-02-27T00:00:00Z,2026-02-26T00:00:00Z,2026-02-27T00:00:00Z,AmazonEC2,Other,RunInstances,3.3426,21.485973,20.764634,Usage,us-east-1,,,prod
20510714-2192-5bbb-f9b5-3c42d9d2203a,2026-02-26T00:00:00Z/2026-02-27T00:00:00Z,2026-02-26T00:00:00Z,2026-02-27T00:00:00Z,AmazonEC2,Other,RunInstances,20.794,19.489425,18.714287,Usage,us-east-1,,,prod
d3812103-1ab1-3044-68cf-8d136b2bb768,2026-02-26T00:00:00Z/2026-02-27T00:00:00Z,2026-02-26T00:00:00Z,2026-02-27T00:00:00Z,AmazonEC2,Other,RunInstances,14.8042,17.808004,17.558829,Usage,us-east-1,,,prod
2db63c60-09ff-cd9a-9caf-699ceb2802bf,2026-02-26T00:00:00Z/2026-02-27T00:00:00Z,2026-02-26T00:00:00Z,2026-02-27T00:00:00Z,AmazonEC2,Other,RunInstances,17.8496,23.811617,23.650299,Usage,us-east-1,,,prod
950a0ebb-0fe4-4887-f9cc-c9043f400754,2026-02-27T00:00:00Z/2026-02-28T00:00:00Z,2026-02-27T00:00:00Z,2026-02-28T00:00:00Z,AmazonEC2,BoxUsage:c5.xlarge,RunInstances,21.0105,2.354529,2.423504,Usage,us-east-1,,,prod
d7238e46-88a9-2f96-0f6f-e924af10587d,2026-02-27T00:00:00Z/2026-02-28T00:00:00Z,2026-02-27T00:00:00Z,2026-02-28T00:00:00Z,AmazonEC2,BoxUsage:c5.xlarge,RunInstances,12.8904,2.604954,2.497339,Usage,us-east-1,,,prod
4b0e49cc-c7c5-827c-7fe8-78c7984ffd83,2026-02-27T00:00:00Z/2026-02-28T00:00:00Z,2026-02-27T00:00:00Z,2026-02-28T00:00:00Z,AmazonEC2,BoxUsage:c5.xlarge,RunInstances,20.0851,2.617138,2.537855,Usage,us-east-1,,,prod
e02e9808-dd13-0577-8588-0bbf9a68c846,2026-02-27T00:00:00Z/2026-02-28T00:00:00Z,2026-02-27T00:00:00Z,2026-02-28T00:00:00Z,AmazonEC2,BoxUsage:c5.xlarge,RunInstances,2.7601,2.138285,2.110658,Usage,us-east-1,,,prod
a3234215-dce7-8ec2-6e30-d4c9a24e50ad,2026-02-27T00:00:00Z/2026-02-28T00:00:00Z,2026-02-27T00:00:00Z,2026-02-28T00:00:00Z,AmazonEC2,BoxUsage:c5.xlarge,RunInstances,23.3519,2.490672,2.384087,Usage,us-east-1,,,prod
b479bd8a-6847-bf5c-4376-06793c75d638,2026-02-27T00:00:00Z/2026-02-28T00:00:00Z,2026-02-27T00:00:00Z,2026-02-28T00:00:00Z,AmazonEC2,BoxUsage:r5.xlarge,RunInstances,7.3201,2.035413,2.017549,Usage,us-east-1,,,prod
0b98fa8c-3d84-a66f-c2ae-6ef5c7f4fea3,2026-02-27T00:00:00Z/2026-02-28T00:00:00Z,2026-02-27T00:00:00Z,2026-02-28T00:00:00Z,AmazonEC2,BoxUsage:r5.xlarge,RunInstances,1.2433,2.217662,2.174129,Usage,us-east-1,,,prod
de888d7f-4d6b-6a57-babe-34a17e1f7539,2026-02-27T00:00:00Z/2026-02-28T00:00:00Z,2026-02-27T00:00:00Z,2026-02-28T00:00:00Z,AmazonEC2,BoxUsage:r5.xlarge,RunInstances,6.215,2.349444,2.237542,Usage,us-east-1,,,prod
0083131d-00b0-c777-6e63-e3c9258c6e5f,2026-02-27T00:00:00Z/2026-02-28T00:00:00Z,2026-02-27T00:00:00Z,2026-02-28T00:00:00Z,AmazonEC2,BoxUsage:r5.xlarge,RunInstances,5.4801,2.116919,2.15273,Usage,us-east-1,,,prod
2d3e24d0-2fd3-8538-22d2-b8837d514e12,2026-02-27T00:00:00Z/2026-02-28T00:00:00Z,2026-02-27T00:00:00Z,2026-02-28T00:00:00Z,AmazonEC2,BoxUsage:r5.xlarge,RunInstances,3.9047,2.316771,2.426327,Usage,us-east-1,,,prod
fe164695-4f72-1165-0815-5548447b0c03,2026-02-27T00:00:00Z/2026-02-28T00:00:00Z,2026-02-27T00:00:00Z,2026-02-28T00:00:00Z,AmazonEC2,Other,RunInstances,13.111,2.093469,2.032779,Usage,us-east-1,,,prod
4ae786cf-2aef-67df-2014-a2b3eb8553b6,2026-02-27T00:00:00Z/2026-02-28T00:00:00Z,2026-02-27T00:00:00Z,2026-02-28T00:00:00Z,AmazonEC2,Other,RunInstances,23.9272,1.99869,2.000062,Usage,us-east-1,,,prod
212c2c46-f958-db16-dea6-319a380d71ed,2026-02-27T00:00:00Z/2026-02-28T00:00:00Z,2026-02-27T00:00:00Z,2026-02-28T00:00:00Z,AmazonEC2,Other,RunInstances,11.9034,2.634331,2.73666,Usage,us-east-1,,,prod
d5d097c9-c782-6489-a39f-667aeb274b8c,2026-02-27T00:00:00Z/2026-02-28T00:00:00Z,2026-02-27T00:00:00Z,2026-02-28T00:00:00Z,AmazonEC2,Other,RunInstances,7.9085,2.057542,1.990438,Usage,us-east-1,,,prod
aa40859f-9588-570d-d364-095f8e806fb0,2026-02-27T00:00:00Z/2026-02-28T00:00:00Z,2026-02-27T00:00:00Z,2026-02-28T00:00:00Z,AmazonEC2,Other,RunInstances,10.5738,2.42669,2.420978,Usage,us-east-1,,,prod
f382d4aa-9e4d-dc26-f356-d1ebb5d34abb,2026-02-27T00:00:00Z/2026-02-28T00:00:00Z,2026-02-27T00:00:00Z,2026-02-28T00:00:00Z,AmazonEC2,Other,RunInstances,11.1909,2.022809,2.018273,Usage,us-east-1,,,prod
ca3c12b9-dd92-c5b2-b242-a2fa94ca322c,2026-02-27T00:00:00Z/2026-02-28T00:00:00Z,2026-02-27T00:00:00Z,2026-02-28T00:00:00Z,AmazonEC2,Other,RunInstances,22.7404,2.041704,2.133107,Usage,us-east-1,,,prod
2ef89ec6-3a94-c46f-467c-b1b1443ef479,2026-02-27T00:00:00Z/2026-02-28T00:00:00Z,2026-02-27T00:00:00Z,2026-02-28T00:00:00Z,AmazonEC2,Other,RunInstances,3.5115,2.382805,2.455018,Usage,us-east-1,,,prod
e095280b-3200-d620-3737-f3f048053102,2026-02-27T00:00:00Z/2026-02-28T00:00:00Z,2026-02-27T00:00:00Z,2026-02-28T00:00:00Z,AmazonEC2,Other,RunInstances,15.7655,2.23505,2.274571,Usage,us-east-1,,,prod
df85025f-1987-e1bb-e7b1-a98197afede4,2026-02-27T00:00:00Z/2026-02-28T00:00:00Z,2026-02-27T00:00:00Z,2026-02-28T00:00:00Z,AmazonEC2,Other,RunInstances,9.3248,2.468932,2.44878,Usage,us-east-1,,,prod
117c3673-0b9a-a4d8-954e-d878746b4375,2026-02-27T00:00:00Z/2026-02-28T00:00:00Z,2026-02-27T00:00:00Z,2026-02-28T00:00:00Z,AmazonEC2,BoxUsage:m5.large,RunInstances,12.1614,19.511179,18.578365,Usage,us-east-1,,,prod
595e5694-8b2e-6ba0-15d8-533b9c4dd562,2026-02-27T00:00:00Z/2026-02-28T00:00:00Z,2026-02-27T00:00:00Z,2026-02-28T00:00:00Z,AmazonEC2,BoxUsage:m5.large,RunInstances,13.8129,23.07438,24.047819,Usage,us-east-1,,,prod
026d631e-05a5-3f85-dfdc-4f79bf8b9d86,2026-02-27T00:00:00Z/2026-02-28T00:00:00Z,2026-02-27T00:00:00Z,2026-02-28T00:00:00Z,AmazonEC2,BoxUsage:m5.large,RunInstances,17.4028,20.359273,21.361092,Usage,us-east-1,,,prod
8045929b-15aa-3cc1-b20c-4148c11c61a8,2026-02-27T00:00:00Z/2026-02-28T00:00:00Z,2026-02-27T00:00:00Z,2026-02-28T00:00:00Z,AmazonEC2,BoxUsage:m5.large,RunInstances,1.2516,20.115271,20.32284,Usage,us-east-1,,,prod
2da2e0f8-4714-0684-d8e8-ea44e0a7c59a,2026-02-27T00:00:00Z/2026-02-28T00:00:00Z,2026-02-27T00:00:00Z,2026-02-28T00:00:00Z,AmazonEC2,BoxUsage:m5.large,RunInstances,7.8615,19.938037,19.675864,Usage,us-east-1,,,prod
b868d121-276a-fcbb-c4e6-1f5f98e944ca,2026-02-27T00:00:00Z/2026-02-28T00:00:00Z,2026-02-27T00:00:00Z,2026-02-28T00:00:00Z,AmazonEC2,Other,RunInstances,10.7377,21.480026,21.283979,Usage,us-east-1,,,prod
f83ffdd2-2e90-2eec-bfbd-2b0bba6ca77d,2026-02-27T00:00:00Z/2026-02-28T00:00:00Z,2026-02-27T00:00:00Z,2026-02-28T00:00:00Z,AmazonEC2,Other,RunInstances,17.1499,23.703358,24.150885,Usage,us-east-1,,,prod
f52ef96d-08c0-7fca-6778-278e171c6c63,2026-02-27T00:00:00Z/2026-02-28T00:00:00Z,2026-02-27T00:00:00Z,2026-02-28T00:00:00Z,AmazonEC2,Other,RunInstances,6.9656,19.628652,19.801097,Usage,us-east-1,,,prod
c9f9bc86-e620-2e38-222d-b92b19ce14be,2026-02-27T00:00:00Z/2026-02-28T00:00:00Z,2026-02-27T00:00:00Z,2026-02-28T00:00:00Z,AmazonEC2,Other,RunInstances,4.0995,20.670312,21.086931,Usage,us-east-1,,,prod
6034b1bc-e0c4-c623-9c80-01c719a73ee2,2026-02-27T00:00:00Z/2026-02-28T00:00:00Z,2026-02-27T00:00:00Z,2026-02-28T00:00:00Z,AmazonEC2,Other,RunInstances,9.5751,19.280874,19.808776,Usage,us-east-1,,,prod
475dcd58-367f-ac2e-d6f9-599a1b7bcadc,2026-02-28T00:00:00Z/2026-03-01T00:00:00Z,2026-02-28T00:00:00Z,2026-03-01T00:00:00Z,AmazonEC2,BoxUsage:c5.xlarge,RunInstances,18.8266,2.389231,2.365192,Usage,us-east-1,,,prod
2d4c1616-6f24-c2d8-9253-0f2bbb85712c,2026-02-28T00:00:00Z/2026-03-01T00:00:00Z,2026-02-28T00:00:00Z,2026-03-01T00:00:00Z,AmazonEC2,BoxUsage:c5.xlarge,RunInstances,18.0614,2.097323,2.148597,Usage,us-east-1,,,prod
69efd88a-ae4b-1671-a619-68377b274f04,2026-02-28T00:00:00Z/2026-03-01T00:00:00Z,2026-02-28T00:00:00Z,2026-03-01T00:00:00Z,AmazonEC2,BoxUsage:c5.xlarge,RunInstances,11.8506,2.624166,2.630926,Usage,us-east-1,,,prod
fa731bf4-4c2a-ad70-72d1-a57861fc8dbd,2026-02-28T00:00:00Z/2026-03-01T00:00:00Z,2026-02-28T00:00:00Z,2026-03-01T00:00:00Z,AmazonEC2,BoxUsage:c5.xlarge,RunInstances,2.3547,2.467754,2.345365,Usage,us-east-1,,,prod
bb44d669-5428-26ed-eeae-f079d1a21ad6,2026-02-28T00:00:00Z/2026-03-01T00:00:00Z,2026-02-28T00:00:00Z,2026-03-01T00:00:00Z,AmazonEC2,BoxUsage:c5.xlarge,RunInstances,13.361,2.319548,2.30974,Usage,us-east-1,,,prod
840a4310-8f10-9912-1d40-97844c4f1313,2026-02-28T00:00:00Z/2026-03-01T00:00:00Z,2026-02-28T00:00:00Z,2026-03-01T00:00:00Z,AmazonEC2,BoxUsage:r5.xlarge,RunInstances,18.741,2.6714,2.760032,Usage,us-east-1,,,prod
707899d1-f7ed-7fdf-2a84-aef187e8dbcb,2026-02-28T00:00:00Z/2026-03-01T00:00:00Z,2026-02-28T00:00:00Z,2026-03-01T00:00:00Z,AmazonEC2,BoxUsage:r5.xlarge,RunInstances,6.7934,2.254663,2.198841,Usage,us-east-1,,,prod
0392ae4d-719c-9fde-73a5-de0ffeec4e8b,2026-02-28T00:00:00Z/2026-03-01T00:00:00Z,2026-02-28T00:00:00Z,2026-03-01T00:00:00Z,AmazonEC2,BoxUsage:r5.xlarge,RunInstances,10.4029,2.439679,2.486391,Usage,us-east-1,,,prod
8f19a597-badb-3fff-8f27-36f6ff0728fc,2026-02-28T00:00:00Z/2026-03-01T00:00:00Z,2026-02-28T00:00:00Z,2026-03-01T00:00:00Z,AmazonEC2,BoxUsage:r5.xlarge,RunInstances,15.023,2.352055,2.330279,Usage,us-east-1,,,prod
58aca373-a309-d621-5366-54df3806f2ef,2026-02-28T00:00:00Z/2026-03-01T00:00:00Z,2026-02-28T00:00:00Z,2026-03-01T00:00:00Z,AmazonEC2,BoxUsage:r5.xlarge,RunInstances,20.4902,2.622882,2.63726,Usage,us-east-1,,,prod
13716fec-baf3-d0f7-4f2f-3c660eecce83,2026-02-28T00:00:00Z/2026-03-01T00:00:00Z,2026-02-28T00:00:00Z,2026-03-01T00:00:00Z,AmazonEC2,Other,RunInstances,20.9661,2.299756,2.194153,Usage,us-east-1,,,prod
c5602784-036f-940f-a202-92d3861e461c,2026-02-28T00:00:00Z/2026-03-01T00:00:00Z,2026-02-28T00:00:00Z,2026-03-01T00:00:00Z,AmazonEC2,Other,RunInstances,17.1504,2.374499,2.339287,Usage,us-east-1,,,prod
c519738c-2362-98f7-4154-c8609647854d,2026-02-28T00:00:00Z/2026-03-01T00:00:00Z,2026-02-28T00:00:00Z,2026-03-01T00:00:00Z,AmazonEC2,Other,RunInstances,13.7439,2.374801,2.325491,Usage,us-east-1,,,prod
b7f104e0-ef08-719b-f07e-146e3086f673,2026-02-28T00:00:00Z/2026-03-01T00:00:00Z,2026-02-28T00:00:00Z,2026-03-01T00:00:00Z,AmazonEC2,Other,RunInstances,16.577,2.491887,2.532777,Usage,us-east-1,,,prod
207efa1b-d20e-e9da-1c1b-feb38922425e,2026-02-28T00:00:00Z/2026-03-01T00:00:00Z,2026-02-28T00:00:00Z,2026-03-01T00:00:00Z,AmazonEC2,Other,RunInstances,2.311,2.265414,2.164936,Usage,us-east-1,,,prod
44dafd45-2869-ed6b-0f6f-75d55cb32cdd,2026-02-28T00:00:00Z/2026-03-01T00:00:00Z,2026-02-28T00:00:00Z,2026-03-01T00:00:00Z,AmazonEC2,Other,RunInstances,7.8946,2.636826,2.538087,Usage,us-east-1,,,prod
1b3fef7d-05fa-8a2a-620b-ecc997caddb8,2026-02-28T00:00:00Z/2026-03-01T00:00:00Z,2026-02-28T00:00:00Z,2026-03-01T00:00:00Z,AmazonEC2,Other,RunInstances,13.6982,2.109938,2.044443,Usage,us-east-1,,,prod
9349e896-7e22-1c2a-e588-949e8ed49e1d,2026-02-28T00:00:00Z/2026-03-01T00:00:00Z,2026-02-28T00:00:00Z,2026-03-01T00:00:00Z,AmazonEC2,Other,RunInstances,5.5873,2.38308,2.31518,Usage,us-east-1,,,prod
fc5886fd-0695-add3-5fe6-bc7b71b65542,2026-02-28T00:00:00Z/2026-03-01T00:00:00Z,2026-02-28T00:00:00Z,2026-03-01T00:00:00Z,AmazonEC2,Other,RunInstances,20.8115,2.443962,2.335422,Usage,us-east-1,,,prod
c8d8711b-3662-dd31-668b-fbf55f2d6454,2026-02-28T00:00:00Z/2026-03-01T00:00:00Z,2026-02-28T00:00:00Z,2026-03-01T00:00:00Z,AmazonEC2,Other,RunInstances,18.9181,2.055862,2.059067,Usage,us-east-1,,,prod
189c719d-6820-92be-feb5-3ce9cb03ca43,2026-02-28T00:00:00Z/2026-03-01T00:00:00Z,2026-02-28T00:00:00Z,2026-03-01T00:00:00Z,AmazonEC2,BoxUsage:m5.large,RunInstances,5.0595,22.830414,21.965372,Usage,us-east-1,,,prod
71d822eb-08f5-79f3-fb1e-22396c7e7b1b,2026-02-28T00:00:00Z/2026-03-01T00:00:00Z,2026-02-28T00:00:00Z,2026-03-01T00:00:00Z,AmazonEC2,BoxUsage:m5.large,RunInstances,13.7363,23.750466,24.590816,Usage,us-east-1,,,prod
65218b5f-0510-ffd1-4cbc-55f85f1cd020,2026-02-28T00:00:00Z/2026-03-01T00:00:00Z,2026-02-28T00:00:00Z,2026-03-01T00:00:00Z,AmazonEC2,BoxUsage:m5.large,RunInstances,23.8788,23.099834,24.180935,Usage,us-east-1,,,prod
e54b8609-664a-5c32-5b09-44dd15dc3573,2026-02-28T00:00:00Z/2026-03-01T00:00:00Z,2026-02-28T00:00:00Z,2026-03-01T00:00:00Z,AmazonEC2,BoxUsage:m5.large,RunInstances,7.1816,17.881482,17.150566,Usage,us-east-1,,,prod
f431ef20-8871-2e46-aa2d-9bf7862a3349,2026-02-28T00:00:00Z/2026-03-01T00:00:00Z,2026-02-28T00:00:00Z,2026-03-01T00:00:00Z,AmazonEC2,BoxUsage:m5.large,RunInstances,16.0693,21.528285,20.822613,Usage,us-east-1,,,prod
7681a0d2-87b3-e143-04a6-97a38a7bfb12,2026-02-28T00:00:00Z/2026-03-01T00:00:00Z,2026-02-28T00:00:00Z,2026-03-01T00:00:00Z,AmazonEC2,Other,RunInstances,13.2354,19.397143,19.572055,Usage,us-east-1,,,prod
85104ea9-bb40-e341-92f5-efe266e93cc4,2026-02-28T00:00:00Z/2026-03-01T00:00:00Z,2026-02-28T00:00:00Z,2026-03-01T00:00:00Z,AmazonEC2,Other,RunInstances,17.3014,18.505586,18.188628,Usage,us-east-1,,,prod
b34d8934-f78d-9a1c-8b9b-a83419b6594b,2026-02-28T00:00:00Z/2026-03-01T00:00:00Z,2026-02-28T00:00:00Z,2026-03-01T00:00:00Z,AmazonEC2,Other,RunInstances,12.6191,17.996333,18.608888,Usage,us-east-1,,,prod
e6952228-f86f-70bc-f5c8-3caa42c90e1e,2026-02-28T00:00:00Z/2026-03-01T00:00:00Z,2026-02-28T00:00:00Z,2026-03-01T00:00:00Z,AmazonEC2,Other,RunInstances,13.8136,23.175198,22.739021,Usage,us-east-1,,,prod
77b2740d-d7aa-10a7-004f-0b4f7a9f4902,2026-02-28T00:00:00Z/2026-03-01T00:00:00Z,2026-02-28T00:00:00Z,2026-03-01T00:00:00Z,AmazonEC2,Other,RunInstances,17.9628,19.078712,19.756618,Usage,us-east-1,,,prod
e936bb0e-5efc-0425-1a4f-03928278f8ad,2026-03-01T00:00:00Z/2026-03-02T00:00:00Z,2026-03-01T00:00:00Z,2026-03-02T00:00:00Z,AmazonEC2,BoxUsage:c5.xlarge,RunInstances,12.7985,2.545591,2.603887,Usage,us-east-1,,,prod
87f68fbb-ff94-ff51-9124-97c004ef5d16,2026-03-01T00:00:00Z/2026-03-02T00:00:00Z,2026-03-01T00:00:00Z,2026-03-02T00:00:00Z,AmazonEC2,BoxUsage:c5.xlarge,RunInstances,16.5628,2.674545,2.596373,Usage,us-east-1,,,prod
4949fbb9-dece-563d-5c99-4581d2cc6aa5,2026-03-01T00:00:00Z/2026-03-02T00:00:00Z,2026-03-01T00:00:00Z,2026-03-02T00:00:00Z,AmazonEC2,BoxUsage:c5.xlarge,RunInstances,19.8966,2.342437,2.408006,Usage,us-east-1,,,prod
93379fdc-8567-16aa-971b-7a654c0f4767,2026-03-01T00:00:00Z/2026-03-02T00:00:00Z,2026-03-01T00:00:00Z,2026-03-02T00:00:00Z,AmazonEC2,BoxUsage:c5.xlarge,RunInstances,17.4368,2.094885,2.181646,Usage,us-east-1,,,prod
e63587e0-bfb7-63b6-0e0d-d7a1f899d12b,2026-03-01T00:00:00Z/2026-03-02T00:00:00Z,2026-03-01T00:00:00Z,2026-03-02T00:00:00Z,AmazonEC2,BoxUsage:c5.xlarge,RunInstances,4.2509,2.671634,2.633838,Usage,us-east-1,,,prod
c992f91a-a9c4-a525-d835-1689226f0cd9,2026-03-01T00:00:00Z/2026-03-02T00:00:00Z,2026-03-01T00:00:00Z,2026-03-02T00:00:00Z,AmazonEC2,BoxUsage:r5.xlarge,RunInstances,13.4033,2.672703,2.565017,Usage,us-east-1,,,prod
a2e0ea5f-ef1f-b49b-1100-2713add88e13,2026-03-01T00:00:00Z/2026-03-02T00:00:00Z,2026-03-01T00:00:00Z,2026-03-02T00:00:00Z,AmazonEC2,BoxUsage:r5.xlarge,RunInstances,19.8295,2.510484,2.487517,Usage,us-east-1,,,prod
596eb134-54a3-48ce-7d0e-32e1c48e764a,2026-03-01T00:00:00Z/2026-03-02T00:00:00Z,2026-03-01T00:00:00Z,2026-03-02T00:00:00Z,AmazonEC2,BoxUsage:r5.xlarge,RunInstances,16.4441,2.368883,2.358835,Usage,us-east-1,,,prod
d6df43bc-fea0-0887-a675-efd56887f572,2026-03-01T00:00:00Z/2026-03-02T00:00:00Z,2026-03-01T00:00:00Z,2026-03-02T00:00:00Z,AmazonEC2,BoxUsage:r5.xlarge,RunInstances,4.9101,2.369703,2.402363,Usage,us-east-1,,,prod
df5a8611-3c23-4341-f45d-4c8f6c2caf8c,2026-03-01T00:00:00Z/2026-03-02T00:00:00Z,2026-03-01T00:00:00Z,2026-03-02T00:00:00Z,AmazonEC2,BoxUsage:r5.xlarge,RunInstances,11.8128,2.147781,2.056462,Usage,us-east-1,,,prod
143b5f94-fabb-d77b-8656-08581c378ceb,2026-03-01T00:00:00Z/2026-03-02T00:00:00Z,2026-03-01T00:00:00Z,2026-03-02T00:00:00Z,AmazonEC2,Other,RunInstances,17.9743,2.581258,2.484631,Usage,us-east-1,,,prod
6ba1dec6-80d1-8f4a-e7bb-c14cbd55bf25,2026-03-01T00:00:00Z/2026-03-02T00:00:00Z,2026-03-01T00:00:00Z,2026-03-02T00:00:00Z,AmazonEC2,Other,RunInstances,9.3555,2.082898,2.040213,Usage,us-east-1,,,prod
fc513829-45af-2efd-78a5-3542d15eb6b4,2026-03-01T00:00:00Z/2026-03-02T00:00:00Z,2026-03-01T00:00:00Z,2026-03-02T00:00:00Z,AmazonEC2,Other,RunInstances,14.5765,2.177074,2.264865,Usage,us-east-1,,,prod
4e67fbaf-c7c2-d116-3616-8796c01e2c6a,2026-03-01T00:00:00Z/2026-03-02T00:00:00Z,2026-03-01T00:00:00Z,2026-03-02T00:00:00Z,AmazonEC2,Other,RunInstances,19.0573,2.56478,2.489748,Usage,us-east-1,,,prod
192e66a3-b5f7-8f39-6a05-9585ab44162c,2026-03-01T00:00:00Z/2026-03-02T00:00:00Z,2026-03-01T00:00:00Z,2026-03-02T00:00:00Z,AmazonEC2,Other,RunInstances,21.3153,2.635042,2.573093,Usage,us-east-1,,,prod
02e113bd-016b-8c90-49d1-5bac78b4874b,2026-03-01T00:00:00Z/2026-03-02T00:00:00Z,2026-03-01T00:00:00Z,2026-03-02T00:00:00Z,AmazonEC2,Other,RunInstances,20.9479,2.563601,2.664541,Usage,us-east-1,,,prod
c24ca526-f24c-5dd4-a22b-7776ea94346d,2026-03-01T00:00:00Z/2026-03-02T00:00:00Z,2026-03-01T00:00:00Z,2026-03-02T00:00:00Z,AmazonEC2,Other,RunInstances,21.0828,2.66012,2.641018,Usage,us-east-1,,,prod
0754a933-edfd-a229-e909-6c7c11d4f652,2026-03-01T00:00:00Z/2026-03-02T00:00:00Z,2026-03-01T00:00:00Z,2026-03-02T00:00:00Z,AmazonEC2,Other,RunInstances,11.5872,2.457439,2.468798,Usage,us-east-1,,,prod
0991ffbc-d397-5336-6e4c-8ab8e83d8c88,2026-03-01T00:00:00Z/2026-03-02T00:00:00Z,2026-03-01T00:00:00Z,2026-03-02T00:00:00Z,AmazonEC2,Other,RunInstances,6.2455,2.32116,2.383233,Usage,us-east-1,,,prod
5a7030b4-5d1a-8bcd-6367-8332ae211e68,2026-03-01T00:00:00Z/2026-03-02T00:00:00Z,2026-03-01T00:00:00Z,2026-03-02T00:00:00Z,AmazonEC2,Other,RunInstances,21.2179,2.287716,2.248755,Usage,us-east-1,,,prod
ac50a770-9355-b7ab-437b-1e70359d61e0,2026-03-01T00:00:00Z/2026-03-02T00:00:00Z,2026-03-01T00:00:00Z,2026-03-02T00:00:00Z,AmazonEC2,BoxUsage:m5.large,RunInstances,4.0569,21.882837,21.632699,Usage,us-east-1,,,prod
2f22bfb1-63a6-634e-dfc3-441f3649760a,2026-03-01T00:00:00Z/2026-03-02T00:00:00Z,2026-03-01T00:00:00Z,2026-03-02T00:00:00Z,AmazonEC2,BoxUsage:m5.large,RunInstances,20.8782,19.382934,18.601254,Usage,us-east-1,,,prod
01a891c9-7c7a-62ef-1df1-be0d99bb1689,2026-03-01T00:00:00Z/2026-03-02T00:00:00Z,2026-03-01T00:00:00Z,2026-03-02T00:00:00Z,AmazonEC2,BoxUsage:m5.large,RunInstances,13.8533,18.128128,18.92071,Usage,us-east-1,,,prod
8512d451-570d-3eeb-cea8-ca7be033af0c,2026-03-01T00:00:00Z/2026-03-02T00:00:00Z,2026-03-01T00:00:00Z,2026-03-02T00:00:00Z,AmazonEC2,BoxUsage:m5.large,RunInstances,6.3531,19.739111,18.760969,Usage,us-east-1,,,prod
dbb7dcaa-4e25-f916-4e49-56a4f5acb81b,2026-03-01T00:00:00Z/2026-03-02T00:00:00Z,2026-03-01T00:00:00Z,2026-03-02T00:00:00Z,AmazonEC2,BoxUsage:m5.large,RunInstances,21.5788,19.879985,19.443107,Usage,us-east-1,,,prod
bb168bca-623b-a098-4c7f-5871bc9d7da8,2026-03-01T00:00:00Z/2026-03-02T00:00:00Z,2026-03-01T00:00:00Z,2026-03-02T00:00:00Z,AmazonEC2,Other,RunInstances,18.251,22.064132,22.33296,Usage,us-east-1,,,prod
ed2dfedc-aef4-1ce7-05eb-1b46a823d65e,2026-03-01T00:00:00Z/2026-03-02T00:00:00Z,2026-03-01T00:00:00Z,2026-03-02T00:00:00Z,AmazonEC2,Other,RunInstances,21.8292,22.265258,22.994696,Usage,us-east-1,,,prod
65516ce2-fc16-9691-07a1-a5fbd8c04c80,2026-03-01T00:00:00Z/2026-03-02T00:00:00Z,2026-03-01T00:00:00Z,2026-03-02T00:00:00Z,AmazonEC2,Other,RunInstances,10.2315,18.261813,19.129659,Usage,us-east-1,,,prod
36d027b8-17c6-b055-c309-dc887582687c,2026-03-01T00:00:00Z/2026-03-02T00:00:00Z,2026-03-01T00:00:00Z,2026-03-02T00:00:00Z,AmazonEC2,Other,RunInstances,2.8466,20.588393,21.180233,Usage,us-east-1,,,prod
cd737e58-97d3-d053-6c81-919eb6629c1d,2026-03-01T00:00:00Z/2026-03-02T00:00:00Z,2026-03-01T00:00:00Z,2026-03-02T00:00:00Z,AmazonEC2,Other,RunInstances,9.3471,23.788569,22.838928,Usage,us-east-1,,,prod
3235e829-a731-467f-38e3-23c5491fd42d,2026-03-02T00:00:00Z/2026-03-03T00:00:00Z,2026-03-02T00:00:00Z,2026-03-03T00:00:00Z,AmazonEC2,BoxUsage:c5.xlarge,RunInstances,20.4309,2.606203,2.535638,Usage,us-east-1,,,prod
8ccd86a9-3322-c5af-2b83-3c0446a9f6cb,2026-03-02T00:00:00Z/2026-03-03T00:00:00Z,2026-03-02T00:00:00Z,2026-03-03T00:00:00Z,AmazonEC2,BoxUsage:c5.xlarge,RunInstances,15.543,2.390913,2.414691,Usage,us-east-1,,,prod
bb0cab0b-b464-b5bd-5633-d188f9c3a564,2026-03-02T00:00:00Z/2026-03-03T00:00:00Z,2026-03-02T00:00:00Z,2026-03-03T00:00:00Z,AmazonEC2,BoxUsage:c5.xlarge,RunInstances,6.3752,2.24812,2.272413,Usage,us-east-1,,,prod
e9350a71-180d-847a-ba9f-c698ae48341e,2026-03-02T00:00:00Z/2026-03-03T00:00:00Z,2026-03-02T00:00:00Z,2026-03-03T00:00:00Z,AmazonEC2,BoxUsage:c5.xlarge,RunInstances,2.6554,2.51033,2.635035,Usage,us-east-1,,,prod
0064e3a3-2641-af3e-4b2b-847c329b5589,2026-03-02T00:00:00Z/2026-03-03T00:00:00Z,2026-03-02T00:00:00Z,2026-03-03T00:00:00Z,AmazonEC2,BoxUsage:c5.xlarge,RunInstances,7.8647,2.418668,2.487684,Usage,us-east-1,,,prod
b8455b8b-0c73-b539-1108-1a2089558f40,2026-03-02T00:00:00Z/2026-03-03T00:00:00Z,2026-03-02T00:00:00Z,2026-03-03T00:00:00Z,AmazonEC2,BoxUsage:r5.xlarge,RunInstances,21.2976,2.461258,2.57393,Usage,us-east-1,,,prod
6aa1e036-dcf6-10fc-1666-308c73750215,2026-03-02T00:00:00Z/2026-03-03T00:00:00Z,2026-03-02T00:00:00Z,2026-03-03T00:00:00Z,AmazonEC2,BoxUsage:r5.xlarge,RunInstances,17.7431,2.572107,2.448505,Usage,us-east-1,,,prod
1c30ee8d-75f9-d377-9b8e-c5535670f0d3,2026-03-02T00:00:00Z/2026-03-03T00:00:00Z,2026-03-02T00:00:00Z,2026-03-03T00:00:00Z,AmazonEC2,BoxUsage:r5.xlarge,RunInstances,13.5398,2.524941,2.634256,Usage,us-east-1,,,prod
9ac528a5-f973-bc76-c246-525d1edb2265,2026-03-02T00:00:00Z/2026-03-03T00:00:00Z,2026-03-02T00:00:00Z,2026-03-03T00:00:00Z,AmazonEC2,BoxUsage:r5.xlarge,RunInstances,12.1892,2.0925,2.149752,Usage,us-east-1,,,prod
158c8255-fab0-ffa6-142f-8a8fb0592d33,2026-03-02T00:00:00Z/2026-03-03T00:00:00Z,2026-03-02T00:00:00Z,2026-03-03T00:00:00Z,AmazonEC2,BoxUsage:r5.xlarge,RunInstances,21.7259,1.994874,1.999591,Usage,us-east-1,,,prod
26ef1634-4a9b-f957-e27d-067da030dde0,2026-03-02T00:00:00Z/2026-03-03T00:00:00Z,2026-03-02T00:00:00Z,2026-03-03T00:00:00Z,AmazonEC2,Other,RunInstances,15.8165,2.403904,2.522861,Usage,us-east-1,,,prod
13a97efe-bbec-4531-ecf7-8c3ca6089a42,2026-03-02T00:00:00Z/2026-03-03T00:00:00Z,2026-03-02T00:00:00Z,2026-03-03T00:00:00Z,AmazonEC2,Other,RunInstances,7.779,2.261798,2.335384,Usage,us-east-1,,,prod
c1248d80-697c-2fe2-1cc3-48df48bcd724,2026-03-02T00:00:00Z/2026-03-03T00:00:00Z,2026-03-02T00:00:00Z,2026-03-03T00:00:00Z,AmazonEC2,Other,RunInstances,3.1865,2.51809,2.481472,Usage,us-east-1,,,prod
0b7d8564-e38a-7f2b-a4ac-f556b74432b6,2026-03-02T00:00:00Z/2026-03-03T00:00:00Z,2026-03-02T00:00:00Z,2026-03-03T00:00:00Z,AmazonEC2,Other,RunInstances,12.8088,2.427402,2.51036,Usage,us-east-1,,,prod
0beb5766-6b49-b994-cf1f-5b6ed680cab2,2026-03-02T00:00:00Z/2026-03-03T00:00:00Z,2026-03-02T00:00:00Z,2026-03-03T00:00:00Z,AmazonEC2,Other,RunInstances,19.7416,2.124643,2.181536,Usage,us-east-1,,,prod
6fc7735c-ed3d-cf3f-92d1-33da36e5fd1b,2026-03-02T00:00:00Z/2026-03-03T00:00:00Z,2026-03-02T00:00:00Z,2026-03-03T00:00:00Z,AmazonEC2,Other,RunInstances,20.8778,2.498874,2.379843,Usage,us-east-1,,,prod
1c7968ea-7961-e3dc-a1e5-97ee91216108,2026-03-02T00:00:00Z/2026-03-03T00:00:00Z,2026-03-02T00:00:00Z,2026-03-03T00:00:00Z,AmazonEC2,Other,RunInstances,16.5538,2.314361,2.34517,Usage,us-east-1,,,prod
5b8119ac-4e5d-b323-c318-6704820e0e20,2026-03-02T00:00:00Z/2026-03-03T00:00:00Z,2026-03-02T00:00:00Z,2026-03-03T00:00:00Z,AmazonEC2,Other,RunInstances,3.6168,2.396519,2.338175,Usage,us-east-1,,,prod
70da91d4-025a-de61-e803-2272e31579b7,2026-03-02T00:00:00Z/2026-03-03T00:00:00Z,2026-03-02T00:00:00Z,2026-03-03T00:00:00Z,AmazonEC2,Other,RunInstances,3.6018,2.28452,2.337877,Usage,us-east-1,,,prod
c9520d1e-a616-d717-dfbb-f40888440732,2026-03-02T00:00:00Z/2026-03-03T00:00:00Z,2026-03-02T00:00:00Z,2026-03-03T00:00:00Z,AmazonEC2,Other,RunInstances,7.2431,2.466919,2.554198,Usage,us-east-1,,,prod
69d5213f-6ffc-5d7d-301b-3df89560238c,2026-03-02T00:00:00Z/2026-03-03T00:00:00Z,2026-03-02T00:00:00Z,2026-03-03T00:00:00Z,AmazonEC2,BoxUsage:m5.large,RunInstances,14.3486,18.965121,18.584802,Usage,us-east-1,,,prod
625e9dde-7c40-ef06-8d95-dc0f8ef3d62c,2026-03-02T00:00:00Z/2026-03-03T00:00:00Z,2026-03-02T00:00:00Z,2026-03-03T00:00:00Z,AmazonEC2,BoxUsage:m5.large,RunInstances,5.7471,23.891019,23.688559,Usage,us-east-1,,,prod
f16a03b6-3a6f-ea72-6eae-f89ec712f4a9,2026-03-02T00:00:00Z/2026-03-03T00:00:00Z,2026-03-02T00:00:00Z,2026-03-03T00:00:00Z,AmazonEC2,BoxUsage:m5.large,RunInstances,23.8692,21.138794,21.285558,Usage,us-east-1,,,prod
51c3f95d-2ae2-7c0d-248e-883784f66fc9,2026-03-02T00:00:00Z/2026-03-03T00:00:00Z,2026-03-02T00:00:00Z,2026-03-03T00:00:00Z,AmazonEC2,BoxUsage:m5.large,RunInstances,10.366,18.058632,17.484374,Usage,us-east-1,,,prod
66e65682-0fc7-d0d7-8280-28c7d56ab593,2026-03-02T00:00:00Z/2026-03-03T00:00:00Z,2026-03-02T00:00:00Z,2026-03-03T00:00:00Z,AmazonEC2,BoxUsage:m5.large,RunInstances,7.5722,18.462624,19.21247,Usage,us-east-1,,,prod
0711ffb3-a364-eacd-a5b2-1813b2d3d201,2026-03-02T00:00:00Z/2026-03-03T00:00:00Z,2026-03-02T00:00:00Z,2026-03-03T00:00:00Z,AmazonEC2,Other,RunInstances,6.1354,22.372521,21.979559,Usage,us-east-1,,,prod
e441ab4d-9106-b680-c6a2-bd12b218df7c,2026-03-02T00:00:00Z/2026-03-03T00:00:00Z,2026-03-02T00:00:00Z,2026-03-03T00:00:00Z,AmazonEC2,Other,RunInstances,2.6273,18.598845,18.903528,Usage,us-east-1,,,prod
903f9d7f-49b2-6b73-9faf-68417207563a,2026-03-02T00:00:00Z/2026-03-03T00:00:00Z,2026-03-02T00:00:00Z,2026-03-03T00:00:00Z,AmazonEC2,Other,RunInstances,14.3792,21.117232,21.503216,Usage,us-east-1,,,prod
3a8f995d-7c6f-c06b-46b8-e4d5a6c9896e,2026-03-02T00:00:00Z/2026-03-03T00:00:00Z,2026-03-02T00:00:00Z,2026-03-03T00:00:00Z,AmazonEC2,Other,RunInstances,4.9857,19.471102,19.975662,Usage,us-east-1,,,prod
fb0d40d1-9858-63b0-a31a-1edcce502114,2026-03-02T00:00:00Z/2026-03-03T00:00:00Z,2026-03-02T00:00:00Z,2026-03-03T00:00:00Z,AmazonEC2,Other,RunInstances,4.5638,18.697343,18.595738,Usage,us-east-1,,,prod
c2496de0-cc91-0d9e-e633-d32e686dbb3f,2026-03-03T00:00:00Z/2026-03-04T00:00:00Z,2026-03-03T00:00:00Z,2026-03-04T00:00:00Z,AmazonEC2,BoxUsage:c5.xlarge,RunInstances,14.4721,2.225055,2.121961,Usage,us-east-1,,,prod
164601df-ffb5-6f9b-84a4-8c133ad9e684,2026-03-03T00:00:00Z/2026-03-04T00:00:00Z,2026-03-03T00:00:00Z,2026-03-04T00:00:00Z,AmazonEC2,BoxUsage:c5.xlarge,RunInstances,15.5683,2.231323,2.171251,Usage,us-east-1,,,prod
bda9c191-0023-92c5-73f3-44ff511c5467,2026-03-03T00:00:00Z/2026-03-04T00:00:00Z,2026-03-03T00:00:00Z,2026-03-04T00:00:00Z,AmazonEC2,BoxUsage:c5.xlarge,RunInstances,5.1686,2.243382,2.325314,Usage,us-east-1,,,prod
8279f43b-cfa9-02e3-c9e9-c7b3de0dc1cc,2026-03-03T00:00:00Z/2026-03-04T00:00:00Z,2026-03-03T00:00:00Z,2026-03-04T00:00:00Z,AmazonEC2,BoxUsage:c5.xlarge,RunInstances,21.6752,2.11813,2.087575,Usage,us-east-1,,,prod
4a4ac745-707e-c450-d16e-c3af07455fbd,2026-03-03T00:00:00Z/2026-03-04T00:00:00Z,2026-03-03T00:00:00Z,2026-03-04T00:00:00Z,AmazonEC2,BoxUsage:c5.xlarge,RunInstances,21.4868,2.418235,2.402824,Usage,us-east-1,,,prod
ac9b6327-8afa-66c3-8862-d34b4f86aeae,2026-03-03T00:00:00Z/2026-03-04T00:00:00Z,2026-03-03T00:00:00Z,2026-03-04T00:00:00Z,AmazonEC2,BoxUsage:r5.xlarge,RunInstances,13.2753,2.011161,2.086535,Usage,us-east-1,,,prod
0b30ae82-ab78-bd15-8867-c50e0d3126e2,2026-03-03T00:00:00Z/2026-03-04T00:00:00Z,2026-03-03T00:00:00Z,2026-03-04T00:00:00Z,AmazonEC2,BoxUsage:r5.xlarge,RunInstances,9.8334,2.32213,2.208751,Usage,us-east-1,,,prod
6546ff3a-fc56-2304-337f-696aad2c32b1,2026-03-03T00:00:00Z/2026-03-04T00:00:00Z,2026-03-03T00:00:00Z,2026-03-04T00:00:00Z,AmazonEC2,BoxUsage:r5.xlarge,RunInstances,17.1413,2.091563,2.168445,Usage,us-east-1,,,prod
dfafd43b-1cd9-b0a4-1841-f5dedcb4bc20,2026-03-03T00:00:00Z/2026-03-04T00:00:00Z,2026-03-03T00:00:00Z,2026-03-04T00:00:00Z,AmazonEC2,BoxUsage:r5.xlarge,RunInstances,18.5524,2.273493,2.264374,Usage,us-east-1,,,prod
6d77f63d-7346-fdcd-8261-bed7e0af8ea1,2026-03-03T00:00:00Z/2026-03-04T00:00:00Z,2026-03-03T00:00:00Z,2026-03-04T00:00:00Z,AmazonEC2,BoxUsage:r5.xlarge,RunInstances,11.2048,2.236699,2.30382,Usage,us-east-1,,,prod
762e6493-cd5a-96d3-6c5c-948762c16e44,2026-03-03T00:00:00Z/2026-03-04T00:00:00Z,2026-03-03T00:00:00Z,2026-03-04T00:00:00Z,AmazonEC2,Other,RunInstances,11.0191,2.642947,2.611259,Usage,us-east-1,,,prod
d023db9a-b0fa-705a-c25f-27fe742e83c4,2026-03-03T00:00:00Z/2026-03-04T00:00:00Z,2026-03-03T00:00:00Z,2026-03-04T00:00:00Z,AmazonEC2,Other,RunInstances,7.756,2.194573,2.201739,Usage,us-east-1,,,prod
03e0d502-7fa5-18f3-66f7-0f67572ded67,2026-03-03T00:00:00Z/2026-03-04T00:00:00Z,2026-03-03T00:00:00Z,2026-03-04T00:00:00Z,AmazonEC2,Other,RunInstances,1.1205,2.571412,2.665956,Usage,us-east-1,,,prod
dad9d0ed-923f-7347-8046-32291e83e3f9,2026-03-03T00:00:00Z/2026-03-04T00:00:00Z,2026-03-03T00:00:00Z,2026-03-04T00:00:00Z,AmazonEC2,Other,RunInstances,21.7473,2.421273,2.373851,Usage,us-east-1,,,prod
1fd8bafd-482b-a50e-d1d4-46eb773fa0b8,2026-03-03T00:00:00Z/2026-03-04T00:00:00Z,2026-03-03T00:00:00Z,2026-03-04T00:00:00Z,AmazonEC2,Other,RunInstances,15.4421,2.589502,2.604104,Usage,us-east-1,,,prod
0406a904-51a5-3593-a250-840cf3f314c8,2026-03-03T00:00:00Z/2026-03-04T00:00:00Z,2026-03-03T00:00:00Z,2026-03-04T00:00:00Z,AmazonEC2,Other,RunInstances,16.5226,2.055089,1.99509,Usage,us-east-1,,,prod
4ea2520a-67ba-68f2-80b6-1619f56f397f,2026-03-03T00:00:00Z/2026-03-04T00:00:00Z,2026-03-03T00:00:00Z,2026-03-04T00:00:00Z,AmazonEC2,Other,RunInstances,13.9055,2.580493,2.658581,Usage,us-east-1,,,prod
44bc53ff-cf62-2072-8f70-3ac1d11c0aec,2026-03-03T00:00:00Z/2026-03-04T00:00:00Z,2026-03-03T00:00:00Z,2026-03-04T00:00:00Z,AmazonEC2,Other,RunInstances,12.5697,2.286727,2.368161,Usage,us-east-1,,,prod
43dd421b-5beb-0c95-7ea5-a4fd5588a917,2026-03-03T00:00:00Z/2026-03-04T00:00:00Z,2026-03-03T00:00:00Z,2026-03-04T00:00:00Z,AmazonEC2,Other,RunInstances,16.52,2.597515,2.70892,Usage,us-east-1,,,prod
66c6e9ca-e5c6-6808-6362-6162c26ac548,2026-03-03T00:00:00Z/2026-03-04T00:00:00Z,2026-03-03T00:00:00Z,2026-03-04T00:00:00Z,AmazonEC2,Other,RunInstances,4.6566,2.32934,2.267266,Usage,us-east-1,,,prod
6601d69b-0016-901b-3328-b3a89c88b6c3,2026-03-03T00:00:00Z/2026-03-04T00:00:00Z,2026-03-03T00:00:00Z,2026-03-04T00:00:00Z,AmazonEC2,BoxUsage:m5.large,RunInstances,10.7903,21.264587,20.851067,Usage,us-east-1,,,prod
827a86b0-d5b0-9964-58dd-02361c74fb18,2026-03-03T00:00:00Z/2026-03-04T00:00:00Z,2026-03-03T00:00:00Z,2026-03-04T00:00:00Z,AmazonEC2,BoxUsage:m5.large,RunInstances,5.1958,19.051844,18.740378,Usage,us-east-1,,,prod
9ae8debf-e3f2-71f7-fe38-3492c079de39,2026-03-03T00:00:00Z/2026-03-04T00:00:00Z,2026-03-03T00:00:00Z,2026-03-04T00:00:00Z,AmazonEC2,BoxUsage:m5.large,RunInstances,2.3173,20.421116,20.482326,Usage,us-east-1,,,prod
ce1315f1-0041-189b-8486-74df67e9e205,2026-03-03T00:00:00Z/2026-03-04T00:00:00Z,2026-03-03T00:00:00Z,2026-03-04T00:00:00Z,AmazonEC2,BoxUsage:m5.large,RunInstances,21.1408,17.690419,18.54168,Usage,us-east-1,,,prod
c02634fa-57b2-5cee-2472-1cec0af2b894,2026-03-03T00:00:00Z/2026-03-04T00:00:00Z,2026-03-03T00:00:00Z,2026-03-04T00:00:00Z,AmazonEC2,BoxUsage:m5.large,RunInstances,17.3477,21.025775,21.346875,Usage,us-east-1,,,prod
59d67f54-5dcb-6d4b-5081-641a24f71ff8,2026-03-03T00:00:00Z/2026-03-04T00:00:00Z,2026-03-03T00:00:00Z,2026-03-04T00:00:00Z,AmazonEC2,Other,RunInstances,15.1401,18.387526,19.276248,Usage,us-east-1,,,prod
46ae3c68-7e86-e0fb-06f6-dab7238ded31,2026-03-03T00:00:00Z/2026-03-04T00:00:00Z,2026-03-03T00:00:00Z,2026-03-04T00:00:00Z,AmazonEC2,Other,RunInstances,23.5845,21.476296,22.238259,Usage,us-east-1,,,prod
f8f29ffc-0558-d589-d4a8-e8816a778322,2026-03-03T00:00:00Z/2026-03-04T00:00:00Z,2026-03-03T00:00:00Z,2026-03-04T00:00:00Z,AmazonEC2,Other,RunInstances,18.509,18.470399,18.307834,Usage,us-east-1,,,prod
9736c12b-5f24-3d37-0b1c-d10398bc1311,2026-03-03T00:00:00Z/2026-03-04T00:00:00Z,2026-03-03T00:00:00Z,2026-03-04T00:00:00Z,AmazonEC2,Other,RunInstances,20.2339,21.522305,20.846879,Usage,us-east-1,,,prod
905da653-0e22-f1d4-7d84-1a5221baa8be,2026-03-03T00:00:00Z/2026-03-04T00:00:00Z,2026-03-03T00:00:00Z,2026-03-04T00:00:00Z,AmazonEC2,Other,RunInstances,8.7821,21.431017,21.759337,Usage,us-east-1,,,prod
8e3f57f4-c89f-4411-183d-cda60ecff547,2026-03-04T00:00:00Z/2026-03-05T00:00:00Z,2026-03-04T00:00:00Z,2026-03-05T00:00:00Z,AmazonEC2,BoxUsage:c5.xlarge,RunInstances,5.8092,2.555638,2.507198,Usage,us-east-1,,,prod
4dd16634-8eea-a078-2d0b-07e512d40da9,2026-03-04T00:00:00Z/2026-03-05T00:00:00Z,2026-03-04T00:00:00Z,2026-03-05T00:00:00Z,AmazonEC2,BoxUsage:c5.xlarge,RunInstances,3.2793,2.351139,2.276807,Usage,us-east-1,,,prod
85b75ce8-37f2-c4a1-7408-fb73ceca269f,2026-03-04T00:00:00Z/2026-03-05T00:00:00Z,2026-03-04T00:00:00Z,2026-03-05T00:00:00Z,AmazonEC2,BoxUsage:c5.xlarge,RunInstances,9.8638,2.418064,2.485674,Usage,us-east-1,,,prod
22fba113-5cc2-5cd9-e810-796c1c7bbfe1,2026-03-04T00:00:00Z/2026-03-05T00:00:00Z,2026-03-04T00:00:00Z,2026-03-05T00:00:00Z,AmazonEC2,BoxUsage:c5.xlarge,RunInstances,17.5629,2.597142,2.487273,Usage,us-east-1,,,prod
e5cb2126-09ba-3a69-f5ec-4d691b862f2a,2026-03-04T00:00:00Z/2026-03-05T00:00:00Z,2026-03-04T00:00:00Z,2026-03-05T00:00:00Z,AmazonEC2,BoxUsage:c5.xlarge,RunInstances,4.9318,2.290654,2.207483,Usage,us-east-1,,,prod
1d55c5aa-4f32-c171-56bc-5a10a35aafdf,2026-03-04T00:00:00Z/2026-03-05T00:00:00Z,2026-03-04T00:00:00Z,2026-03-05T00:00:00Z,AmazonEC2,BoxUsage:r5.xlarge,RunInstances,12.8742,2.406382,2.34719,Usage,us-east-1,,,prod
895505c3-d3d5-b5f6-5b40-0f25aa42533f,2026-03-04T00:00:00Z/2026-03-05T00:00:00Z,2026-03-04T00:00:00Z,2026-03-05T00:00:00Z,AmazonEC2,BoxUsage:r5.xlarge,RunInstances,19.4423,2.219556,2.274386,Usage,us-east-1,,,prod
27c54189-0cd1-d2ed-2b75-d43e8877a7c9,2026-03-04T00:00:00Z/2026-03-05T00:00:00Z,2026-03-04T00:00:00Z,2026-03-05T00:00:00Z,AmazonEC2,BoxUsage:r5.xlarge,RunInstances,7.4568,2.324227,2.312591,Usage,us-east-1,,,prod
a6310d7c-f479-0188-4138-a223610ef2d0,2026-03-04T00:00:00Z/2026-03-05T00:00:00Z,2026-03-04T00:00:00Z,2026-03-05T00:00:00Z,AmazonEC2,BoxUsage:r5.xlarge,RunInstances,5.5052,2.387126,2.452145,Usage,us-east-1,,,prod
ff2a26d1-932b-7715-eec8-b9d18477cf73,2026-03-04T00:00:00Z/2026-03-05T00:00:00Z,2026-03-04T00:00:00Z,2026-03-05T00:00:00Z,AmazonEC2,BoxUsage:r5.xlarge,RunInstances,6.1992,2.629647,2.518085,Usage,us-east-1,,,prod
9e64c685-e272-be83-7a1f-e35de5988ef3,2026-03-04T00:00:00Z/2026-03-05T00:00:00Z,2026-03-04T00:00:00Z,2026-03-05T00:00:00Z,AmazonEC2,Other,RunInstances,16.4635,2.663506,2.741384,Usage,us-east-1,,,prod
f53ce8b5-b340-8b61-d01c-f88d880c7564,2026-03-04T00:00:00Z/2026-03-05T00:00:00Z,2026-03-04T00:00:00Z,2026-03-05T00:00:00Z,AmazonEC2,Other,RunInstances,1.2275,2.574562,2.654923,Usage,us-east-1,,,prod
6d1b7bb3-65d7-1bd5-5578-2572e8afbbc8,2026-03-04T00:00:00Z/2026-03-05T00:00:00Z,2026-03-04T00:00:00Z,2026-03-05T00:00:00Z,AmazonEC2,Other,RunInstances,16.9052,2.157504,2.083833,Usage,us-east-1,,,prod
f9ef44b3-8b6c-d786-5d48-0c93a7722911,2026-03-04T00:00:00Z/2026-03-05T00:00:00Z,2026-03-04T00:00:00Z,2026-03-05T00:00:00Z,AmazonEC2,Other,RunInstances,16.2434,2.416354,2.351994,Usage,us-east-1,,,prod
a189cfc7-0c9c-dde4-631a-da4395154035,2026-03-04T00:00:00Z/2026-03-05T00:00:00Z,2026-03-04T00:00:00Z,2026-03-05T00:00:00Z,AmazonEC2,Other,RunInstances,11.1695,2.516605,2.461363,Usage,us-east-1,,,prod
d76333e5-639b-cc77-136e-582050be0d5e,2026-03-04T00:00:00Z/2026-03-05T00:00:00Z,2026-03-04T00:00:00Z,2026-03-05T00:00:00Z,AmazonEC2,Other,RunInstances,18.5684,2.160473,2.221154,Usage,us-east-1,,,prod
fd571ad2-a3fb-ef38-2cc8-4a69d760501e,2026-03-04T00:00:00Z/2026-03-05T00:00:00Z,2026-03-04T00:00:00Z,2026-03-05T00:00:00Z,AmazonEC2,Other,RunInstances,21.5041,2.610821,2.508314,Usage,us-east-1,,,prod
8212e8fb-5b6e-c9fb-898f-e363d069d56c,2026-03-04T00:00:00Z/2026-03-05T00:00:00Z,2026-03-04T00:00:00Z,2026-03-05T00:00:00Z,AmazonEC2,Other,RunInstances,8.4599,2.478225,2.571031,Usage,us-east-1,,,prod
fe021d4e-19b5-2ec2-170a-3cc14ce5c25d,2026-03-04T00:00:00Z/2026-03-05T00:00:00Z,2026-03-04T00:00:00Z,2026-03-05T00:00:00Z,AmazonEC2,Other,RunInstances,21.1064,2.192744,2.251202,Usage,us-east-1,,,prod
16d3d962-a9a8-a161-acab-4d6266b52fe7,2026-03-04T00:00:00Z/2026-03-05T00:00:00Z,2026-03-04T00:00:00Z,2026-03-05T00:00:00Z,AmazonEC2,Other,RunInstances,7.3151,2.12717,2.073247,Usage,us-east-1,,,prod
91144414-476c-6f9f-d7d5-bd1d1716a6c1,2026-03-04T00:00:00Z/2026-03-05T00:00:00Z,2026-03-04T00:00:00Z,2026-03-05T00:00:00Z,AmazonEC2,BoxUsage:m5.large,RunInstances,13.7217,23.346068,22.4325,Usage,us-east-1,,,prod
745a8519-3255-faad-aabe-baf7f84febcf,2026-03-04T00:00:00Z/2026-03-05T00:00:00Z,2026-03-04T00:00:00Z,2026-03-05T00:00:00Z,AmazonEC2,BoxUsage:m5.large,RunInstances,13.7651,18.663356,19.023684,Usage,us-east-1,,,prod
1ee5f09f-b7cb-14ab-eca5-91d124224e46,2026-03-04T00:00:00Z/2026-03-05T00:00:00Z,2026-03-04T00:00:00Z,2026-03-05T00:00:00Z,AmazonEC2,BoxUsage:m5.large,RunInstances,11.4572,18.944314,19.591994,Usage,us-east-1,,,prod
6e0dc920-f8b1-459e-1e64-f621ddb6dff6,2026-03-04T00:00:00Z/2026-03-05T00:00:00Z,2026-03-04T00:00:00Z,2026-03-05T00:00:00Z,AmazonEC2,BoxUsage:m5.large,RunInstances,11.1155,22.434722,21.387461,Usage,us-east-1,,,prod
51e5c09e-dbbb-b1c3-61d9-77e9c727a939,2026-03-04T00:00:00Z/2026-03-05T00:00:00Z,2026-03-04T00:00:00Z,2026-03-05T00:00:00Z,AmazonEC2,BoxUsage:m5.large,RunInstances,17.1993,21.296803,20.408285,Usage,us-east-1,,,prod
2d9ed03f-bca5-044e-2eaa-69f313fcdb74,2026-03-04T00:00:00Z/2026-03-05T00:00:00Z,2026-03-04T00:00:00Z,2026-03-05T00:00:00Z,AmazonEC2,Other,RunInstances,10.5669,21.551449,21.11697,Usage,us-east-1,,,prod
cbbb3ab9-b5c6-9e45-3354-7cf7156efb27,2026-03-04T00:00:00Z/2026-03-05T00:00:00Z,2026-03-04T00:00:00Z,2026-03-05T00:00:00Z,AmazonEC2,Other,RunInstances,14.2156,21.075302,20.611612,Usage,us-east-1,,,prod
85076de1-4550-5ba2-7061-37af55d7f7b9,2026-03-04T00:00:00Z/2026-03-05T00:00:00Z,2026-03-04T00:00:00Z,2026-03-05T00:00:00Z,AmazonEC2,Other,RunInstances,18.2983,21.423806,20.92591,Usage,us-east-1,,,prod
34b1ee07-8c1b-f876-f088-4f380685a446,2026-03-04T00:00:00Z/2026-03-05T00:00:00Z,2026-03-04T00:00:00Z,2026-03-05T00:00:00Z,AmazonEC2,Other,RunInstances,17.2026,18.727046,19.183778,Usage,us-east-1,,,prod
1c035f06-fb01-6583-eac5-560eebae4beb,2026-03-04T00:00:00Z/2026-03-05T00:00:00Z,2026-03-04T00:00:00Z,2026-03-05T00:00:00Z,AmazonEC2,Other,RunInstances,16.5113,18.209717,17.577206,Usage,us-east-1,,,prod
e5d01b20-c723-1540-7a2a-79ed4c660e3d,2026-03-05T00:00:00Z/2026-03-06T00:00:00Z,2026-03-05T00:00:00Z,2026-03-06T00:00:00Z,AmazonEC2,BoxUsage:c5.xlarge,RunInstances,3.8668,2.49746,2.53956,Usage,us-east-1,,,prod
7ba038fc-3a92-9635-62a9-38b6822d01de,2026-03-05T00:00:00Z/2026-03-06T00:00:00Z,2026-03-05T00:00:00Z,2026-03-06T00:00:00Z,AmazonEC2,BoxUsage:c5.xlarge,RunInstances,4.8471,2.539096,2.511706,Usage,us-east-1,,,prod
5535324d-0328-7c78-cacf-6f49fd290633,2026-03-05T00:00:00Z/2026-03-06T00:00:00Z,2026-03-05T00:00:00Z,2026-03-06T00:00:00Z,AmazonEC2,BoxUsage:c5.xlarge,RunInstances,22.7793,2.082837,2.031544,Usage,us-east-1,,,prod
5823bf12-b7db-05b2-b5c1-c41469151aa6,2026-03-05T00:00:00Z/2026-03-06T00:00:00Z,2026-03-05T00:00:00Z,2026-03-06T00:00:00Z,AmazonEC2,BoxUsage:c5.xlarge,RunInstances,18.9498,2.448098,2.440628,Usage,us-east-1,,,prod
e1939082-e2bc-8085-ba8a-d690961e5e26,2026-03-05T00:00:00Z/2026-03-06T00:00:00Z,2026-03-05T00:00:00Z,2026-03-06T00:00:00Z,AmazonEC2,BoxUsage:c5.xlarge,RunInstances,21.961,2.03948,2.129236,Usage,us-east-1,,,prod
14ce1e45-c088-a140-fb0d-b12a364ac410,2026-03-05T00:00:00Z/2026-03-06T00:00:00Z,2026-03-05T00:00:00Z,2026-03-06T00:00:00Z,AmazonEC2,BoxUsage:r5.xlarge,RunInstances,12.2959,2.131693,2.117201,Usage,us-east-1,,,prod
0f6d6ba2-85d4-a56e-9b19-798a125098be,2026-03-05T00:00:00Z/2026-03-06T00:00:00Z,2026-03-05T00:00:00Z,2026-03-06T00:00:00Z,AmazonEC2,BoxUsage:r5.xlarge,RunInstances,8.0054,2.586514,2.461014,Usage,us-east-1,,,prod
83728b3b-784c-b6d8-41bf-c0693becfab1,2026-03-05T00:00:00Z/2026-03-06T00:00:00Z,2026-03-05T00:00:00Z,2026-03-06T00:00:00Z,AmazonEC2,BoxUsage:r5.xlarge,RunInstances,22.2306,2.608475,2.54621,Usage,us-east-1,,,prod
2bf7ee83-0ff3-5239-b597-a783d8664e0d,2026-03-05T00:00:00Z/2026-03-06T00:00:00Z,2026-03-05T00:00:00Z,2026-03-06T00:00:00Z,AmazonEC2,BoxUsage:r5.xlarge,RunInstances,3.6748,2.686865,2.725286,Usage,us-east-1,,,prod
5a0786cf-1de5-006b-9a72-f6ed1d514677,2026-03-05T00:00:00Z/2026-03-06T00:00:00Z,2026-03-05T00:00:00Z,2026-03-06T00:00:00Z,AmazonEC2,BoxUsage:r5.xlarge,RunInstances,23.5385,2.038753,2.082569,Usage,us-east-1,,,prod
500e1ac6-1513-6100-fab2-d0edf2f9505e,2026-03-05T00:00:00Z/2026-03-06T00:00:00Z,2026-03-05T00:00:00Z,2026-03-06T00:00:00Z,AmazonEC2,Other,RunInstances,6.4498,2.497392,2.532813,Usage,us-east-1,,,prod
af275f6e-176c-3132-854f-19d4a25a8004,2026-03-05T00:00:00Z/2026-03-06T00:00:00Z,2026-03-05T00:00:00Z,2026-03-06T00:00:00Z,AmazonEC2,Other,RunInstances,1.5603,2.134191,2.086868,Usage,us-east-1,,,prod
ce6358cb-5fb5-732a-baaa-36ca0afe8b9e,2026-03-05T00:00:00Z/2026-03-06T00:00:00Z,2026-03-05T00:00:00Z,2026-03-06T00:00:00Z,AmazonEC2,Other,RunInstances,19.1565,2.333263,2.268975,Usage,us-east-1,,,prod
ad9b3783-a1a9-5b56-5155-a0c34371f180,2026-03-05T00:00:00Z/2026-03-06T00:00:00Z,2026-03-05T00:00:00Z,2026-03-06T00:00:00Z,AmazonEC2,Other,RunInstances,19.6187,2.038773,2.069465,Usage,us-east-1,,,prod
3d5735bd-b50a-f9f8-3014-248398e9a1a6,2026-03-05T00:00:00Z/2026-03-06T00:00:00Z,2026-03-05T00:00:00Z,2026-03-06T00:00:00Z,AmazonEC2,Other,RunInstances,13.1979,2.486607,2.401874,Usage,us-east-1,,,prod
d8f53353-c6dd-899f-1fd9-06da1b13fd56,2026-03-05T00:00:00Z/2026-03-06T00:00:00Z,2026-03-05T00:00:00Z,2026-03-06T00:00:00Z,AmazonEC2,Other,RunInstances,15.7791,2.394708,2.367453,Usage,us-east-1,,,prod
71613fcd-65a9-84a6-b815-7309a8843090,2026-03-05T00:00:00Z/2026-03-06T00:00:00Z,2026-03-05T00:00:00Z,2026-03-06T00:00:00Z,AmazonEC2,Other,RunInstances,5.0898,2.300613,2.235899,Usage,us-east-1,,,prod
a2aff434-727b-6b8e-8882-1b0bf04efcc0,2026-03-05T00:00:00Z/2026-03-06T00:00:00Z,2026-03-05T00:00:00Z,2026-03-06T00:00:00Z,AmazonEC2,Other,RunInstances,3.7879,2.01243,2.046525,Usage,us-east-1,,,prod
3ccbbbc3-0b5f-57d8-abab-fc237eae3ad4,2026-03-05T00:00:00Z/2026-03-06T00:00:00Z,2026-03-05T00:00:00Z,2026-03-06T00:00:00Z,AmazonEC2,Other,RunInstances,20.5122,2.313118,2.384191,Usage,us-east-1,,,prod
3bcaccaf-d3b7-fee9-ec9c-6ffaa634c8ce,2026-03-05T00:00:00Z/2026-03-06T00:00:00Z,2026-03-05T00:00:00Z,2026-03-06T00:00:00Z,AmazonEC2,Other,RunInstances,22.6716,2.672723,2.768971,Usage,us-east-1,,,prod
89cc7890-1175-9ec9-3042-44b52b265061,2026-03-05T00:00:00Z/2026-03-06T00:00:00Z,2026-03-05T00:00:00Z,2026-03-06T00:00:00Z,AmazonEC2,BoxUsage:m5.large,RunInstances,12.6806,20.840759,21.377697,Usage,us-east-1,,,prod
dd429b5a-dbd2-0825-877b-51fa1c58d331,2026-03-05T00:00:00Z/2026-03-06T00:00:00Z,2026-03-05T00:00:00Z,2026-03-06T00:00:00Z,AmazonEC2,BoxUsage:m5.large,RunInstances,13.8074,18.271527,17.776889,Usage,us-east-1,,,prod
05c4f7f2-d8bf-a2c7-2a6f-eb424cb62df9,2026-03-05T00:00:00Z/2026-03-06T00:00:00Z,2026-03-05T00:00:00Z,2026-03-06T00:00:00Z,AmazonEC2,BoxUsage:m5.large,RunInstances,10.1348,18.234268,18.357702,Usage,us-east-1,,,prod
2e4df136-9ff8-db54-a8a6-fb817ec255de,2026-03-05T00:00:00Z/2026-03-06T00:00:00Z,2026-03-05T00:00:00Z,2026-03-06T00:00:00Z,AmazonEC2,BoxUsage:m5.large,RunInstances,20.2993,22.466709,21.649026,Usage,us-east-1,,,prod
3f83c8c7-1b01-9ed0-a6fc-92b39e291192,2026-03-05T00:00:00Z/2026-03-06T00:00:00Z,2026-03-05T00:00:00Z,2026-03-06T00:00:00Z,AmazonEC2,BoxUsage:m5.large,RunInstances,7.0617,19.487504,18.802521,Usage,us-east-1,,,prod
eab6e7e1-8e0b-5ab0-61af-916937161ad6,2026-03-05T00:00:00Z/2026-03-06T00:00:00Z,2026-03-05T00:00:00Z,2026-03-06T00:00:00Z,AmazonEC2,Other,RunInstances,8.3174,19.651271,19.595429,Usage,us-east-1,,,prod
c9e4fb86-d079-1269-d13b-2e390534f988,2026-03-05T00:00:00Z/2026-03-06T00:00:00Z,2026-03-05T00:00:00Z,2026-03-06T00:00:00Z,AmazonEC2,Other,RunInstances,12.8127,23.466657,24.366861,Usage,us-east-1,,,prod
b132adda-e6d4-8320-282e-ca71ac6717d4,2026-03-05T00:00:00Z/2026-03-06T00:00:00Z,2026-03-05T00:00:00Z,2026-03-06T00:00:00Z,AmazonEC2,Other,RunInstances,19.3803,20.608507,21.069896,Usage,us-east-1,,,prod
c20f7a3c-bcb2-f132-bc9b-a4678725e16e,2026-03-05T00:00:00Z/2026-03-06T00:00:00Z,2026-03-05T00:00:00Z,2026-03-06T00:00:00Z,AmazonEC2,Other,RunInstances,5.6538,22.553515,23.521728,Usage,us-east-1,,,prod
7492b4d7-1d6b-22c4-a7d7-c006acf5b9ec,2026-03-05T00:00:00Z/2026-03-06T00:00:00Z,2026-03-05T00:00:00Z,2026-03-06T00:00:00Z,AmazonEC2,Other,RunInstances,7.3528,18.895797,19.119056,Usage,us-east-1,,,prod
1644340e-1ca2-ed98-3ec8-20a7d46f234f,2026-03-06T00:00:00Z/2026-03-07T00:00:00Z,2026-03-06T00:00:00Z,2026-03-07T00:00:00Z,AmazonEC2,BoxUsage:c5.xlarge,RunInstances,16.0591,2.606432,2.514972,Usage,us-east-1,,,prod
449a5928-c052-27e6-989f-8f12bcb90cda,2026-03-06T00:00:00Z/2026-03-07T00:00:00Z,2026-03-06T00:00:00Z,2026-03-07T00:00:00Z,AmazonEC2,BoxUsage:c5.xlarge,RunInstances,17.2289,2.531742,2.657386,Usage,us-east-1,,,prod
39bb05e9-8160-9e88-8adb-5560beb7b581,2026-03-06T00:00:00Z/2026-03-07T00:00:00Z,2026-03-06T00:00:00Z,2026-03-07T00:00:00Z,AmazonEC2,BoxUsage:c5.xlarge,RunInstances,7.9071,2.278949,2.226951,Usage,us-east-1,,,prod
621709a4-6f5d-206c-cf2b-e801b8237e2a,2026-03-06T00:00:00Z/2026-03-07T00:00:00Z,2026-03-06T00:00:00Z,2026-03-07T00:00:00Z,AmazonEC2,BoxUsage:c5.xlarge,RunInstances,5.1799,2.479945,2.527708,Usage,us-east-1,,,prod
c885e19b-7537-5a0f-3744-7601345c78e1,2026-03-06T00:00:00Z/2026-03-07T00:00:00Z,2026-03-06T00:00:00Z,2026-03-07T00:00:00Z,AmazonEC2,BoxUsage:c5.xlarge,RunInstances,8.4301,2.025775,2.058729,Usage,us-east-1,,,prod
b8804aff-9aec-8104-60df-ddcf72d8726a,2026-03-06T00:00:00Z/2026-03-07T00:00:00Z,2026-03-06T00:00:00Z,2026-03-07T00:00:00Z,AmazonEC2,BoxUsage:r5.xlarge,RunInstances,23.7821,2.513203,2.42705,Usage,us-east-1,,,prod
05b1ac29-b445-42a9-6ff5-2fe6f06d0c8a,2026-03-06T00:00:00Z/2026-03-07T00:00:00Z,2026-03-06T00:00:00Z,2026-03-07T00:00:00Z,AmazonEC2,BoxUsage:r5.xlarge,RunInstances,13.1608,2.366306,2.410434,Usage,us-east-1,,,prod
2c51a759-1d00-ebe5-1c07-c9a621d36642,2026-03-06T00:00:00Z/2026-03-07T00:00:00Z,2026-03-06T00:00:00Z,2026-03-07T00:00:00Z,AmazonEC2,BoxUsage:r5.xlarge,RunInstances,2.1852,2.687158,2.777829,Usage,us-east-1,,,prod
ca5f40f3-c1ef-d29c-c169-700c26ad2017,2026-03-06T00:00:00Z/2026-03-07T00:00:00Z,2026-03-06T00:00:00Z,2026-03-07T00:00:00Z,AmazonEC2,BoxUsage:r5.xlarge,RunInstances,20.4852,2.545936,2.545904,Usage,us-east-1,,,prod
e3b2c5cb-f742-464e-0671-29589d054334,2026-03-06T00:00:00Z/2026-03-07T00:00:00Z,2026-03-06T00:00:00Z,2026-03-07T00:00:00Z,AmazonEC2,BoxUsage:r5.xlarge,RunInstances,23.0848,2.367645,2.370927,Usage,us-east-1,,,prod
e223470f-6223-4990-8744-68c8ab1779af,2026-03-06T00:00:00Z/2026-03-07T00:00:00Z,2026-03-06T00:00:00Z,2026-03-07T00:00:00Z,AmazonEC2,Other,RunInstances,17.2666,2.547205,2.559713,Usage,us-east-1,,,prod
0b48eb7f-7e1a-9d4f-f89e-83f6e8895c01,2026-03-06T00:00:00Z/2026-03-07T00:00:00Z,2026-03-06T00:00:00Z,2026-03-07T00:00:00Z,AmazonEC2,Other,RunInstances,1.5745,2.178141,2.13897,Usage,us-east-1,,,prod
a27fb12e-8f36-3c6f-4147-919409394868,2026-03-06T00:00:00Z/2026-03-07T00:00:00Z,2026-03-06T00:00:00Z,2026-03-07T00:00:00Z,AmazonEC2,Other,RunInstances,14.5548,2.244936,2.239872,Usage,us-east-1,,,prod
28b7c9e1-93ff-a7cc-cc7d-8bd67bc2afce,2026-03-06T00:00:00Z/2026-03-07T00:00:00Z,2026-03-06T00:00:00Z,2026-03-07T00:00:00Z,AmazonEC2,Other,RunInstances,16.0707,2.585853,2.69619,Usage,us-east-1,,,prod
ed966231-04ef-0cbd-1948-3d53d76674e4,2026-03-06T00:00:00Z/2026-03-07T00:00:00Z,2026-03-06T00:00:00Z,2026-03-07T00:00:00Z,AmazonEC2,Other,RunInstances,11.7301,2.669743,2.747556,Usage,us-east-1,,,prod
12ca1b1a-89e2-a355-2694-2c64e6ad52ce,2026-03-06T00:00:00Z/2026-03-07T00:00:00Z,2026-03-06T00:00:00Z,2026-03-07T00:00:00Z,AmazonEC2,Other,RunInstances,2.3168,2.016507,2.072478,Usage,us-east-1,,,prod
e5884d52-50a5-7ab2-5237-08b1e756c601,2026-03-06T00:00:00Z/2026-03-07T00:00:00Z,2026-03-06T00:00:00Z,2026-03-07T00:00:00Z,AmazonEC2,Other,RunInstances,2.9273,2.533472,2.426084,Usage,us-east-1,,,prod
a3fdf8c1-9c24-8018-03fb-35a1636241de,2026-03-06T00:00:00Z/2026-03-07T00:00:00Z,2026-03-06T00:00:00Z,2026-03-07T00:00:00Z,AmazonEC2,Other,RunInstances,7.9416,2.34792,2.361506,Usage,us-east-1,,,prod
0106351b-b148-9a0d-09e6-f4b45c5ceb44,2026-03-06T00:00:00Z/2026-03-07T00:00:00Z,2026-03-06T00:00:00Z,2026-03-07T00:00:00Z,AmazonEC2,Other,RunInstances,22.1818,2.377813,2.403476,Usage,us-east-1,,,prod
7ab95981-d288-b4e7-e78c-c2b48d1b900c,2026-03-06T00:00:00Z/2026-03-07T00:00:00Z,2026-03-06T00:00:00Z,2026-03-07T00:00:00Z,AmazonEC2,Other,RunInstances,23.6195,2.345926,2.33692,Usage,us-east-1,,,prod
020475b4-fff8-cebf-035d-1a34284b9109,2026-03-06T00:00:00Z/2026-03-07T00:00:00Z,2026-03-06T00:00:00Z,2026-03-07T00:00:00Z,AmazonEC2,BoxUsage:m5.large,RunInstances,8.9293,21.266619,21.545581,Usage,us-east-1,,,prod
60f2fea6-c691-210c-ce22-e721d448f9d6,2026-03-06T00:00:00Z/2026-03-07T00:00:00Z,2026-03-06T00:00:00Z,2026-03-07T00:00:00Z,AmazonEC2,BoxUsage:m5.large,RunInstances,15.639,18.659937,18.864058,Usage,us-east-1,,,prod
c95b2d94-73dc-e545-a1ed-c8809d4b82ba,2026-03-06T00:00:00Z/2026-03-07T00:00:00Z,2026-03-06T00:00:00Z,2026-03-07T00:00:00Z,AmazonEC2,BoxUsage:m5.large,RunInstances,8.1187,21.754114,21.574513,Usage,us-east-1,,,prod
48dd6dce-3fea-6f28-7129-a1c12986f4f1,2026-03-06T00:00:00Z/2026-03-07T00:00:00Z,2026-03-06T00:00:00Z,2026-03-07T00:00:00Z,AmazonEC2,BoxUsage:m5.large,RunInstances,1.8134,22.924233,22.132624,Usage,us-east-1,,,prod
d662f985-e304-d797-de92-3574f3c1b185,2026-03-06T00:00:00Z/2026-03-07T00:00:00Z,2026-03-06T00:00:00Z,2026-03-07T00:00:00Z,AmazonEC2,BoxUsage:m5.large,RunInstances,19.4256,20.544335,19.59605,Usage,us-east-1,,,prod
48c9df4e-4423-216d-12b3-9c0174890b3b,2026-03-06T00:00:00Z/2026-03-07T00:00:00Z,2026-03-06T00:00:00Z,2026-03-07T00:00:00Z,AmazonEC2,Other,RunInstances,7.852,23.361501,22.555751,Usage,us-east-1,,,prod
f66a97f7-a1f7-6cc2-9033-9d7ede9a3a10,2026-03-06T00:00:00Z/2026-03-07T00:00:00Z,2026-03-06T00:00:00Z,2026-03-07T00:00:00Z,AmazonEC2,Other,RunInstances,1.7824,19.170346,18.297605,Usage,us-east-1,,,prod
b9f5e329-2fe6-c6f3-5485-e0e0c66c6857,2026-03-06T00:00:00Z/2026-03-07T00:00:00Z,2026-03-06T00:00:00Z,2026-03-07T00:00:00Z,AmazonEC2,Other,RunInstances,21.5261,17.968694,17.522259,Usage,us-east-1,,,prod
2e082e85-1776-d0ad-c4ad-6d0fd4adb5ee,2026-03-06T00:00:00Z/2026-03-07T00:00:00Z,2026-03-06T00:00:00Z,2026-03-07T00:00:00Z,AmazonEC2,Other,RunInstances,7.3509,17.704237,17.442607,Usage,us-east-1,,,prod
3d64e557-d51a-9857-570e-5c91839fb733,2026-03-06T00:00:00Z/2026-03-07T00:00:00Z,2026-03-06T00:00:00Z,2026-03-07T00:00:00Z,AmazonEC2,Other,RunInstances,19.1065,21.057971,21.845488,Usage,us-east-1,,,prod
50b1a111-bc69-faa8-1ab3-6895cc1ebaa5,2026-03-07T00:00:00Z/2026-03-08T00:00:00Z,2026-03-07T00:00:00Z,2026-03-08T00:00:00Z,AmazonEC2,BoxUsage:c5.xlarge,RunInstances,9.6315,2.004371,2.048064,Usage,us-east-1,,,prod
ee249922-38aa-d32b-1e5d-35bb9969a572,2026-03-07T00:00:00Z/2026-03-08T00:00:00Z,2026-03-07T00:00:00Z,2026-03-08T00:00:00Z,AmazonEC2,BoxUsage:c5.xlarge,RunInstances,11.3002,1.996201,1.935386,Usage,us-east-1,,,prod
e7092d14-7373-3028-425a-aec7e85c7873,2026-03-07T00:00:00Z/2026-03-08T00:00:00Z,2026-03-07T00:00:00Z,2026-03-08T00:00:00Z,AmazonEC2,BoxUsage:c5.xlarge,RunInstances,11.0256,2.464071,2.46786,Usage,us-east-1,,,prod
d479c7ea-8a88-47ba-655e-6fee9b3fbafe,2026-03-07T00:00:00Z/2026-03-08T00:00:00Z,2026-03-07T00:00:00Z,2026-03-08T00:00:00Z,AmazonEC2,BoxUsage:c5.xlarge,RunInstances,16.9424,2.23142,2.216765,Usage,us-east-1,,,prod
987c93e4-6177-32bd-092d-48431b54c69a,2026-03-07T00:00:00Z/2026-03-08T00:00:00Z,2026-03-07T00:00:00Z,2026-03-08T00:00:00Z,AmazonEC2,BoxUsage:c5.xlarge,RunInstances,4.7834,2.48157,2.584512,Usage,us-east-1,,,prod
cde3d7fc-cae7-3770-fa13-67289163c57a,2026-03-07T00:00:00Z/2026-03-08T00:00:00Z,2026-03-07T00:00:00Z,2026-03-08T00:00:00Z,AmazonEC2,BoxUsage:r5.xlarge,RunInstances,23.0006,2.384731,2.459319,Usage,us-east-1,,,prod
f2185da3-3dbe-f9c3-e20a-7b813ea3646e,2026-03-07T00:00:00Z/2026-03-08T00:00:00Z,2026-03-07T00:00:00Z,2026-03-08T00:00:00Z,AmazonEC2,BoxUsage:r5.xlarge,RunInstances,20.1623,2.679735,2.627206,Usage,us-east-1,,,prod
55f33cab-3618-2659-3474-c344c52175e6,2026-03-07T00:00:00Z/2026-03-08T00:00:00Z,2026-03-07T00:00:00Z,2026-03-08T00:00:00Z,AmazonEC2,BoxUsage:r5.xlarge,RunInstances,14.721,2.642627,2.674216,Usage,us-east-1,,,prod
b83d7c37-ba1d-6a2b-af3e-d1a097ddce2b,2026-03-07T00:00:00Z/2026-03-08T00:00:00Z,2026-03-07T00:00:00Z,2026-03-08T00:00:00Z,AmazonEC2,BoxUsage:r5.xlarge,RunInstances,8.5856,2.197259,2.098596,Usage,us-east-1,,,prod
856ce641-e36c-2bdb-6020-0edf5b5eea92,2026-03-07T00:00:00Z/2026-03-08T00:00:00Z,2026-03-07T00:00:00Z,2026-03-08T00:00:00Z,AmazonEC2,BoxUsage:r5.xlarge,RunInstances,3.6455,2.617774,2.649493,Usage,us-east-1,,,prod
c0a0448e-db4b-ae6f-82bc-1f07f645b7ab,2026-03-07T00:00:00Z/2026-03-08T00:00:00Z,2026-03-07T00:00:00Z,2026-03-08T00:00:00Z,AmazonEC2,Other,RunInstances,11.6532,2.241685,2.253326,Usage,us-east-1,,,prod
9e4a5ef2-28f6-9837-3389-28e43fa603a5,2026-03-07T00:00:00Z/2026-03-08T00:00:00Z,2026-03-07T00:00:00Z,2026-03-08T00:00:00Z,AmazonEC2,Other,RunInstances,21.6388,2.144144,2.067107,Usage,us-east-1,,,prod
78a82158-f819-9fcf-23e7-e38c4c0a6bb6,2026-03-07T00:00:00Z/2026-03-08T00:00:00Z,2026-03-07T00:00:00Z,2026-03-08T00:00:00Z,AmazonEC2,Other,RunInstances,1.3146,2.598698,2.475207,Usage,us-east-1,,,prod
880e65ab-33a8-dcdf-802d-ae450d358e73,2026-03-07T00:00:00Z/2026-03-08T00:00:00Z,2026-03-07T00:00:00Z,2026-03-08T00:00:00Z,AmazonEC2,Other,RunInstances,3.8988,2.224002,2.118397,Usage,us-east-1,,,prod
4e7e19ed-1058-2fe9-eb8c-1d26218045ed,2026-03-07T00:00:00Z/2026-03-08T00:00:00Z,2026-03-07T00:00:00Z,2026-03-08T00:00:00Z,AmazonEC2,Other,RunInstances,17.106,2.653073,2.776723,Usage,us-east-1,,,prod
914595cb-ea13-aec2-01a1-d73332410077,2026-03-07T00:00:00Z/2026-03-08T00:00:00Z,2026-03-07T00:00:00Z,2026-03-08T00:00:00Z,AmazonEC2,Other,RunInstances,7.5377,2.257593,2.365216,Usage,us-east-1,,,prod
686e26e6-e865-9121-99b9-7e1366e51b83,2026-03-07T00:00:00Z/2026-03-08T00:00:00Z,2026-03-07T00:00:00Z,2026-03-08T00:00:00Z,AmazonEC2,Other,RunInstances,14.5459,2.564706,2.607318,Usage,us-east-1,,,prod
fac3d0f5-ab17-9b80-81ba-0238984e6daf,2026-03-07T00:00:00Z/2026-03-08T00:00:00Z,2026-03-07T00:00:00Z,2026-03-08T00:00:00Z,AmazonEC2,Other,RunInstances,15.6175,2.543249,2.536985,Usage,us-east-1,,,prod
cc589cfe-dba9-acad-9e9e-2057c13c97e9,2026-03-07T00:00:00Z/2026-03-08T00:00:00Z,2026-03-07T00:00:00Z,2026-03-08T00:00:00Z,AmazonEC2,Other,RunInstances,1.1462,2.198064,2.17238,Usage,us-east-1,,,prod
5c613944-af66-5e4a-3681-cb03478c806c,2026-03-07T00:00:00Z/2026-03-08T00:00:00Z,2026-03-07T00:00:00Z,2026-03-08T00:00:00Z,AmazonEC2,Other,RunInstances,9.2409,2.094357,2.070397,Usage,us-east-1,,,prod
7daba6fd-bb93-cd6f-6157-0205011c7c14,2026-03-07T00:00:00Z/2026-03-08T00:00:00Z,2026-03-07T00:00:00Z,2026-03-08T00:00:00Z,AmazonEC2,BoxUsage:m5.large,RunInstances,9.2783,23.182873,24.171997,Usage,us-east-1,,,prod
a455c233-ab5e-1e12-3bdb-d1018ad19caf,2026-03-07T00:00:00Z/2026-03-08T00:00:00Z,2026-03-07T00:00:00Z,2026-03-08T00:00:00Z,AmazonEC2,BoxUsage:m5.large,RunInstances,10.4434,23.762389,24.597321,Usage,us-east-1,,,prod
c00aca12-a96c-2078-7f4b-d4b4cc23880d,2026-03-07T00:00:00Z/2026-03-08T00:00:00Z,2026-03-07T00:00:00Z,2026-03-08T00:00:00Z,AmazonEC2,BoxUsage:m5.large,RunInstances,13.1365,23.721729,24.489032,Usage,us-east-1,,,prod
85086467-d745-ce61-79da-242d08a5d941,2026-03-07T00:00:00Z/2026-03-08T00:00:00Z,2026-03-07T00:00:00Z,2026-03-08T00:00:00Z,AmazonEC2,BoxUsage:m5.large,RunInstances,17.5407,18.585041,17.752561,Usage,us-east-1,,,prod
b8545e5d-dfa2-2b4e-006c-d70ef5239021,2026-03-07T00:00:00Z/2026-03-08T00:00:00Z,2026-03-07T00:00:00Z,2026-03-08T00:00:00Z,AmazonEC2,BoxUsage:m5.large,RunInstances,17.6734,20.412351,21.412801,Usage,us-east-1,,,prod
8903e956-4420-b5ee-48ec-aeb714ded8d4,2026-03-07T00:00:00Z/2026-03-08T00:00:00Z,2026-03-07T00:00:00Z,2026-03-08T00:00:00Z,AmazonEC2,Other,RunInstances,21.1421,22.547999,21.884788,Usage,us-east-1,,,prod
b8e4062e-0661-0513-211c-e9d6cb019269,2026-03-07T00:00:00Z/2026-03-08T00:00:00Z,2026-03-07T00:00:00Z,2026-03-08T00:00:00Z,AmazonEC2,Other,RunInstances,16.3424,21.678623,22.616124,Usage,us-east-1,,,prod
d8de4985-4492-e3ba-f70c-fc2fcb6255b4,2026-03-07T00:00:00Z/2026-03-08T00:00:00Z,2026-03-07T00:00:00Z,2026-03-08T00:00:00Z,AmazonEC2,Other,RunInstances,3.9036,19.693664,19.805869,Usage,us-east-1,,,prod
a5aa3551-1985-320b-3898-5a074ceb2880,2026-03-07T00:00:00Z/2026-03-08T00:00:00Z,2026-03-07T00:00:00Z,2026-03-08T00:00:00Z,AmazonEC2,Other,RunInstances,7.8774,19.252712,20.174291,Usage,us-east-1,,,prod
54324036-0661-d6e1-1745-990fc9e54183,2026-03-07T00:00:00Z/2026-03-08T00:00:00Z,2026-03-07T00:00:00Z,2026-03-08T00:00:00Z,AmazonEC2,Other,RunInstances,10.5908,20.003802,20.726388,Usage,us-east-1,,,prod
26877096-1b31-1f29-04c1-eb45e24eebf9,2026-03-08T00:00:00Z/2026-03-09T00:00:00Z,2026-03-08T00:00:00Z,2026-03-09T00:00:00Z,AmazonEC2,BoxUsage:c5.xlarge,RunInstances,20.8776,2.575588,2.605207,Usage,us-east-1,,,prod
e6889065-70cc-a889-a778-8d8e6804252c,2026-03-08T00:00:00Z/2026-03-09T00:00:00Z,2026-03-08T00:00:00Z,2026-03-09T00:00:00Z,AmazonEC2,BoxUsage:c5.xlarge,RunInstances,3.1256,2.154771,2.204656,Usage,us-east-1,,,prod
c5072664-ef7c-fe41-c618-af73c4d7f52e,2026-03-08T00:00:00Z/2026-03-09T00:00:00Z,2026-03-08T00:00:00Z,2026-03-09T00:00:00Z,AmazonEC2,BoxUsage:c5.xlarge,RunInstances,23.8269,2.563518,2.550092,Usage,us-east-1,,,prod
d16fceaf-56cc-e278-10f8-39767ef71c1d,2026-03-08T00:00:00Z/2026-03-09T00:00:00Z,2026-03-08T00:00:00Z,2026-03-09T00:00:00Z,AmazonEC2,BoxUsage:c5.xlarge,RunInstances,1.5073,1.997693,2.021701,Usage,us-east-1,,,prod
d36fd4e4-8c0e-301a-dae7-829f445bed40,2026-03-08T00:00:00Z/2026-03-09T00:00:00Z,2026-03-08T00:00:00Z,2026-03-09T00:00:00Z,AmazonEC2,BoxUsage:c5.xlarge,RunInstances,20.1841,2.260559,2.338705,Usage,us-east-1,,,prod
7cb3914e-36fb-faf7-13a7-dc0df27316c3,2026-03-08T00:00:00Z/2026-03-09T00:00:00Z,2026-03-08T00:00:00Z,2026-03-09T00:00:00Z,AmazonEC2,BoxUsage:r5.xlarge,RunInstances,10.1971,2.157741,2.209715,Usage,us-east-1,,,prod
84d85727-2654-0a35-8673-2a64652cd4fb,2026-03-08T00:00:00Z/2026-03-09T00:00:00Z,2026-03-08T00:00:00Z,2026-03-09T00:00:00Z,AmazonEC2,BoxUsage:r5.xlarge,RunInstances,16.5285,2.194957,2.130655,Usage,us-east-1,,,prod
25d526a1-2797-4fb2-929f-14df3a2bb7c9,2026-03-08T00:00:00Z/2026-03-09T00:00:00Z,2026-03-08T00:00:00Z,2026-03-09T00:00:00Z,AmazonEC2,BoxUsage:r5.xlarge,RunInstances,3.8294,1.987776,2.045419,Usage,us-east-1,,,prod
f8c85cb1-ac42-7671-f541-713735c58a61,2026-03-08T00:00:00Z/2026-03-09T00:00:00Z,2026-03-08T00:00:00Z,2026-03-09T00:00:00Z,AmazonEC2,BoxUsage:r5.xlarge,RunInstances,12.0491,2.440789,2.558727,Usage,us-east-1,,,prod
b59598b3-160e-b324-2cdf-625f80548df6,2026-03-08T00:00:00Z/2026-03-09T00:00:00Z,2026-03-08T00:00:00Z,2026-03-09T00:00:00Z,AmazonEC2,BoxUsage:r5.xlarge,RunInstances,18.1453,2.416975,2.37058,Usage,us-east-1,,,prod
3b169ded-157d-6b75-8fba-f451bd2d1607,2026-03-08T00:00:00Z/2026-03-09T00:00:00Z,2026-03-08T00:00:00Z,2026-03-09T00:00:00Z,AmazonEC2,Other,RunInstances,18.654,2.534059,2.627165,Usage,us-east-1,,,prod
66de5e2c-d591-763c-3a31-4c0f15eae859,2026-03-08T00:00:00Z/2026-03-09T00:00:00Z,2026-03-08T00:00:00Z,2026-03-09T00:00:00Z,AmazonEC2,Other,RunInstances,5.9103,2.457204,2.570346,Usage,us-east-1,,,prod
9bb10874-d3e9-1d24-a01e-ebf0c71e53e9,2026-03-08T00:00:00Z/2026-03-09T00:00:00Z,2026-03-08T00:00:00Z,2026-03-09T00:00:00Z,AmazonEC2,Other,RunInstances,19.0839,2.609619,2.552051,Usage,us-east-1,,,prod
b65a4bf9-2425-4a6f-182f-f891d37f8c2d,2026-03-08T00:00:00Z/2026-03-09T00:00:00Z,2026-03-08T00:00:00Z,2026-03-09T00:00:00Z,AmazonEC2,Other,RunInstances,14.4517,2.081208,2.040018,Usage,us-east-1,,,prod
a7fd23f6-d3f7-26c6-f3fb-47c4716bdd32,2026-03-08T00:00:00Z/2026-03-09T00:00:00Z,2026-03-08T00:00:00Z,2026-03-09T00:00:00Z,AmazonEC2,Other,RunInstances,23.1414,2.670994,2.661216,Usage,us-east-1,,,prod
cef8b196-5faf-b2b1-4320-ac5b65278d05,2026-03-08T00:00:00Z/2026-03-09T00:00:00Z,2026-03-08T00:00:00Z,2026-03-09T00:00:00Z,AmazonEC2,Other,RunInstances,23.7189,2.14969,2.115616,Usage,us-east-1,,,prod
192a06cd-6977-1d3f-10a9-34939295a799,2026-03-08T00:00:00Z/2026-03-09T00:00:00Z,2026-03-08T00:00:00Z,2026-03-09T00:00:00Z,AmazonEC2,Other,RunInstances,4.444,2.243857,2.156483,Usage,us-east-1,,,prod
e4c1460c-0612-6890-c842-9d45d4f11500,2026-03-08T00:00:00Z/2026-03-09T00:00:00Z,2026-03-08T00:00:00Z,2026-03-09T00:00:00Z,AmazonEC2,Other,RunInstances,10.3741,2.160034,2.162401,Usage,us-east-1,,,prod
c4e8119b-6a7a-b104-9ff1-bffa21156b11,2026-03-08T00:00:00Z/2026-03-09T00:00:00Z,2026-03-08T00:00:00Z,2026-03-09T00:00:00Z,AmazonEC2,Other,RunInstances,22.521,2.438471,2.476845,Usage,us-east-1,,,prod
fb04c9ab-86f3-8667-cc5a-45fc71b0b52d,2026-03-08T00:00:00Z/2026-03-09T00:00:00Z,2026-03-08T00:00:00Z,2026-03-09T00:00:00Z,AmazonEC2,Other,RunInstances,8.1103,2.288953,2.323333,Usage,us-east-1,,,prod
cc4440ae-5cb6-cc72-a95c-12b63f86669f,2026-03-08T00:00:00Z/2026-03-09T00:00:00Z,2026-03-08T00:00:00Z,2026-03-09T00:00:00Z,AmazonEC2,BoxUsage:m5.large,RunInstances,22.1338,21.087197,20.64478,Usage,us-east-1,,,prod
dce30328-bbb1-5ae6-8ff5-c5d2ffefa522,2026-03-08T00:00:00Z/2026-03-09T00:00:00Z,2026-03-08T00:00:00Z,2026-03-09T00:00:00Z,AmazonEC2,BoxUsage:m5.large,RunInstances,13.8901,18.453789,18.603065,Usage,us-east-1,,,prod
12d58919-df88-9f7a-ff73-dc8fbc6b33e8,2026-03-08T00:00:00Z/2026-03-09T00:00:00Z,2026-03-08T00:00:00Z,2026-03-09T00:00:00Z,AmazonEC2,BoxUsage:m5.large,RunInstances,21.764,20.167198,19.538155,Usage,us-east-1,,,prod
f985ba77-caaf-4d52-02ba-2db49f53d33c,2026-03-08T00:00:00Z/2026-03-09T00:00:00Z,2026-03-08T00:00:00Z,2026-03-09T00:00:00Z,AmazonEC2,BoxUsage:m5.large,RunInstances,11.4376,18.225142,18.043649,Usage,us-east-1,,,prod
e759d878-9cdb-4288-f3dc-ba68db570312,2026-03-08T00:00:00Z/2026-03-09T00:00:00Z,2026-03-08T00:00:00Z,2026-03-09T00:00:00Z,AmazonEC2,BoxUsage:m5.large,RunInstances,23.4338,21.084728,21.046186,Usage,us-east-1,,,prod
c5c1fe96-94ac-2bc7-bbb4-37201870cf8c,2026-03-08T00:00:00Z/2026-03-09T00:00:00Z,2026-03-08T00:00:00Z,2026-03-09T00:00:00Z,AmazonEC2,Other,RunInstances,4.9801,23.253153,22.968191,Usage,us-east-1,,,prod
9f5adc76-b0fe-e7b1-d463-a9486f9cbe98,2026-03-08T00:00:00Z/2026-03-09T00:00:00Z,2026-03-08T00:00:00Z,2026-03-09T00:00:00Z,AmazonEC2,Other,RunInstances,11.6675,23.196455,22.092728,Usage,us-east-1,,,prod
f6e00b2b-bb20-206a-f19c-26bfd6b3b331,2026-03-08T00:00:00Z/2026-03-09T00:00:00Z,2026-03-08T00:00:00Z,2026-03-09T00:00:00Z,AmazonEC2,Other,RunInstances,22.9405,18.506065,19.229344,Usage,us-east-1,,,prod
3c7f57eb-bc9a-d569-e3b6-a572258f9ba3,2026-03-08T00:00:00Z/2026-03-09T00:00:00Z,2026-03-08T00:00:00Z,2026-03-09T00:00:00Z,AmazonEC2,Other,RunInstances,23.519,20.557817,19.763793,Usage,us-east-1,,,prod
2404bc92-88c2-c286-d971-dce592b6b40d,2026-03-08T00:00:00Z/2026-03-09T00:00:00Z,2026-03-08T00:00:00Z,2026-03-09T00:00:00Z,AmazonEC2,Other,RunInstances,21.5415,23.07109,24.163938,Usage,us-east-1,,,prod
66a31259-6a39-2690-5eba-d0b9eff54434,2026-03-09T00:00:00Z/2026-03-10T00:00:00Z,2026-03-09T00:00:00Z,2026-03-10T00:00:00Z,AmazonEC2,BoxUsage:c5.xlarge,RunInstances,22.3377,2.078814,1.986518,Usage,us-east-1,,,prod
e1d8eb1a-4dc4-18ff-46e9-5366256e51e8,2026-03-09T00:00:00Z/2026-03-10T00:00:00Z,2026-03-09T00:00:00Z,2026-03-10T00:00:00Z,AmazonEC2,BoxUsage:c5.xlarge,RunInstances,22.4541,2.176085,2.125517,Usage,us-east-1,,,prod
b7e57cde-0059-c80b-f342-ae95bef95c4b,2026-03-09T00:00:00Z/2026-03-10T00:00:00Z,2026-03-09T00:00:00Z,2026-03-10T00:00:00Z,AmazonEC2,BoxUsage:c5.xlarge,RunInstances,21.8829,2.478595,2.49006,Usage,us-east-1,,,prod
fde33ad9-72f6-6e49-7aa1-96aa69916af6,2026-03-09T00:00:00Z/2026-03-10T00:00:00Z,2026-03-09T00:00:00Z,2026-03-10T00:00:00Z,AmazonEC2,BoxUsage:c5.xlarge,RunInstances,2.0053,2.107591,2.139015,Usage,us-east-1,,,prod
3b7c9389-0759-14e2-0b7c-d2ca8c97555c,2026-03-09T00:00:00Z/2026-03-10T00:00:00Z,2026-03-09T00:00:00Z,2026-03-10T00:00:00Z,AmazonEC2,BoxUsage:c5.xlarge,RunInstances,15.3336,2.047035,2.058198,Usage,us-east-1,,,prod
308ed012-2bdf-8e54-3ae6-c0dd66eed5d2,2026-03-09T00:00:00Z/2026-03-10T00:00:00Z,2026-03-09T00:00:00Z,2026-03-10T00:00:00Z,AmazonEC2,BoxUsage:r5.xlarge,RunInstances,12.7439,2.421532,2.445146,Usage,us-east-1,,,prod
25422e84-74fc-4f8a-3007-4d3f453015f8,2026-03-09T00:00:00Z/2026-03-10T00:00:00Z,2026-03-09T00:00:00Z,2026-03-10T00:00:00Z,AmazonEC2,BoxUsage:r5.xlarge,RunInstances,5.27,2.137097,2.128015,Usage,us-east-1,,,prod
d3344a8f-9f6d-2d06-5a40-494d725af890,2026-03-09T00:00:00Z/2026-03-10T00:00:00Z,2026-03-09T00:00:00Z,2026-03-10T00:00:00Z,AmazonEC2,BoxUsage:r5.xlarge,RunInstances,16.322,2.047626,1.977887,Usage,us-east-1,,,prod
e0fe4fd9-ed27-73e9-c151-2f0a72bd5e5e,2026-03-09T00:00:00Z/2026-03-10T00:00:00Z,2026-03-09T00:00:00Z,2026-03-10T00:00:00Z,AmazonEC2,BoxUsage:r5.xlarge,RunInstances,5.7165,2.551839,2.607436,Usage,us-east-1,,,prod
db2469ed-a564-a980-10e2-64a8a6549b01,2026-03-09T00:00:00Z/2026-03-10T00:00:00Z,2026-03-09T00:00:00Z,2026-03-10T00:00:00Z,AmazonEC2,BoxUsage:r5.xlarge,RunInstances,17.0974,2.464843,2.525342,Usage,us-east-1,,,prod
42fb813d-1a10-d2ba-e1e9-3a752e29501e,2026-03-09T00:00:00Z/2026-03-10T00:00:00Z,2026-03-09T00:00:00Z,2026-03-10T00:00:00Z,AmazonEC2,Other,RunInstances,15.7833,2.440173,2.344423,Usage,us-east-1,,,prod
e4a3e768-c0e9-8fe3-2601-f95325f3d7d2,2026-03-09T00:00:00Z/2026-03-10T00:00:00Z,2026-03-09T00:00:00Z,2026-03-10T00:00:00Z,AmazonEC2,Other,RunInstances,22.0952,2.314407,2.258735,Usage,us-east-1,,,prod
8058b5a6-37a1-57c1-2a89-069b100d3503,2026-03-09T00:00:00Z/2026-03-10T00:00:00Z,2026-03-09T00:00:00Z,2026-03-10T00:00:00Z,AmazonEC2,Other,RunInstances,14.0722,2.054991,2.001766,Usage,us-east-1,,,prod
7f7a8552-0fc0-ba60-8fba-98f2b235fa21,2026-03-09T00:00:00Z/2026-03-10T00:00:00Z,2026-03-09T00:00:00Z,2026-03-10T00:00:00Z,AmazonEC2,Other,RunInstances,6.1653,2.224962,2.237694,Usage,us-east-1,,,prod
93021d53-4649-cf4f-25c1-0f3f32922fa3,2026-03-09T00:00:00Z/2026-03-10T00:00:00Z,2026-03-09T00:00:00Z,2026-03-10T00:00:00Z,AmazonEC2,Other,RunInstances,2.4293,2.026005,2.043878,Usage,us-east-1,,,prod
97be8de1-1ea3-f6ea-be97-dfec5dffa6d5,2026-03-09T00:00:00Z/2026-03-10T00:00:00Z,2026-03-09T00:00:00Z,2026-03-10T00:00:00Z,AmazonEC2,Other,RunInstances,13.3415,2.661093,2.664022,Usage,us-east-1,,,prod
df7ba4e5-55be-be93-239d-6866956d4457,2026-03-09T00:00:00Z/2026-03-10T00:00:00Z,2026-03-09T00:00:00Z,2026-03-10T00:00:00Z,AmazonEC2,Other,RunInstances,21.4354,2.459484,2.358125,Usage,us-east-1,,,prod
b3620ec0-addb-b640-83ef-1570b7fda3a8,2026-03-09T00:00:00Z/2026-03-10T00:00:00Z,2026-03-09T00:00:00Z,2026-03-10T00:00:00Z,AmazonEC2,Other,RunInstances,15.1866,2.418034,2.346436,Usage,us-east-1,,,prod
af608ddc-ad1f-d042-b02a-448e703d58b3,2026-03-09T00:00:00Z/2026-03-10T00:00:00Z,2026-03-09T00:00:00Z,2026-03-10T00:00:00Z,AmazonEC2,Other,RunInstances,2.7322,2.177343,2.152111,Usage,us-east-1,,,prod
ced82656-a2ce-7771-4d8c-89cfceb14676,2026-03-09T00:00:00Z/2026-03-10T00:00:00Z,2026-03-09T00:00:00Z,2026-03-10T00:00:00Z,AmazonEC2,Other,RunInstances,4.3327,2.267505,2.167537,Usage,us-east-1,,,prod
8d1b0196-c486-f379-4695-40559ec9c38a,2026-03-09T00:00:00Z/2026-03-10T00:00:00Z,2026-03-09T00:00:00Z,2026-03-10T00:00:00Z,AmazonEC2,BoxUsage:m5.large,RunInstances,21.2621,23.188801,22.926859,Usage,us-east-1,,,prod
edb5e80f-861a-89d7-b9c5-e2bc1f24fbc9,2026-03-09T00:00:00Z/2026-03-10T00:00:00Z,2026-03-09T00:00:00Z,2026-03-10T00:00:00Z,AmazonEC2,BoxUsage:m5.large,RunInstances,15.2862,22.063173,21.425509,Usage,us-east-1,,,prod
6304144b-d519-0315-5cc5-680f34db3fe4,2026-03-09T00:00:00Z/2026-03-10T00:00:00Z,2026-03-09T00:00:00Z,2026-03-10T00:00:00Z,AmazonEC2,BoxUsage:m5.large,RunInstances,23.4997,19.139406,18.925306,Usage,us-east-1,,,prod
d9a927ed-2377-063a-c71d-d092af5f7d7a,2026-03-09T00:00:00Z/2026-03-10T00:00:00Z,2026-03-09T00:00:00Z,2026-03-10T00:00:00Z,AmazonEC2,BoxUsage:m5.large,RunInstances,22.7037,22.018241,22.517107,Usage,us-east-1,,,prod
c0b1440f-0b28-8cf5-7ae3-bbeed16f0e8a,2026-03-09T00:00:00Z/2026-03-10T00:00:00Z,2026-03-09T00:00:00Z,2026-03-10T00:00:00Z,AmazonEC2,BoxUsage:m5.large,RunInstances,8.0403,19.587176,19.286867,Usage,us-east-1,,,prod
ad5839e4-d53c-48fd-01f7-38d1414fec84,2026-03-09T00:00:00Z/2026-03-10T00:00:00Z,2026-03-09T00:00:00Z,2026-03-10T00:00:00Z,AmazonEC2,Other,RunInstances,15.0374,19.15615,19.931343,Usage,us-east-1,,,prod
40fccef6-4caa-e916-6df8-9b27e4c70847,2026-03-09T00:00:00Z/2026-03-10T00:00:00Z,2026-03-09T00:00:00Z,2026-03-10T00:00:00Z,AmazonEC2,Other,RunInstances,1.0681,18.344071,18.467007,Usage,us-east-1,,,prod
ba9ae172-192e-5345-30d0-23877523c5e1,2026-03-09T00:00:00Z/2026-03-10T00:00:00Z,2026-03-09T00:00:00Z,2026-03-10T00:00:00Z,AmazonEC2,Other,RunInstances,11.4948,19.790567,19.270097,Usage,us-east-1,,,prod
3f62c9ac-a5b2-a378-d24c-8a53cf49ef1e,2026-03-09T00:00:00Z/2026-03-10T00:00:00Z,2026-03-09T00:00:00Z,2026-03-10T00:00:00Z,AmazonEC2,Other,RunInstances,6.0454,18.299897,18.60272,Usage,us-east-1,,,prod
3b0514e6-2b60-1739-3d7e-98836b58cb75,2026-03-09T00:00:00Z/2026-03-10T00:00:00Z,2026-03-09T00:00:00Z,2026-03-10T00:00:00Z,AmazonEC2,Other,RunInstances,7.2938,20.17805,19.860061,Usage,us-east-1,,,prod
1a362ace-63c0-ba7c-1f93-d340f62e3219,2026-03-10T00:00:00Z/2026-03-11T00:00:00Z,2026-03-10T00:00:00Z,2026-03-11T00:00:00Z,AmazonEC2,BoxUsage:c5.xlarge,RunInstances,21.1684,2.324792,2.288951,Usage,us-east-1,,,prod
ca600e83-5de3-0335-0164-7c70bbf00ad7,2026-03-10T00:00:00Z/2026-03-11T00:00:00Z,2026-03-10T00:00:00Z,2026-03-11T00:00:00Z,AmazonEC2,BoxUsage:c5.xlarge,RunInstances,17.2593,2.093143,2.145209,Usage,us-east-1,,,prod
f8106f1e-f19d-a218-6a11-279b99649fc8,2026-03-10T00:00:00Z/2026-03-11T00:00:00Z,2026-03-10T00:00:00Z,2026-03-11T00:00:00Z,AmazonEC2,BoxUsage:c5.xlarge,RunInstances,9.582,2.197944,2.151094,Usage,us-east-1,,,prod
aae6fc81-22cf-40f0-5c32-62766dd79fb1,2026-03-10T00:00:00Z/2026-03-11T00:00:00Z,2026-03-10T00:00:00Z,2026-03-11T00:00:00Z,AmazonEC2,BoxUsage:c5.xlarge,RunInstances,7.029,2.368535,2.346112,Usage,us-east-1,,,prod
368fac55-14dc-3c65-db37-cea803335a27,2026-03-10T00:00:00Z/2026-03-11T00:00:00Z,2026-03-10T00:00:00Z,2026-03-11T00:00:00Z,AmazonEC2,BoxUsage:c5.xlarge,RunInstances,4.6279,2.472909,2.382195,Usage,us-east-1,,,prod
ff1374d6-0ad0-008d-a36e-3e5c607b82a7,2026-03-10T00:00:00Z/2026-03-11T00:00:00Z,2026-03-10T00:00:00Z,2026-03-11T00:00:00Z,AmazonEC2,BoxUsage:r5.xlarge,RunInstances,21.529,2.057857,2.134623,Usage,us-east-1,,,prod
1cb327d8-ca2b-aa5b-b28a-0df5a5303d08,2026-03-10T00:00:00Z/2026-03-11T00:00:00Z,2026-03-10T00:00:00Z,2026-03-11T00:00:00Z,AmazonEC2,BoxUsage:r5.xlarge,RunInstances,19.4447,2.03566,2.022142,Usage,us-east-1,,,prod
1220e2e1-c55b-dcdb-c813-0134cca9243e,2026-03-10T00:00:00Z/2026-03-11T00:00:00Z,2026-03-10T00:00:00Z,2026-03-11T00:00:00Z,AmazonEC2,BoxUsage:r5.xlarge,RunInstances,14.8746,2.03899,2.035796,Usage,us-east-1,,,prod
0a8bfa13-99a6-e477-7a8e-af78ba1526d2,2026-03-10T00:00:00Z/2026-03-11T00:00:00Z,2026-03-10T00:00:00Z,2026-03-11T00:00:00Z,AmazonEC2,BoxUsage:r5.xlarge,RunInstances,15.5085,2.271139,2.341746,Usage,us-east-1,,,prod
8badf3ca-5a93-412c-55cf-ddd435b78730,2026-03-10T00:00:00Z/2026-03-11T00:00:00Z,2026-03-10T00:00:00Z,2026-03-11T00:00:00Z,AmazonEC2,BoxUsage:r5.xlarge,RunInstances,7.8553,2.579214,2.500988,Usage,us-east-1,,,prod
9e233fd8-fcbe-d833-53f2-c008f502c0e0,2026-03-10T00:00:00Z/2026-03-11T00:00:00Z,2026-03-10T00:00:00Z,2026-03-11T00:00:00Z,AmazonEC2,Other,RunInstances,7.3628,2.141619,2.159676,Usage,us-east-1,,,prod
a9cc3ebe-6d44-e0e7-90a2-2197782c54b0,2026-03-10T00:00:00Z/2026-03-11T00:00:00Z,2026-03-10T00:00:00Z,2026-03-11T00:00:00Z,AmazonEC2,Other,RunInstances,10.5858,2.123659,2.099742,Usage,us-east-1,,,prod
8c906b7a-f1b6-36ee-05fb-b854797bd39c,2026-03-10T00:00:00Z/2026-03-11T00:00:00Z,2026-03-10T00:00:00Z,2026-03-11T00:00:00Z,AmazonEC2,Other,RunInstances,7.2507,2.327197,2.394718,Usage,us-east-1,,,prod
220afaf4-d76e-107e-636c-5cf84fc42c99,2026-03-10T00:00:00Z/2026-03-11T00:00:00Z,2026-03-10T00:00:00Z,2026-03-11T00:00:00Z,AmazonEC2,Other,RunInstances,20.9249,2.357075,2.414191,Usage,us-east-1,,,prod
0d5b9412-f58d-a264-9e89-49c1ddd5ea40,2026-03-10T00:00:00Z/2026-03-11T00:00:00Z,2026-03-10T00:00:00Z,2026-03-11T00:00:00Z,AmazonEC2,Other,RunInstances,5.3908,2.404801,2.444711,Usage,us-east-1,,,prod
61200dbf-8cba-38bb-5ab2-bebc725376b7,2026-03-10T00:00:00Z/2026-03-11T00:00:00Z,2026-03-10T00:00:00Z,2026-03-11T00:00:00Z,AmazonEC2,Other,RunInstances,1.0746,2.064535,2.122056,Usage,us-east-1,,,prod
e3aa5b1a-5526-3518-fc59-5250e12a5692,2026-03-10T00:00:00Z/2026-03-11T00:00:00Z,2026-03-10T00:00:00Z,2026-03-11T00:00:00Z,AmazonEC2,Other,RunInstances,15.5137,2.298703,2.222611,Usage,us-east-1,,,prod
3c7f0b6b-b2c4-53f8-46e8-d6bbe306993d,2026-03-10T00:00:00Z/2026-03-11T00:00:00Z,2026-03-10T00:00:00Z,2026-03-11T00:00:00Z,AmazonEC2,Other,RunInstances,10.1505,2.573064,2.683607,Usage,us-east-1,,,prod
009ecd77-02aa-cff9-1483-6c5bb35b5142,2026-03-10T00:00:00Z/2026-03-11T00:00:00Z,2026-03-10T00:00:00Z,2026-03-11T00:00:00Z,AmazonEC2,Other,RunInstances,3.0972,2.014109,1.921888,Usage,us-east-1,,,prod
68fa41c4-310b-787a-539c-54adbb9f2aee,2026-03-10T00:00:00Z/2026-03-11T00:00:00Z,2026-03-10T00:00:00Z,2026-03-11T00:00:00Z,AmazonEC2,Other,RunInstances,5.3579,2.182734,2.087377,Usage,us-east-1,,,prod
fa531469-7b60-ffff-dec0-37b9863bb535,2026-03-10T00:00:00Z/2026-03-11T00:00:00Z,2026-03-10T00:00:00Z,2026-03-11T00:00:00Z,AmazonEC2,BoxUsage:m5.large,RunInstances,18.9335,17.999601,17.194242,Usage,us-east-1,,,prod
94c5f039-7f8c-ca8e-eeaa-43cf66a5e07f,2026-03-10T00:00:00Z/2026-03-11T00:00:00Z,2026-03-10T00:00:00Z,2026-03-11T00:00:00Z,AmazonEC2,BoxUsage:m5.large,RunInstances,8.2006,20.635725,20.121808,Usage,us-east-1,,,prod
5bd34727-63e8-737f-d3f7-24ac80ca896a,2026-03-10T00:00:00Z/2026-03-11T00:00:00Z,2026-03-10T00:00:00Z,2026-03-11T00:00:00Z,AmazonEC2,BoxUsage:m5.large,RunInstances,6.5576,18.216877,17.338528,Usage,us-east-1,,,prod
5f1fcf90-3422-eafb-39e8-242eabc12a0b,2026-03-10T00:00:00Z/2026-03-11T00:00:00Z,2026-03-10T00:00:00Z,2026-03-11T00:00:00Z,AmazonEC2,BoxUsage:m5.large,RunInstances,20.2614,21.69272,20.795669,Usage,us-east-1,,,prod
8fc8c640-4f19-1672-30ac-e21790242cf9,2026-03-10T00:00:00Z/2026-03-11T00:00:00Z,2026-03-10T00:00:00Z,2026-03-11T00:00:00Z,AmazonEC2,BoxUsage:m5.large,RunInstances,23.1963,22.48298,23.376825,Usage,us-east-1,,,prod
50c8ca5b-3764-3adf-e845-0d8063ca52ad,2026-03-10T00:00:00Z/2026-03-11T00:00:00Z,2026-03-10T00:00:00Z,2026-03-11T00:00:00Z,AmazonEC2,Other,RunInstances,1.629,17.983504,18.191475,Usage,us-east-1,,,prod
8d960ffb-94ae-d7ce-f5cc-4a62f1c71e56,2026-03-10T00:00:00Z/2026-03-11T00:00:00Z,2026-03-10T00:00:00Z,2026-03-11T00:00:00Z,AmazonEC2,Other,RunInstances,22.6336,23.736249,23.628334,Usage,us-east-1,,,prod
75ac7a3d-8a0b-80f0-1072-e9107ffbca33,2026-03-10T00:00:00Z/2026-03-11T00:00:00Z,2026-03-10T00:00:00Z,2026-03-11T00:00:00Z,AmazonEC2,Other,RunInstances,20.501,19.13618,18.367028,Usage,us-east-1,,,prod
c362d103-b556-6f10-c2d1-e780a6603668,2026-03-10T00:00:00Z/2026-03-11T00:00:00Z,2026-03-10T00:00:00Z,2026-03-11T00:00:00Z,AmazonEC2,Other,RunInstances,1.4722,20.086684,19.159159,Usage,us-east-1,,,prod
5b81612f-635f-0231-3a11-ebce17bc401c,2026-03-10T00:00:00Z/2026-03-11T00:00:00Z,2026-03-10T00:00:00Z,2026-03-11T00:00:00Z,AmazonEC2,Other,RunInstances,20.8737,18.631055,18.670556,Usage,us-east-1,,,prod
efcbaf4b-c864-b115-a5ed-ec82703d8b79,2026-03-11T00:00:00Z/2026-03-12T00:00:00Z,2026-03-11T00:00:00Z,2026-03-12T00:00:00Z,AmazonEC2,BoxUsage:c5.xlarge,RunInstances,17.7752,2.055783,2.042105,Usage,us-east-1,,,prod
ba3f37b8-b4fb-49b1-d93d-33e4f58fc9b5,2026-03-11T00:00:00Z/2026-03-12T00:00:00Z,2026-03-11T00:00:00Z,2026-03-12T00:00:00Z,AmazonEC2,BoxUsage:c5.xlarge,RunInstances,15.5556,2.654522,2.584904,Usage,us-east-1,,,prod
b278b932-371c-8cc7-3bc1-a219b6b71a3d,2026-03-11T00:00:00Z/2026-03-12T00:00:00Z,2026-03-11T00:00:00Z,2026-03-12T00:00:00Z,AmazonEC2,BoxUsage:c5.xlarge,RunInstances,8.0653,2.18842,2.118936,Usage,us-east-1,,,prod
c83c96ee-9f2e-65c3-6980-d286a8ce6a52,2026-03-11T00:00:00Z/2026-03-12T00:00:00Z,2026-03-11T00:00:00Z,2026-03-12T00:00:00Z,AmazonEC2,BoxUsage:c5.xlarge,RunInstances,14.575,2.211117,2.220721,Usage,us-east-1,,,prod
553add75-0115-703d-1894-01cb71a34c3b,2026-03-11T00:00:00Z/2026-03-12T00:00:00Z,2026-03-11T00:00:00Z,2026-03-12T00:00:00Z,AmazonEC2,BoxUsage:c5.xlarge,RunInstances,2.4417,2.323936,2.309174,Usage,us-east-1,,,prod
9c4e1aaa-aa3f-916c-4475-b3442fe99ae0,2026-03-11T00:00:00Z/2026-03-12T00:00:00Z,2026-03-11T00:00:00Z,2026-03-12T00:00:00Z,AmazonEC2,BoxUsage:r5.xlarge,RunInstances,17.4213,2.18563,2.184824,Usage,us-east-1,,,prod
bea251b4-5291-6531-91a5-121f1804bac2,2026-03-11T00:00:00Z/2026-03-12T00:00:00Z,2026-03-11T00:00:00Z,2026-03-12T00:00:00Z,AmazonEC2,BoxUsage:r5.xlarge,RunInstances,10.9935,2.406891,2.383503,Usage,us-east-1,,,prod
b1298da5-c63b-d643-43ba-d560eff7ce35,2026-03-11T00:00:00Z/2026-03-12T00:00:00Z,2026-03-11T00:00:00Z,2026-03-12T00:00:00Z,AmazonEC2,BoxUsage:r5.xlarge,RunInstances,18.2093,2.415258,2.480179,Usage,us-east-1,,,prod
4596902c-210e-0c03-0959-616b9b6010b3,2026-03-11T00:00:00Z/2026-03-12T00:00:00Z,2026-03-11T00:00:00Z,2026-03-12T00:00:00Z,AmazonEC2,BoxUsage:r5.xlarge,RunInstances,20.112,2.647712,2.547869,Usage,us-east-1,,,prod
16e59b6d-02d8-a691-0713-dd6c69bfdd92,2026-03-11T00:00:00Z/2026-03-12T00:00:00Z,2026-03-11T00:00:00Z,2026-03-12T00:00:00Z,AmazonEC2,BoxUsage:r5.xlarge,RunInstances,18.9175,2.056118,2.139525,Usage,us-east-1,,,prod
f3f3c057-fbab-c065-3b67-6550037bade2,2026-03-11T00:00:00Z/2026-03-12T00:00:00Z,2026-03-11T00:00:00Z,2026-03-12T00:00:00Z,AmazonEC2,Other,RunInstances,9.7981,2.23369,2.201898,Usage,us-east-1,,,prod
8dd73343-62db-5f9c-ba47-f26d5d1ade41,2026-03-11T00:00:00Z/2026-03-12T00:00:00Z,2026-03-11T00:00:00Z,2026-03-12T00:00:00Z,AmazonEC2,Other,RunInstances,22.614,2.422433,2.416808,Usage,us-east-1,,,prod
1d693395-32d9-c92c-8265-7bd727dc8a80,2026-03-11T00:00:00Z/2026-03-12T00:00:00Z,2026-03-11T00:00:00Z,2026-03-12T00:00:00Z,AmazonEC2,Other,RunInstances,11.4965,2.530616,2.617475,Usage,us-east-1,,,prod
fd224d75-669b-5546-19cd-313bbb431a8f,2026-03-11T00:00:00Z/2026-03-12T00:00:00Z,2026-03-11T00:00:00Z,2026-03-12T00:00:00Z,AmazonEC2,Other,RunInstances,21.5857,2.314304,2.347266,Usage,us-east-1,,,prod
8b29a70d-48df-b467-b456-c34258fbf33e,2026-03-11T00:00:00Z/2026-03-12T00:00:00Z,2026-03-11T00:00:00Z,2026-03-12T00:00:00Z,AmazonEC2,Other,RunInstances,13.1091,2.161633,2.244704,Usage,us-east-1,,,prod
534567d8-fab1-78ca-f811-2fa5ff237294,2026-03-11T00:00:00Z/2026-03-12T00:00:00Z,2026-03-11T00:00:00Z,2026-03-12T00:00:00Z,AmazonEC2,Other,RunInstances,6.3751,2.089023,2.126303,Usage,us-east-1,,,prod
8e208985-4d0b-bc0c-5d8b-c47de42c7d5c,2026-03-11T00:00:00Z/2026-03-12T00:00:00Z,2026-03-11T00:00:00Z,2026-03-12T00:00:00Z,AmazonEC2,Other,RunInstances,8.9927,2.400194,2.353738,Usage,us-east-1,,,prod
ad5790e6-6f63-9c40-673b-260d81f7dd7e,2026-03-11T00:00:00Z/2026-03-12T00:00:00Z,2026-03-11T00:00:00Z,2026-03-12T00:00:00Z,AmazonEC2,Other,RunInstances,7.3591,2.199157,2.239403,Usage,us-east-1,,,prod
715cf63b-49bf-861b-0c16-ecabc6621c0d,2026-03-11T00:00:00Z/2026-03-12T00:00:00Z,2026-03-11T00:00:00Z,2026-03-12T00:00:00Z,AmazonEC2,Other,RunInstances,21.1168,2.501913,2.443908,Usage,us-east-1,,,prod
353dd7be-b853-857a-bfd4-ce165b515187,2026-03-11T00:00:00Z/2026-03-12T00:00:00Z,2026-03-11T00:00:00Z,2026-03-12T00:00:00Z,AmazonEC2,Other,RunInstances,7.5878,2.505036,2.510989,Usage,us-east-1,,,prod
9f7bb449-1e93-610d-8332-2389bf9ccb03,2026-03-11T00:00:00Z/2026-03-12T00:00:00Z,2026-03-11T00:00:00Z,2026-03-12T00:00:00Z,AmazonEC2,BoxUsage:m5.large,RunInstances,22.9578,20.092725,19.48574,Usage,us-east-1,,,prod
68959a95-df7c-fd76-fd18-fe12d16f6d2b,2026-03-11T00:00:00Z/2026-03-12T00:00:00Z,2026-03-11T00:00:00Z,2026-03-12T00:00:00Z,AmazonEC2,BoxUsage:m5.large,RunInstances,12.6219,19.856024,20.786319,Usage,us-east-1,,,prod
806e7019-7c5d-5263-1881-3d5d1905d378,2026-03-11T00:00:00Z/2026-03-12T00:00:00Z,2026-03-11T00:00:00Z,2026-03-12T00:00:00Z,AmazonEC2,BoxUsage:m5.large,RunInstances,3.661,22.159323,22.285011,Usage,us-east-1,,,prod
dfc7f30b-e7dd-0516-e6ef-5e029d3a4891,2026-03-11T00:00:00Z/2026-03-12T00:00:00Z,2026-03-11T00:00:00Z,2026-03-12T00:00:00Z,AmazonEC2,BoxUsage:m5.large,RunInstances,14.1575,22.576338,22.072533,Usage,us-east-1,,,prod
733a13b0-b243-1280-6b45-ef3162ad3a8b,2026-03-11T00:00:00Z/2026-03-12T00:00:00Z,2026-03-11T00:00:00Z,2026-03-12T00:00:00Z,AmazonEC2,BoxUsage:m5.large,RunInstances,10.9702,23.239395,22.970815,Usage,us-east-1,,,prod
1bf6540d-3a27-8422-4563-4b1901bbba42,2026-03-11T00:00:00Z/2026-03-12T00:00:00Z,2026-03-11T00:00:00Z,2026-03-12T00:00:00Z,AmazonEC2,Other,RunInstances,4.8119,18.850895,18.719395,Usage,us-east-1,,,prod
7270e4d7-cfc2-50c1-1738-b025435a9ec2,2026-03-11T00:00:00Z/2026-03-12T00:00:00Z,2026-03-11T00:00:00Z,2026-03-12T00:00:00Z,AmazonEC2,Other,RunInstances,22.5284,19.156157,19.678533,Usage,us-east-1,,,prod
c3025d8a-53df-2435-a2e3-9c29490efb05,2026-03-11T00:00:00Z/2026-03-12T00:00:00Z,2026-03-11T00:00:00Z,2026-03-12T00:00:00Z,AmazonEC2,Other,RunInstances,22.4962,21.568519,21.784158,Usage,us-east-1,,,prod
23e791e8-eaa5-b40e-1204-32fd6df0fcc7,2026-03-11T00:00:00Z/2026-03-12T00:00:00Z,2026-03-11T00:00:00Z,2026-03-12T00:00:00Z,AmazonEC2,Other,RunInstances,4.9737,22.375584,21.321667,Usage,us-east-1,,,prod
2896fbb9-17bc-3fd4-5020-0a77e2b2d149,2026-03-11T00:00:00Z/2026-03-12T00:00:00Z,2026-03-11T00:00:00Z,2026-03-12T00:00:00Z,AmazonEC2,Other,RunInstances,16.3559,23.325001,24.237293,Usage,us-east-1,,,prod
8ba1a9a3-bab2-f329-88c0-f3dd472e998e,2026-03-12T00:00:00Z/2026-03-13T00:00:00Z,2026-03-12T00:00:00Z,2026-03-13T00:00:00Z,AmazonEC2,BoxUsage:c5.xlarge,RunInstances,3.6971,2.076863,2.136333,Usage,us-east-1,,,prod
9bc604ef-49d5-31f4-6be1-9390fe0a16ae,2026-03-12T00:00:00Z/2026-03-13T00:00:00Z,2026-03-12T00:00:00Z,2026-03-13T00:00:00Z,AmazonEC2,BoxUsage:c5.xlarge,RunInstances,19.3394,2.347098,2.418215,Usage,us-east-1,,,prod
eb2a92f6-9aed-bae1-437e-74ae4db14694,2026-03-12T00:00:00Z/2026-03-13T00:00:00Z,2026-03-12T00:00:00Z,2026-03-13T00:00:00Z,AmazonEC2,BoxUsage:c5.xlarge,RunInstances,11.2529,2.500302,2.454698,Usage,us-east-1,,,prod
4c74c9e1-0a99-cef9-79a9-c010fe6dcef6,2026-03-12T00:00:00Z/2026-03-13T00:00:00Z,2026-03-12T00:00:00Z,2026-03-13T00:00:00Z,AmazonEC2,BoxUsage:c5.xlarge,RunInstances,12.183,2.079887,2.008831,Usage,us-east-1,,,prod
ff28d8e5-5735-5749-0e44-bbe6920aee69,2026-03-12T00:00:00Z/2026-03-13T00:00:00Z,2026-03-12T00:00:00Z,2026-03-13T00:00:00Z,AmazonEC2,BoxUsage:c5.xlarge,RunInstances,2.7259,2.434278,2.520022,Usage,us-east-1,,,prod
d0b5f908-fb59-396f-db03-717c800ace5a,2026-03-12T00:00:00Z/2026-03-13T00:00:00Z,2026-03-12T00:00:00Z,2026-03-13T00:00:00Z,AmazonEC2,BoxUsage:r5.xlarge,RunInstances,22.5163,2.671264,2.627389,Usage,us-east-1,,,prod
92441f42-e421-123b-d085-02621ba1e6dd,2026-03-12T00:00:00Z/2026-03-13T00:00:00Z,2026-03-12T00:00:00Z,2026-03-13T00:00:00Z,AmazonEC2,BoxUsage:r5.xlarge,RunInstances,4.6579,2.663513,2.691136,Usage,us-east-1,,,prod
e66e226c-9590-e705-a517-eef63bc53809,2026-03-12T00:00:00Z/2026-03-13T00:00:00Z,2026-03-12T00:00:00Z,2026-03-13T00:00:00Z,AmazonEC2,BoxUsage:r5.xlarge,RunInstances,18.864,2.241943,2.143429,Usage,us-east-1,,,prod
7ebc9878-dfd3-eda7-c42b-bbf77215756c,2026-03-12T00:00:00Z/2026-03-13T00:00:00Z,2026-03-12T00:00:00Z,2026-03-13T00:00:00Z,AmazonEC2,BoxUsage:r5.xlarge,RunInstances,14.5667,2.13149,2.233717,Usage,us-east-1,,,prod
4ebc22eb-3afa-cb87-a78d-33ce6cb135bb,2026-03-12T00:00:00Z/2026-03-13T00:00:00Z,2026-03-12T00:00:00Z,2026-03-13T00:00:00Z,AmazonEC2,BoxUsage:r5.xlarge,RunInstances,15.3884,2.653139,2.734302,Usage,us-east-1,,,prod
b1918061-ce44-b3af-2832-116829614c11,2026-03-12T00:00:00Z/2026-03-13T00:00:00Z,2026-03-12T00:00:00Z,2026-03-13T00:00:00Z,AmazonEC2,Other,RunInstances,8.9558,2.227277,2.298396,Usage,us-east-1,,,prod
a6b8c7fd-9b46-1f56-365e-405f3109a6bf,2026-03-12T00:00:00Z/2026-03-13T00:00:00Z,2026-03-12T00:00:00Z,2026-03-13T00:00:00Z,AmazonEC2,Other,RunInstances,10.5188,2.148295,2.042797,Usage,us-east-1,,,prod
6bf030ac-bfc1-11bf-f131-3f33d14d1d11,2026-03-12T00:00:00Z/2026-03-13T00:00:00Z,2026-03-12T00:00:00Z,2026-03-13T00:00:00Z,AmazonEC2,Other,RunInstances,3.9002,2.152413,2.06962,Usage,us-east-1,,,prod
eb2738cb-84ba-ae08-567d-1958be699c96,2026-03-12T00:00:00Z/2026-03-13T00:00:00Z,2026-03-12T00:00:00Z,2026-03-13T00:00:00Z,AmazonEC2,Other,RunInstances,14.6427,2.057889,1.968103,Usage,us-east-1,,,prod
78dc630a-f000-9bdf-e59b-5010033528a7,2026-03-12T00:00:00Z/2026-03-13T00:00:00Z,2026-03-12T00:00:00Z,2026-03-13T00:00:00Z,AmazonEC2,Other,RunInstances,3.5117,2.281198,2.269573,Usage,us-east-1,,,prod
c6db28da-eeda-00f0-8e99-f87afd7cf37a,2026-03-12T00:00:00Z/2026-03-13T00:00:00Z,2026-03-12T00:00:00Z,2026-03-13T00:00:00Z,AmazonEC2,Other,RunInstances,18.8228,2.130598,2.093983,Usage,us-east-1,,,prod
d7caf5d0-d1fa-93b9-3b20-b32aaf6f643f,2026-03-12T00:00:00Z/2026-03-13T00:00:00Z,2026-03-12T00:00:00Z,2026-03-13T00:00:00Z,AmazonEC2,Other,RunInstances,6.3143,2.625331,2.603031,Usage,us-east-1,,,prod
b3b65c32-e64e-dbff-8574-a36fb06bdfe5,2026-03-12T00:00:00Z/2026-03-13T00:00:00Z,2026-03-12T00:00:00Z,2026-03-13T00:00:00Z,AmazonEC2,Other,RunInstances,20.1708,2.076841,2.167469,Usage,us-east-1,,,prod
e7a7c208-494e-c469-bbce-585fbe005e79,2026-03-12T00:00:00Z/2026-03-13T00:00:00Z,2026-03-12T00:00:00Z,2026-03-13T00:00:00Z,AmazonEC2,Other,RunInstances,14.2173,2.060487,1.971795,Usage,us-east-1,,,prod
835cd7d7-3033-7784-bc2e-de55782193f0,2026-03-12T00:00:00Z/2026-03-13T00:00:00Z,2026-03-12T00:00:00Z,2026-03-13T00:00:00Z,AmazonEC2,Other,RunInstances,2.0423,2.551219,2.558224,Usage,us-east-1,,,prod
a1465614-a4b2-cbc7-d97e-4dd343d8fc7e,2026-03-12T00:00:00Z/2026-03-13T00:00:00Z,2026-03-12T00:00:00Z,2026-03-13T00:00:00Z,AmazonEC2,BoxUsage:m5.large,RunInstances,17.3798,23.239371,22.868621,Usage,us-east-1,,,prod
d0424659-75b7-092e-e53a-19ee17a01555,2026-03-12T00:00:00Z/2026-03-13T00:00:00Z,2026-03-12T00:00:00Z,2026-03-13T00:00:00Z,AmazonEC2,BoxUsage:m5.large,RunInstances,6.1857,22.362333,23.172585,Usage,us-east-1,,,prod
f056dcea-88bf-a6dc-237f-d3bf408ef84e,2026-03-12T00:00:00Z/2026-03-13T00:00:00Z,2026-03-12T00:00:00Z,2026-03-13T00:00:00Z,AmazonEC2,BoxUsage:m5.large,RunInstances,19.7392,22.95345,22.306973,Usage,us-east-1,,,prod
0c67362b-f123-47c8-a555-a2452acaf803,2026-03-12T00:00:00Z/2026-03-13T00:00:00Z,2026-03-12T00:00:00Z,2026-03-13T00:00:00Z,AmazonEC2,BoxUsage:m5.large,RunInstances,9.7801,19.668202,19.176122,Usage,us-east-1,,,prod
7a3f6668-d409-cbd0-ac96-c430dd316401,2026-03-12T00:00:00Z/2026-03-13T00:00:00Z,2026-03-12T00:00:00Z,2026-03-13T00:00:00Z,AmazonEC2,BoxUsage:m5.large,RunInstances,4.5807,19.616555,19.888121,Usage,us-east-1,,,prod
c6976585-73a8-a10b-5051-20eb1d49b925,2026-03-12T00:00:00Z/2026-03-13T00:00:00Z,2026-03-12T00:00:00Z,2026-03-13T00:00:00Z,AmazonEC2,Other,RunInstances,10.8835,22.266962,22.886785,Usage,us-east-1,,,prod
9963ef1c-dfb0-25ec-8af1-d37a79356a62,2026-03-12T00:00:00Z/2026-03-13T00:00:00Z,2026-03-12T00:00:00Z,2026-03-13T00:00:00Z,AmazonEC2,Other,RunInstances,1.3904,22.375076,23.3229,Usage,us-east-1,,,prod
192e2145-bf87-8a94-cd85-c9605e8de3bf,2026-03-12T00:00:00Z/2026-03-13T00:00:00Z,2026-03-12T00:00:00Z,2026-03-13T00:00:00Z,AmazonEC2,Other,RunInstances,6.8264,20.301587,19.843524,Usage,us-east-1,,,prod
263262af-eef9-a855-8431-48549f329331,2026-03-12T00:00:00Z/2026-03-13T00:00:00Z,2026-03-12T00:00:00Z,2026-03-13T00:00:00Z,AmazonEC2,Other,RunInstances,15.4502,20.898045,20.780068,Usage,us-east-1,,,prod
55f30160-1755-b2ac-29b7-b802376a009a,2026-03-12T00:00:00Z/2026-03-13T00:00:00Z,2026-03-12T00:00:00Z,2026-03-13T00:00:00Z,AmazonEC2,Other,RunInstances,2.8087,20.560307,20.904317,Usage,us-east-1,,,prod
bc41feb1-3131-07d9-3287-f6a19f877000,2026-03-13T00:00:00Z/2026-03-14T00:00:00Z,2026-03-13T00:00:00Z,2026-03-14T00:00:00Z,AmazonEC2,BoxUsage:c5.xlarge,RunInstances,14.8503,2.538045,2.513059,Usage,us-east-1,,,prod
5ad23216-68d8-8675-d5eb-e8a7073d25cd,2026-03-13T00:00:00Z/2026-03-14T00:00:00Z,2026-03-13T00:00:00Z,2026-03-14T00:00:00Z,AmazonEC2,BoxUsage:c5.xlarge,RunInstances,20.5007,2.15229,2.19851,Usage,us-east-1,,,prod
7b6727f9-f1b8-777c-709a-8abde99031e2,2026-03-13T00:00:00Z/2026-03-14T00:00:00Z,2026-03-13T00:00:00Z,2026-03-14T00:00:00Z,AmazonEC2,BoxUsage:c5.xlarge,RunInstances,8.0009,2.401882,2.379325,Usage,us-east-1,,,prod
7efc6169-16c5-8323-63d2-d1635c06f938,2026-03-13T00:00:00Z/2026-03-14T00:00:00Z,2026-03-13T00:00:00Z,2026-03-14T00:00:00Z,AmazonEC2,BoxUsage:c5.xlarge,RunInstances,4.8699,2.575857,2.476061,Usage,us-east-1,,,prod
4e037e8f-1cf5-167f-b23d-170e2f2bb39d,2026-03-13T00:00:00Z/2026-03-14T00:00:00Z,2026-03-13T00:00:00Z,2026-03-14T00:00:00Z,AmazonEC2,BoxUsage:c5.xlarge,RunInstances,15.7379,2.443529,2.417287,Usage,us-east-1,,,prod
3ed3758d-e657-d8b5-5657-c004cd5e2a77,2026-03-13T00:00:00Z/2026-03-14T00:00:00Z,2026-03-13T00:00:00Z,2026-03-14T00:00:00Z,AmazonEC2,BoxUsage:r5.xlarge,RunInstances,1.0331,2.551246,2.651539,Usage,us-east-1,,,prod
930dcc1b-b6bf-f771-7ed4-dc14821d47b6,2026-03-13T00:00:00Z/2026-03-14T00:00:00Z,2026-03-13T00:00:00Z,2026-03-14T00:00:00Z,AmazonEC2,BoxUsage:r5.xlarge,RunInstances,1.5773,2.486141,2.532957,Usage,us-east-1,,,prod
9ea100d9-787e-29db-6183-fe9e4ead5045,2026-03-13T00:00:00Z/2026-03-14T00:00:00Z,2026-03-13T00:00:00Z,2026-03-14T00:00:00Z,AmazonEC2,BoxUsage:r5.xlarge,RunInstances,2.4575,2.382697,2.335996,Usage,us-east-1,,,prod
680213ae-e808-6803-fcbf-7615b646e1bc,2026-03-13T00:00:00Z/2026-03-14T00:00:00Z,2026-03-13T00:00:00Z,2026-03-14T00:00:00Z,AmazonEC2,BoxUsage:r5.xlarge,RunInstances,14.8077,2.595955,2.494872,Usage,us-east-1,,,prod
5ceb0b09-a8ed-14ec-87f2-22587fafeba5,2026-03-13T00:00:00Z/2026-03-14T00:00:00Z,2026-03-13T00:00:00Z,2026-03-14T00:00:00Z,AmazonEC2,BoxUsage:r5.xlarge,RunInstances,15.5294,2.097596,2.079986,Usage,us-east-1,,,prod
e36caec3-509a-e595-1bce-2230275763e8,2026-03-13T00:00:00Z/2026-03-14T00:00:00Z,2026-03-13T00:00:00Z,2026-03-14T00:00:00Z,AmazonEC2,Other,RunInstances,22.1047,2.005719,1.981177,Usage,us-east-1,,,prod
e2bd3fc2-b4eb-2b21-7c11-2f2de77c2b70,2026-03-13T00:00:00Z/2026-03-14T00:00:00Z,2026-03-13T00:00:00Z,2026-03-14T00:00:00Z,AmazonEC2,Other,RunInstances,18.3259,2.56414,2.554708,Usage,us-east-1,,,prod
627ad09b-12b2-7b30-69f1-c6f441e613cc,2026-03-13T00:00:00Z/2026-03-14T00:00:00Z,2026-03-13T00:00:00Z,2026-03-14T00:00:00Z,AmazonEC2,Other,RunInstances,23.9008,2.130377,2.120649,Usage,us-east-1,,,prod
66db5aa2-c44e-f993-9477-6fe3a2cfa335,2026-03-13T00:00:00Z/2026-03-14T00:00:00Z,2026-03-13T00:00:00Z,2026-03-14T00:00:00Z,AmazonEC2,Other,RunInstances,4.5398,2.234911,2.341857,Usage,us-east-1,,,prod
334c968a-8216-d736-9ea3-016915899542,2026-03-13T00:00:00Z/2026-03-14T00:00:00Z,2026-03-13T00:00:00Z,2026-03-14T00:00:00Z,AmazonEC2,Other,RunInstances,12.4072,2.24002,2.324673,Usage,us-east-1,,,prod
59f1b0f1-743a-6996-b39f-6931107f4869,2026-03-13T00:00:00Z/2026-03-14T00:00:00Z,2026-03-13T00:00:00Z,2026-03-14T00:00:00Z,AmazonEC2,Other,RunInstances,6.9873,2.002678,2.077073,Usage,us-east-1,,,prod
56fc3d2b-6771-631e-cdc0-07c47ea25026,2026-03-13T00:00:00Z/2026-03-14T00:00:00Z,2026-03-13T00:00:00Z,2026-03-14T00:00:00Z,AmazonEC2,Other,RunInstances,12.5585,2.468579,2.526534,Usage,us-east-1,,,prod
a3472f03-719c-2927-c1b2-36b3d3c8b6e6,2026-03-13T00:00:00Z/2026-03-14T00:00:00Z,2026-03-13T00:00:00Z,2026-03-14T00:00:00Z,AmazonEC2,Other,RunInstances,23.8354,2.604963,2.551236,Usage,us-east-1,,,prod
2d1f92d4-b4ff-cd54-2201-e9612fdf10e3,2026-03-13T00:00:00Z/2026-03-14T00:00:00Z,2026-03-13T00:00:00Z,2026-03-14T00:00:00Z,AmazonEC2,Other,RunInstances,7.4663,2.299881,2.393634,Usage,us-east-1,,,prod
ef15c8b0-366a-cef9-12c6-f73b7a3e25f6,2026-03-13T00:00:00Z/2026-03-14T00:00:00Z,2026-03-13T00:00:00Z,2026-03-14T00:00:00Z,AmazonEC2,Other,RunInstances,7.3951,2.626387,2.597874,Usage,us-east-1,,,prod
b5252d6a-86ea-745b-9a99-f35e6fca8897,2026-03-13T00:00:00Z/2026-03-14T00:00:00Z,2026-03-13T00:00:00Z,2026-03-14T00:00:00Z,AmazonEC2,BoxUsage:m5.large,RunInstances,15.6579,18.863864,17.97333,Usage,us-east-1,,,prod
046549d9-e67f-f1c0-43c7-d747deb77d8a,2026-03-13T00:00:00Z/2026-03-14T00:00:00Z,2026-03-13T00:00:00Z,2026-03-14T00:00:00Z,AmazonEC2,BoxUsage:m5.large,RunInstances,9.0778,22.012605,21.784277,Usage,us-east-1,,,prod
bce93600-cc25-9bb5-d0dc-bd7731f91ab5,2026-03-13T00:00:00Z/2026-03-14T00:00:00Z,2026-03-13T00:00:00Z,2026-03-14T00:00:00Z,AmazonEC2,BoxUsage:m5.large,RunInstances,6.246,21.316043,20.695561,Usage,us-east-1,,,prod
b97a5dcb-4b14-5020-4e8e-d3e54280aab9,2026-03-13T00:00:00Z/2026-03-14T00:00:00Z,2026-03-13T00:00:00Z,2026-03-14T00:00:00Z,AmazonEC2,BoxUsage:m5.large,RunInstances,8.3392,22.329205,23.320209,Usage,us-east-1,,,prod
8e1edb6a-3f93-e46c-6460-7d27e04cc486,2026-03-13T00:00:00Z/2026-03-14T00:00:00Z,2026-03-13T00:00:00Z,2026-03-14T00:00:00Z,AmazonEC2,BoxUsage:m5.large,RunInstances,12.5668,18.670952,18.909472,Usage,us-east-1,,,prod
9b7b5749-2134-d21e-ea8e-2183aad87b12,2026-03-13T00:00:00Z/2026-03-14T00:00:00Z,2026-03-13T00:00:00Z,2026-03-14T00:00:00Z,AmazonEC2,Other,RunInstances,11.6487,22.528508,23.219634,Usage,us-east-1,,,prod
4f397313-34c0-6750-96df-706091620083,2026-03-13T00:00:00Z/2026-03-14T00:00:00Z,2026-03-13T00:00:00Z,2026-03-14T00:00:00Z,AmazonEC2,Other,RunInstances,14.1263,19.519326,20.391468,Usage,us-east-1,,,prod
41511e40-71ae-be6e-c963-b461750a32e7,2026-03-13T00:00:00Z/2026-03-14T00:00:00Z,2026-03-13T00:00:00Z,2026-03-14T00:00:00Z,AmazonEC2,Other,RunInstances,11.8372,18.600971,18.337442,Usage,us-east-1,,,prod
e9643d27-8388-3e39-52b3-57970072a11e,2026-03-13T00:00:00Z/2026-03-14T00:00:00Z,2026-03-13T00:00:00Z,2026-03-14T00:00:00Z,AmazonEC2,Other,RunInstances,4.0543,18.613846,19.162888,Usage,us-east-1,,,prod
6311a91f-034a-e930-60dc-a28cfd34a86b,2026-03-13T00:00:00Z/2026-03-14T00:00:00Z,2026-03-13T00:00:00Z,2026-03-14T00:00:00Z,AmazonEC2,Other,RunInstances,21.4877,21.659991,22.261713,Usage,us-east-1,,,prod
0d99ef9d-5e71-5eda-d052-13de2fb1b10d,2026-03-14T00:00:00Z/2026-03-15T00:00:00Z,2026-03-14T00:00:00Z,2026-03-15T00:00:00Z,AmazonEC2,BoxUsage:c5.xlarge,RunInstances,5.9096,2.30022,2.306041,Usage,us-east-1,,,prod
878b3849-93d4-fcb1-2a2d-91677d370122,2026-03-14T00:00:00Z/2026-03-15T00:00:00Z,2026-03-14T00:00:00Z,2026-03-15T00:00:00Z,AmazonEC2,BoxUsage:c5.xlarge,RunInstances,5.5674,2.260512,2.309668,Usage,us-east-1,,,prod
70c8ac21-f697-fce8-62b5-a5653ef29aba,2026-03-14T00:00:00Z/2026-03-15T00:00:00Z,2026-03-14T00:00:00Z,2026-03-15T00:00:00Z,AmazonEC2,BoxUsage:c5.xlarge,RunInstances,19.4495,2.310964,2.207413,Usage,us-east-1,,,prod
32dc0102-2ad6-26b1-304d-55065b7f4239,2026-03-14T00:00:00Z/2026-03-15T00:00:00Z,2026-03-14T00:00:00Z,2026-03-15T00:00:00Z,AmazonEC2,BoxUsage:c5.xlarge,RunInstances,3.8261,2.530974,2.421354,Usage,us-east-1,,,prod
8f1e9cd8-7456-bf7c-2a6c-ef7f38d34df1,2026-03-14T00:00:00Z/2026-03-15T00:00:00Z,2026-03-14T00:00:00Z,2026-03-15T00:00:00Z,AmazonEC2,BoxUsage:c5.xlarge,RunInstances,5.0529,2.423413,2.464089,Usage,us-east-1,,,prod
c37b75c4-73c8-c954-1210-ff6f235d5199,2026-03-14T00:00:00Z/2026-03-15T00:00:00Z,2026-03-14T00:00:00Z,2026-03-15T00:00:00Z,AmazonEC2,BoxUsage:r5.xlarge,RunInstances,11.7035,2.611175,2.594758,Usage,us-east-1,,,prod
5f95d616-a26a-63eb-5fed-f355f99d86e9,2026-03-14T00:00:00Z/2026-03-15T00:00:00Z,2026-03-14T00:00:00Z,2026-03-15T00:00:00Z,AmazonEC2,BoxUsage:r5.xlarge,RunInstances,21.4554,2.676691,2.637633,Usage,us-east-1,,,prod
54d16fd6-88cd-6a65-1730-997e1b702537,2026-03-14T00:00:00Z/2026-03-15T00:00:00Z,2026-03-14T00:00:00Z,2026-03-15T00:00:00Z,AmazonEC2,BoxUsage:r5.xlarge,RunInstances,11.2569,2.323248,2.218399,Usage,us-east-1,,,prod
90a62b37-28f3-4944-dd98-102933ad00aa,2026-03-14T00:00:00Z/2026-03-15T00:00:00Z,2026-03-14T00:00:00Z,2026-03-15T00:00:00Z,AmazonEC2,BoxUsage:r5.xlarge,RunInstances,11.5916,2.595855,2.701396,Usage,us-east-1,,,prod
1bd13f42-beb3-c1f0-8936-e98625fffc05,2026-03-14T00:00:00Z/2026-03-15T00:00:00Z,2026-03-14T00:00:00Z,2026-03-15T00:00:00Z,AmazonEC2,BoxUsage:r5.xlarge,RunInstances,22.8375,2.163609,2.241036,Usage,us-east-1,,,prod
92e18285-4791-9909-ed74-4c7a15fbbc02,2026-03-14T00:00:00Z/2026-03-15T00:00:00Z,2026-03-14T00:00:00Z,2026-03-15T00:00:00Z,AmazonEC2,Other,RunInstances,7.1742,2.311389,2.267905,Usage,us-east-1,,,prod
f3628c1a-4237-7959-cee2-3a87d88eeff2,2026-03-14T00:00:00Z/2026-03-15T00:00:00Z,2026-03-14T00:00:00Z,2026-03-15T00:00:00Z,AmazonEC2,Other,RunInstances,18.7714,2.347106,2.361768,Usage,us-east-1,,,prod
f22f5ccd-29e0-0e35-f671-92f7c9d9fc0e,2026-03-14T00:00:00Z/2026-03-15T00:00:00Z,2026-03-14T00:00:00Z,2026-03-15T00:00:00Z,AmazonEC2,Other,RunInstances,16.6183,2.122633,2.158416,Usage,us-east-1,,,prod
64e041b9-3ec6-7e8d-99e7-b72d3cbf32e0,2026-03-14T00:00:00Z/2026-03-15T00:00:00Z,2026-03-14T00:00:00Z,2026-03-15T00:00:00Z,AmazonEC2,Other,RunInstances,14.1502,2.055056,2.023375,Usage,us-east-1,,,prod
b4f2e8db-adf6-3ff1-d719-a44cbb243acf,2026-03-14T00:00:00Z/2026-03-15T00:00:00Z,2026-03-14T00:00:00Z,2026-03-15T00:00:00Z,AmazonEC2,Other,RunInstances,21.4044,2.019811,1.949088,Usage,us-east-1,,,prod
05efd1b8-f3df-7786-9c9d-f4c5c0cce3e7,2026-03-14T00:00:00Z/2026-03-15T00:00:00Z,2026-03-14T00:00:00Z,2026-03-15T00:00:00Z,AmazonEC2,Other,RunInstances,12.209,2.331407,2.26075,Usage,us-east-1,,,prod
c5b8ab50-57c1-a246-018a-11e33b745545,2026-03-14T00:00:00Z/2026-03-15T00:00:00Z,2026-03-14T00:00:00Z,2026-03-15T00:00:00Z,AmazonEC2,Other,RunInstances,11.5791,2.379654,2.410145,Usage,us-east-1,,,prod
c0d46fe1-f82f-7229-9c39-757f42939188,2026-03-14T00:00:00Z/2026-03-15T00:00:00Z,2026-03-14T00:00:00Z,2026-03-15T00:00:00Z,AmazonEC2,Other,RunInstances,15.6401,2.244456,2.159499,Usage,us-east-1,,,prod
4da6c6c7-64a6-9b02-aeee-72f28e4cb7fd,2026-03-14T00:00:00Z/2026-03-15T00:00:00Z,2026-03-14T00:00:00Z,2026-03-15T00:00:00Z,AmazonEC2,Other,RunInstances,2.656,2.012991,1.991408,Usage,us-east-1,,,prod
008576d0-e198-971b-31b5-f8f46e1b68d8,2026-03-14T00:00:00Z/2026-03-15T00:00:00Z,2026-03-14T00:00:00Z,2026-03-15T00:00:00Z,AmazonEC2,Other,RunInstances,6.1129,2.551837,2.488608,Usage,us-east-1,,,prod
f19c14e2-8ca7-c798-1ca3-2a22b2d59919,2026-03-14T00:00:00Z/2026-03-15T00:00:00Z,2026-03-14T00:00:00Z,2026-03-15T00:00:00Z,AmazonEC2,BoxUsage:m5.large,RunInstances,8.4661,18.673159,19.440116,Usage,us-east-1,,,prod
918f8a7e-67c2-e5fd-b52b-f896013ba19e,2026-03-14T00:00:00Z/2026-03-15T00:00:00Z,2026-03-14T00:00:00Z,2026-03-15T00:00:00Z,AmazonEC2,BoxUsage:m5.large,RunInstances,5.8001,22.201956,22.345865,Usage,us-east-1,,,prod
d057c657-5ea6-7ca8-2515-8540b7ac6dce,2026-03-14T00:00:00Z/2026-03-15T00:00:00Z,2026-03-14T00:00:00Z,2026-03-15T00:00:00Z,AmazonEC2,BoxUsage:m5.large,RunInstances,11.0392,19.621249,20.430561,Usage,us-east-1,,,prod
28009890-c27f-1eb6-dec9-c15e7504fd4a,2026-03-14T00:00:00Z/2026-03-15T00:00:00Z,2026-03-14T00:00:00Z,2026-03-15T00:00:00Z,AmazonEC2,BoxUsage:m5.large,RunInstances,8.392,20.330045,21.305018,Usage,us-east-1,,,prod
8b6f9956-2e88-70c6-c88b-dd082cdc3a11,2026-03-14T00:00:00Z/2026-03-15T00:00:00Z,2026-03-14T00:00:00Z,2026-03-15T00:00:00Z,AmazonEC2,BoxUsage:m5.large,RunInstances,16.2786,20.646452,20.82111,Usage,us-east-1,,,prod
7f9a424f-8da8-258e-4c56-b578c169c8cd,2026-03-14T00:00:00Z/2026-03-15T00:00:00Z,2026-03-14T00:00:00Z,2026-03-15T00:00:00Z,AmazonEC2,Other,RunInstances,2.1937,21.115707,20.988335,Usage,us-east-1,,,prod
c8a1139b-27bc-965f-d26a-cf48581642db,2026-03-14T00:00:00Z/2026-03-15T00:00:00Z,2026-03-14T00:00:00Z,2026-03-15T00:00:00Z,AmazonEC2,Other,RunInstances,8.4068,22.020098,22.116664,Usage,us-east-1,,,prod
11021a37-b8cf-3d3a-5522-45c4fa310a6d,2026-03-14T00:00:00Z/2026-03-15T00:00:00Z,2026-03-14T00:00:00Z,2026-03-15T00:00:00Z,AmazonEC2,Other,RunInstances,4.5114,23.731688,23.6712,Usage,us-east-1,,,prod
c56b2da0-f605-6713-9ce0-f373dc4b1d54,2026-03-14T00:00:00Z/2026-03-15T00:00:00Z,2026-03-14T00:00:00Z,2026-03-15T00:00:00Z,AmazonEC2,Other,RunInstances,12.5856,20.529078,20.409892,Usage,us-east-1,,,prod
4e418227-095d-2f61-4d1d-0c22e90aa207,2026-03-14T00:00:00Z/2026-03-15T00:00:00Z,2026-03-14T00:00:00Z,2026-03-15T00:00:00Z,AmazonEC2,Other,RunInstances,3.4637,18.072389,17.842033,Usage,us-east-1,,,prod
ebd4bbad-0150-cdb0-a41b-1542d7c6f90c,2026-03-15T00:00:00Z/2026-03-16T00:00:00Z,2026-03-15T00:00:00Z,2026-03-16T00:00:00Z,AmazonEC2,BoxUsage:c5.xlarge,RunInstances,12.1077,2.097735,2.15759,Usage,us-east-1,,,prod
cac321a6-2775-ca0c-bcae-952f559a9da2,2026-03-15T00:00:00Z/2026-03-16T00:00:00Z,2026-03-15T00:00:00Z,2026-03-16T00:00:00Z,AmazonEC2,BoxUsage:c5.xlarge,RunInstances,7.9265,2.402588,2.505951,Usage,us-east-1,,,prod
18a401f7-f5a4-e288-e17d-480a20287f40,2026-03-15T00:00:00Z/2026-03-16T00:00:00Z,2026-03-15T00:00:00Z,2026-03-16T00:00:00Z,AmazonEC2,BoxUsage:c5.xlarge,RunInstances,9.0544,2.555652,2.43203,Usage,us-east-1,,,prod
9c871485-2529-5ddd-87bd-9c13fcd38661,2026-03-15T00:00:00Z/2026-03-16T00:00:00Z,2026-03-15T00:00:00Z,2026-03-16T00:00:00Z,AmazonEC2,BoxUsage:c5.xlarge,RunInstances,13.6867,2.612382,2.619964,Usage,us-east-1,,,prod
5bed3690-dbca-91a4-067a-1a4f87318e6f,2026-03-15T00:00:00Z/2026-03-16T00:00:00Z,2026-03-15T00:00:00Z,2026-03-16T00:00:00Z,AmazonEC2,BoxUsage:c5.xlarge,RunInstances,21.0103,2.110117,2.043314,Usage,us-east-1,,,prod
9f95daa7-2980-023e-89d2-c9036e8499a1,2026-03-15T00:00:00Z/2026-03-16T00:00:00Z,2026-03-15T00:00:00Z,2026-03-16T00:00:00Z,AmazonEC2,BoxUsage:r5.xlarge,RunInstances,7.3316,2.46234,2.533534,Usage,us-east-1,,,prod
06d07b15-0a34-474c-ee82-535cf11b56f6,2026-03-15T00:00:00Z/2026-03-16T00:00:00Z,2026-03-15T00:00:00Z,2026-03-16T00:00:00Z,AmazonEC2,BoxUsage:r5.xlarge,RunInstances,22.0127,2.314675,2.211634,Usage,us-east-1,,,prod
d0a6950d-c004-61a2-14a3-392741c37816,2026-03-15T00:00:00Z/2026-03-16T00:00:00Z,2026-03-15T00:00:00Z,2026-03-16T00:00:00Z,AmazonEC2,BoxUsage:r5.xlarge,RunInstances,12.5973,2.012131,1.994187,Usage,us-east-1,,,prod
53f563dc-cfe4-3f39-f53f-69e3c296cbcd,2026-03-15T00:00:00Z/2026-03-16T00:00:00Z,2026-03-15T00:00:00Z,2026-03-16T00:00:00Z,AmazonEC2,BoxUsage:r5.xlarge,RunInstances,5.4892,2.630499,2.556891,Usage,us-east-1,,,prod
cdb41f1e-beac-9cf8-7d5a-759512aa593f,2026-03-15T00:00:00Z/2026-03-16T00:00:00Z,2026-03-15T00:00:00Z,2026-03-16T00:00:00Z,AmazonEC2,BoxUsage:r5.xlarge,RunInstances,16.0345,2.195949,2.143203,Usage,us-east-1,,,prod
70fa7927-9520-7583-ca14-e216e160604b,2026-03-15T00:00:00Z/2026-03-16T00:00:00Z,2026-03-15T00:00:00Z,2026-03-16T00:00:00Z,AmazonEC2,Other,RunInstances,23.8926,2.269201,2.346338,Usage,us-east-1,,,prod
c68891f3-fbb7-a2ef-c49d-bffc29b8f2fc,2026-03-15T00:00:00Z/2026-03-16T00:00:00Z,2026-03-15T00:00:00Z,2026-03-16T00:00:00Z,AmazonEC2,Other,RunInstances,10.4498,1.995506,1.929148,Usage,us-east-1,,,prod
0ef4b144-7acd-a12f-0e0f-931e61a2d95f,2026-03-15T00:00:00Z/2026-03-16T00:00:00Z,2026-03-15T00:00:00Z,2026-03-16T00:00:00Z,AmazonEC2,Other,RunInstances,10.9537,2.52331,2.497248,Usage,us-east-1,,,prod
da72a841-b84a-0bc3-3bbe-9cdad7cca3a2,2026-03-15T00:00:00Z/2026-03-16T00:00:00Z,2026-03-15T00:00:00Z,2026-03-16T00:00:00Z,AmazonEC2,Other,RunInstances,23.3426,2.06161,2.138972,Usage,us-east-1,,,prod
c5604714-59e2-0af0-7309-2181fef9011f,2026-03-15T00:00:00Z/2026-03-16T00:00:00Z,2026-03-15T00:00:00Z,2026-03-16T00:00:00Z,AmazonEC2,Other,RunInstances,4.5488,2.330608,2.373961,Usage,us-east-1,,,prod
1141eae6-f4e6-15c5-c720-7874d9369c73,2026-03-15T00:00:00Z/2026-03-16T00:00:00Z,2026-03-15T00:00:00Z,2026-03-16T00:00:00Z,AmazonEC2,Other,RunInstances,18.7519,2.490094,2.414179,Usage,us-east-1,,,prod
fc4ae5a2-b27e-b784-0419-0f583fba9b9e,2026-03-15T00:00:00Z/2026-03-16T00:00:00Z,2026-03-15T00:00:00Z,2026-03-16T00:00:00Z,AmazonEC2,Other,RunInstances,4.0551,2.018593,2.066855,Usage,us-east-1,,,prod
9c94ffb6-34e3-2c25-283c-b2c6ca1a8003,2026-03-15T00:00:00Z/2026-03-16T00:00:00Z,2026-03-15T00:00:00Z,2026-03-16T00:00:00Z,AmazonEC2,Other,RunInstances,11.8832,2.371507,2.406686,Usage,us-east-1,,,prod
c5dd0bf0-c421-ae69-5245-dae31ac56e0b,2026-03-15T00:00:00Z/2026-03-16T00:00:00Z,2026-03-15T00:00:00Z,2026-03-16T00:00:00Z,AmazonEC2,Other,RunInstances,15.6543,2.536117,2.529015,Usage,us-east-1,,,prod
ba2714ec-1a65-a6dd-ea4d-a79cfa5fd808,2026-03-15T00:00:00Z/2026-03-16T00:00:00Z,2026-03-15T00:00:00Z,2026-03-16T00:00:00Z,AmazonEC2,Other,RunInstances,13.0203,2.234105,2.144229,Usage,us-east-1,,,prod
e1bc7dff-1d59-c44f-dfeb-eb4487be96fc,2026-03-15T00:00:00Z/2026-03-16T00:00:00Z,2026-03-15T00:00:00Z,2026-03-16T00:00:00Z,AmazonEC2,BoxUsage:m5.large,RunInstances,10.2056,19.486784,20.406555,Usage,us-east-1,,,prod
c6cea14d-f041-72e5-91ca-0e3171894285,2026-03-15T00:00:00Z/2026-03-16T00:00:00Z,2026-03-15T00:00:00Z,2026-03-16T00:00:00Z,AmazonEC2,BoxUsage:m5.large,RunInstances,12.2307,18.192666,18.080604,Usage,us-east-1,,,prod
e4a9a79c-f755-dbec-4d94-800a244df6b4,2026-03-15T00:00:00Z/2026-03-16T00:00:00Z,2026-03-15T00:00:00Z,2026-03-16T00:00:00Z,AmazonEC2,BoxUsage:m5.large,RunInstances,6.043,22.808316,23.17203,Usage,us-east-1,,,prod
b55976ee-41cb-5898-ac1b-8447d83928fe,2026-03-15T00:00:00Z/2026-03-16T00:00:00Z,2026-03-15T00:00:00Z,2026-03-16T00:00:00Z,AmazonEC2,BoxUsage:m5.large,RunInstances,22.4194,21.057608,21.217132,Usage,us-east-1,,,prod
51a05cae-b4c4-0e3c-9531-84f69c84ac97,2026-03-15T00:00:00Z/2026-03-16T00:00:00Z,2026-03-15T00:00:00Z,2026-03-16T00:00:00Z,AmazonEC2,BoxUsage:m5.large,RunInstances,19.7969,18.323892,18.077822,Usage,us-east-1,,,prod
224d9548-3425-4ee3-ccf2-39915675632f,2026-03-15T00:00:00Z/2026-03-16T00:00:00Z,2026-03-15T00:00:00Z,2026-03-16T00:00:00Z,AmazonEC2,Other,RunInstances,14.6829,17.786193,17.322293,Usage,us-east-1,,,prod
6a661cd5-6d4d-f760-a018-4b5d9bb442ca,2026-03-15T00:00:00Z/2026-03-16T00:00:00Z,2026-03-15T00:00:00Z,2026-03-16T00:00:00Z,AmazonEC2,Other,RunInstances,22.2259,23.43555,22.965458,Usage,us-east-1,,,prod
150405e3-f3b2-6340-7253-fe9eb891c394,2026-03-15T00:00:00Z/2026-03-16T00:00:00Z,2026-03-15T00:00:00Z,2026-03-16T00:00:00Z,AmazonEC2,Other,RunInstances,4.6391,21.163443,21.635013,Usage,us-east-1,,,prod
c85b140b-2ae0-1f4a-f501-d18d7d5816d9,2026-03-15T00:00:00Z/2026-03-16T00:00:00Z,2026-03-15T00:00:00Z,2026-03-16T00:00:00Z,AmazonEC2,Other,RunInstances,17.6305,20.510929,21.145119,Usage,us-east-1,,,prod
9d9c8136-030f-bff8-cb6c-06f9a1789f79,2026-03-15T00:00:00Z/2026-03-16T00:00:00Z,2026-03-15T00:00:00Z,2026-03-16T00:00:00Z,AmazonEC2,Other,RunInstances,6.5387,18.324972,18.125047,Usage,us-east-1,,,prod
d1627fcd-f056-9fed-308b-a4950e4e1876,2026-03-16T00:00:00Z/2026-03-17T00:00:00Z,2026-03-16T00:00:00Z,2026-03-17T00:00:00Z,AmazonEC2,BoxUsage:c5.xlarge,RunInstances,3.279,2.276966,2.27465,Usage,us-east-1,,,prod
daa01a76-084a-8e02-e211-d275a51d29b9,2026-03-16T00:00:00Z/2026-03-17T00:00:00Z,2026-03-16T00:00:00Z,2026-03-17T00:00:00Z,AmazonEC2,BoxUsage:c5.xlarge,RunInstances,20.6098,2.175047,2.222736,Usage,us-east-1,,,prod
0529fd59-cae3-a207-e285-5d4d84fef9cc,2026-03-16T00:00:00Z/2026-03-17T00:00:00Z,2026-03-16T00:00:00Z,2026-03-17T00:00:00Z,AmazonEC2,BoxUsage:c5.xlarge,RunInstances,5.2063,2.574365,2.497371,Usage,us-east-1,,,prod
b2640304-29e0-10aa-7186-f0aff9748526,2026-03-16T00:00:00Z/2026-03-17T00:00:00Z,2026-03-16T00:00:00Z,2026-03-17T00:00:00Z,AmazonEC2,BoxUsage:c5.xlarge,RunInstances,18.9924,2.539815,2.6573,Usage,us-east-1,,,prod
dd32afde-412b-6a33-b822-dd497defd8c8,2026-03-16T00:00:00Z/2026-03-17T00:00:00Z,2026-03-16T00:00:00Z,2026-03-17T00:00:00Z,AmazonEC2,BoxUsage:c5.xlarge,RunInstances,3.0904,2.449108,2.500394,Usage,us-east-1,,,prod
0b2f3936-af79-1e5a-da6d-6a643b06467f,2026-03-16T00:00:00Z/2026-03-17T00:00:00Z,2026-03-16T00:00:00Z,2026-03-17T00:00:00Z,AmazonEC2,BoxUsage:r5.xlarge,RunInstances,12.8943,2.436666,2.519603,Usage,us-east-1,,,prod
808b7156-d9d9-2f1e-78fb-99729f5d4209,2026-03-16T00:00:00Z/2026-03-17T00:00:00Z,2026-03-16T00:00:00Z,2026-03-17T00:00:00Z,AmazonEC2,BoxUsage:r5.xlarge,RunInstances,7.498,2.462151,2.486951,Usage,us-east-1,,,prod
6a02e012-ccd0-b9f1-2531-8a2e8bea03d0,2026-03-16T00:00:00Z/2026-03-17T00:00:00Z,2026-03-16T00:00:00Z,2026-03-17T00:00:00Z,AmazonEC2,BoxUsage:r5.xlarge,RunInstances,20.555,2.266154,2.319684,Usage,us-east-1,,,prod
11a03db7-7c74-4b49-75fc-d554d86f9100,2026-03-16T00:00:00Z/2026-03-17T00:00:00Z,2026-03-16T00:00:00Z,2026-03-17T00:00:00Z,AmazonEC2,BoxUsage:r5.xlarge,RunInstances,21.7106,2.593699,2.618853,Usage,us-east-1,,,prod
b5b7f779-c9f0-e645-c0fe-91454f5aa32d,2026-03-16T00:00:00Z/2026-03-17T00:00:00Z,2026-03-16T00:00:00Z,2026-03-17T00:00:00Z,AmazonEC2,BoxUsage:r5.xlarge,RunInstances,19.4264,2.277935,2.16775,Usage,us-east-1,,,prod
8ef94890-b2a4-32ef-911c-4f85e261139b,2026-03-16T00:00:00Z/2026-03-17T00:00:00Z,2026-03-16T00:00:00Z,2026-03-17T00:00:00Z,AmazonEC2,Other,RunInstances,22.4418,2.034293,2.103807,Usage,us-east-1,,,prod
958b7592-b41a-57f6-6451-cbb79831e14a,2026-03-16T00:00:00Z/2026-03-17T00:00:00Z,2026-03-16T00:00:00Z,2026-03-17T00:00:00Z,AmazonEC2,Other,RunInstances,19.0905,2.253324,2.350551,Usage,us-east-1,,,prod
e81cce62-b5ea-e456-144a-d16ce0c3daac,2026-03-16T00:00:00Z/2026-03-17T00:00:00Z,2026-03-16T00:00:00Z,2026-03-17T00:00:00Z,AmazonEC2,Other,RunInstances,14.7782,2.036198,2.115968,Usage,us-east-1,,,prod
d0e9787f-4ddc-a6cb-0eaa-af7c1efe8a33,2026-03-16T00:00:00Z/2026-03-17T00:00:00Z,2026-03-16T00:00:00Z,2026-03-17T00:00:00Z,AmazonEC2,Other,RunInstances,23.6021,2.506542,2.626216,Usage,us-east-1,,,prod
6391bf64-2696-f356-eccb-42fe8e872d43,2026-03-16T00:00:00Z/2026-03-17T00:00:00Z,2026-03-16T00:00:00Z,2026-03-17T00:00:00Z,AmazonEC2,Other,RunInstances,18.4773,2.631714,2.712268,Usage,us-east-1,,,prod
77853274-0c37-7d2b-6796-2e1e427e5421,2026-03-16T00:00:00Z/2026-03-17T00:00:00Z,2026-03-16T00:00:00Z,2026-03-17T00:00:00Z,AmazonEC2,Other,RunInstances,23.9885,2.542833,2.549109,Usage,us-east-1,,,prod
30664308-30eb-c69d-1e66-e42c90cef6de,2026-03-16T00:00:00Z/2026-03-17T00:00:00Z,2026-03-16T00:00:00Z,2026-03-17T00:00:00Z,AmazonEC2,Other,RunInstances,19.9539,2.474383,2.411581,Usage,us-east-1,,,prod
5882f37f-3f4c-c141-44b6-f92528f3fa88,2026-03-16T00:00:00Z/2026-03-17T00:00:00Z,2026-03-16T00:00:00Z,2026-03-17T00:00:00Z,AmazonEC2,Other,RunInstances,9.3058,2.238762,2.248698,Usage,us-east-1,,,prod
e1f2f5ad-9900-3923-bb5d-264f78c8830d,2026-03-16T00:00:00Z/2026-03-17T00:00:00Z,2026-03-16T00:00:00Z,2026-03-17T00:00:00Z,AmazonEC2,Other,RunInstances,19.1915,2.629843,2.593576,Usage,us-east-1,,,prod
7d50c613-5e58-b852-3dac-e4b05b208ad5,2026-03-16T00:00:00Z/2026-03-17T00:00:00Z,2026-03-16T00:00:00Z,2026-03-17T00:00:00Z,AmazonEC2,Other,RunInstances,17.3882,2.166394,2.104588,Usage,us-east-1,,,prod
93259a76-3017-8893-6423-121a66964cf8,2026-03-16T00:00:00Z/2026-03-17T00:00:00Z,2026-03-16T00:00:00Z,2026-03-17T00:00:00Z,AmazonEC2,BoxUsage:m5.large,RunInstances,3.7087,18.780111,17.853791,Usage,us-east-1,,,prod
dd6f8374-2207-8d1d-c4ac-1bb81df9640c,2026-03-16T00:00:00Z/2026-03-17T00:00:00Z,2026-03-16T00:00:00Z,2026-03-17T00:00:00Z,AmazonEC2,BoxUsage:m5.large,RunInstances,19.4061,19.90806,20.222007,Usage,us-east-1,,,prod
5b9985e8-018e-5c3c-f497-28bd18d30996,2026-03-16T00:00:00Z/2026-03-17T00:00:00Z,2026-03-16T00:00:00Z,2026-03-17T00:00:00Z,AmazonEC2,BoxUsage:m5.large,RunInstances,3.9272,17.909028,18.325723,Usage,us-east-1,,,prod
5598ea80-c2c5-cf6c-3dfd-de9fbfe13b7a,2026-03-16T00:00:00Z/2026-03-17T00:00:00Z,2026-03-16T00:00:00Z,2026-03-17T00:00:00Z,AmazonEC2,BoxUsage:m5.large,RunInstances,15.7171,22.954488,24.086695,Usage,us-east-1,,,prod
11172c41-27ae-e9c7-a319-8eace1804774,2026-03-16T00:00:00Z/2026-03-17T00:00:00Z,2026-03-16T00:00:00Z,2026-03-17T00:00:00Z,AmazonEC2,BoxUsage:m5.large,RunInstances,1.5572,21.771966,22.082628,Usage,us-east-1,,,prod
3d23f73a-59ea-85a3-815d-ee0add5775c0,2026-03-16T00:00:00Z/2026-03-17T00:00:00Z,2026-03-16T00:00:00Z,2026-03-17T00:00:00Z,AmazonEC2,Other,RunInstances,7.6669,21.108762,20.658205,Usage,us-east-1,,,prod
7936c286-5f50-4cda-3ee5-72dbb4ee2f7f,2026-03-16T00:00:00Z/2026-03-17T00:00:00Z,2026-03-16T00:00:00Z,2026-03-17T00:00:00Z,AmazonEC2,Other,RunInstances,19.9653,18.515374,18.141572,Usage,us-east-1,,,prod
9f74dff7-6095-951a-f469-18ac49f0f51c,2026-03-16T00:00:00Z/2026-03-17T00:00:00Z,2026-03-16T00:00:00Z,2026-03-17T00:00:00Z,AmazonEC2,Other,RunInstances,19.3923,19.325101,19.395855,Usage,us-east-1,,,prod
190d68e5-2ce8-07fd-7bb5-b70a1202229b,2026-03-16T00:00:00Z/2026-03-17T00:00:00Z,2026-03-16T00:00:00Z,2026-03-17T00:00:00Z,AmazonEC2,Other,RunInstances,22.9539,20.677795,20.33587,Usage,us-east-1,,,prod
faa85993-478d-0192-5bec-3cbf9a716b8d,2026-03-16T00:00:00Z/2026-03-17T00:00:00Z,2026-03-16T00:00:00Z,2026-03-17T00:00:00Z,AmazonEC2,Other,RunInstances,13.8661,21.338942,21.463751,Usage,us-east-1,,,prod
5340f2b9-f344-96af-3d43-96fdf059b694,2026-03-17T00:00:00Z/2026-03-18T00:00:00Z,2026-03-17T00:00:00Z,2026-03-18T00:00:00Z,AmazonEC2,BoxUsage:c5.xlarge,RunInstances,5.4456,2.590547,2.649064,Usage,us-east-1,,,prod
f37e5206-02d0-70e2-ab28-e761db0e9cc7,2026-03-17T00:00:00Z/2026-03-18T00:00:00Z,2026-03-17T00:00:00Z,2026-03-18T00:00:00Z,AmazonEC2,BoxUsage:c5.xlarge,RunInstances,4.9973,2.442458,2.331291,Usage,us-east-1,,,prod
22cd0fe4-9225-1110-8933-f6727cd58d2d,2026-03-17T00:00:00Z/2026-03-18T00:00:00Z,2026-03-17T00:00:00Z,2026-03-18T00:00:00Z,AmazonEC2,BoxUsage:c5.xlarge,RunInstances,5.8888,2.642996,2.758755,Usage,us-east-1,,,prod
48bc6d9a-ce40-e5bf-ec44-dd70dd58eb98,2026-03-17T00:00:00Z/2026-03-18T00:00:00Z,2026-03-17T00:00:00Z,2026-03-18T00:00:00Z,AmazonEC2,BoxUsage:c5.xlarge,RunInstances,15.2107,2.58128,2.672778,Usage,us-east-1,,,prod
7ae0a9b7-c297-a142-013f-425c7900c746,2026-03-17T00:00:00Z/2026-03-18T00:00:00Z,2026-03-17T00:00:00Z,2026-03-18T00:00:00Z,AmazonEC2,BoxUsage:c5.xlarge,RunInstances,5.975,2.664522,2.634965,Usage,us-east-1,,,prod
b77e4b16-ad28-7f18-803d-7088f9d203e8,2026-03-17T00:00:00Z/2026-03-18T00:00:00Z,2026-03-17T00:00:00Z,2026-03-18T00:00:00Z,AmazonEC2,BoxUsage:r5.xlarge,RunInstances,19.2851,2.585749,2.672821,Usage,us-east-1,,,prod
449300fd-0ac4-10e3-fd69-ef2e1ecfd196,2026-03-17T00:00:00Z/2026-03-18T00:00:00Z,2026-03-17T00:00:00Z,2026-03-18T00:00:00Z,AmazonEC2,BoxUsage:r5.xlarge,RunInstances,9.292,2.524026,2.612332,Usage,us-east-1,,,prod
3b58f2a6-5266-89d2-fb03-30e94df2ed90,2026-03-17T00:00:00Z/2026-03-18T00:00:00Z,2026-03-17T00:00:00Z,2026-03-18T00:00:00Z,AmazonEC2,BoxUsage:r5.xlarge,RunInstances,17.7509,2.225532,2.257011,Usage,us-east-1,,,prod
b6df70b2-cc13-8eac-0083-c5bb1432d143,2026-03-17T00:00:00Z/2026-03-18T00:00:00Z,2026-03-17T00:00:00Z,2026-03-18T00:00:00Z,AmazonEC2,BoxUsage:r5.xlarge,RunInstances,16.3682,2.393561,2.320096,Usage,us-east-1,,,prod
19fbc68d-ee13-20e4-1536-477256f0d7ee,2026-03-17T00:00:00Z/2026-03-18T00:00:00Z,2026-03-17T00:00:00Z,2026-03-18T00:00:00Z,AmazonEC2,BoxUsage:r5.xlarge,RunInstances,6.794,2.415539,2.298835,Usage,us-east-1,,,prod
1e207bfc-dc28-e467-4974-dcef4d772834,2026-03-17T00:00:00Z/2026-03-18T00:00:00Z,2026-03-17T00:00:00Z,2026-03-18T00:00:00Z,AmazonEC2,Other,RunInstances,3.5571,2.503804,2.572567,Usage,us-east-1,,,prod
1e875062-591d-67e6-074c-8f245855517d,2026-03-17T00:00:00Z/2026-03-18T00:00:00Z,2026-03-17T00:00:00Z,2026-03-18T00:00:00Z,AmazonEC2,Other,RunInstances,16.3115,2.119031,2.166572,Usage,us-east-1,,,prod
fa5adac1-3254-9f7b-0b4d-1df8fa984579,2026-03-17T00:00:00Z/2026-03-18T00:00:00Z,2026-03-17T00:00:00Z,2026-03-18T00:00:00Z,AmazonEC2,Other,RunInstances,11.2169,2.477194,2.594368,Usage,us-east-1,,,prod
d72043d2-a076-8f2b-835f-c7cd8eab1b24,2026-03-17T00:00:00Z/2026-03-18T00:00:00Z,2026-03-17T00:00:00Z,2026-03-18T00:00:00Z,AmazonEC2,Other,RunInstances,18.0045,2.253401,2.298934,Usage,us-east-1,,,prod
d9c7d745-842b-e5a5-f716-5a0c6c4f4ce6,2026-03-17T00:00:00Z/2026-03-18T00:00:00Z,2026-03-17T00:00:00Z,2026-03-18T00:00:00Z,AmazonEC2,Other,RunInstances,4.5958,2.039248,2.030842,Usage,us-east-1,,,prod
cf97f2d2-f422-21bf-f329-da11356f6790,2026-03-17T00:00:00Z/2026-03-18T00:00:00Z,2026-03-17T00:00:00Z,2026-03-18T00:00:00Z,AmazonEC2,Other,RunInstances,19.7101,2.462641,2.484921,Usage,us-east-1,,,prod
056ba10c-1473-fa51-c334-050cb19b274e,2026-03-17T00:00:00Z/2026-03-18T00:00:00Z,2026-03-17T00:00:00Z,2026-03-18T00:00:00Z,AmazonEC2,Other,RunInstances,20.5701,2.629132,2.537874,Usage,us-east-1,,,prod
d3f2e1ce-7652-d6e6-83f8-88a783ddc161,2026-03-17T00:00:00Z/2026-03-18T00:00:00Z,2026-03-17T00:00:00Z,2026-03-18T00:00:00Z,AmazonEC2,Other,RunInstances,22.4849,2.384428,2.500229,Usage,us-east-1,,,prod
650ac41d-a135-6ea7-be5a-c9cb54ba9884,2026-03-17T00:00:00Z/2026-03-18T00:00:00Z,2026-03-17T00:00:00Z,2026-03-18T00:00:00Z,AmazonEC2,Other,RunInstances,23.8828,2.632178,2.743472,Usage,us-east-1,,,prod
fa273d42-9065-c294-cbbb-f768155a71b0,2026-03-17T00:00:00Z/2026-03-18T00:00:00Z,2026-03-17T00:00:00Z,2026-03-18T00:00:00Z,AmazonEC2,Other,RunInstances,23.6358,2.608973,2.666615,Usage,us-east-1,,,prod
1089f6db-4461-34aa-7021-f92a95def0e3,2026-03-17T00:00:00Z/2026-03-18T00:00:00Z,2026-03-17T00:00:00Z,2026-03-18T00:00:00Z,AmazonEC2,BoxUsage:m5.large,RunInstances,17.1851,22.367401,22.471994,Usage,us-east-1,,,prod
bed044e4-0b9e-960c-32fb-20b0d15e5a0e,2026-03-17T00:00:00Z/2026-03-18T00:00:00Z,2026-03-17T00:00:00Z,2026-03-18T00:00:00Z,AmazonEC2,BoxUsage:m5.large,RunInstances,2.2404,20.618146,20.652256,Usage,us-east-1,,,prod
94e7ff5e-e4ab-05d9-cbd3-f6ee25155e6c,2026-03-17T00:00:00Z/2026-03-18T00:00:00Z,2026-03-17T00:00:00Z,2026-03-18T00:00:00Z,AmazonEC2,BoxUsage:m5.large,RunInstances,1.46,20.36775,19.922895,Usage,us-east-1,,,prod
840cd48b-79de-2edf-fbf9-59f59d01a94c,2026-03-17T00:00:00Z/2026-03-18T00:00:00Z,2026-03-17T00:00:00Z,2026-03-18T00:00:00Z,AmazonEC2,BoxUsage:m5.large,RunInstances,4.1402,21.684181,22.731447,Usage,us-east-1,,,prod
c54e52f5-8693-1294-7885-d64122a82bd3,2026-03-17T00:00:00Z/2026-03-18T00:00:00Z,2026-03-17T00:00:00Z,2026-03-18T00:00:00Z,AmazonEC2,BoxUsage:m5.large,RunInstances,13.1095,19.498832,19.636131,Usage,us-east-1,,,prod
27a27105-1ea8-6da5-39ea-5968fe6fa630,2026-03-17T00:00:00Z/2026-03-18T00:00:00Z,2026-03-17T00:00:00Z,2026-03-18T00:00:00Z,AmazonEC2,Other,RunInstances,2.4086,18.022654,17.502584,Usage,us-east-1,,,prod
3c76f4c0-21b8-3a0f-4879-8050399846e8,2026-03-17T00:00:00Z/2026-03-18T00:00:00Z,2026-03-17T00:00:00Z,2026-03-18T00:00:00Z,AmazonEC2,Other,RunInstances,14.1935,21.954936,21.818312,Usage,us-east-1,,,prod
e7044dd1-12c9-0db9-61b5-8625f06f8029,2026-03-17T00:00:00Z/2026-03-18T00:00:00Z,2026-03-17T00:00:00Z,2026-03-18T00:00:00Z,AmazonEC2,Other,RunInstances,6.3306,19.155519,19.325388,Usage,us-east-1,,,prod
177ff30f-21ef-a13d-58e8-b033f7f9f68e,2026-03-17T00:00:00Z/2026-03-18T00:00:00Z,2026-03-17T00:00:00Z,2026-03-18T00:00:00Z,AmazonEC2,Other,RunInstances,14.6385,19.203769,18.708362,Usage,us-east-1,,,prod
39212497-0db6-ff21-dd95-4239305e03ab,2026-03-17T00:00:00Z/2026-03-18T00:00:00Z,2026-03-17T00:00:00Z,2026-03-18T00:00:00Z,AmazonEC2,Other,RunInstances,12.3447,22.528387,21.949342,Usage,us-east-1,,,prod
22313840-8bf4-5965-e360-b9e08958acfc,2026-03-18T00:00:00Z/2026-03-19T00:00:00Z,2026-03-18T00:00:00Z,2026-03-19T00:00:00Z,AmazonEC2,BoxUsage:c5.xlarge,RunInstances,12.4687,2.084078,2.037304,Usage,us-east-1,,,prod
61b31320-d212-4e27-5d6e-847226cc549f,2026-03-18T00:00:00Z/2026-03-19T00:00:00Z,2026-03-18T00:00:00Z,2026-03-19T00:00:00Z,AmazonEC2,BoxUsage:c5.xlarge,RunInstances,5.3988,2.288183,2.200192,Usage,us-east-1,,,prod
4a064070-8f41-08e6-85a1-0a0bf5389e6f,2026-03-18T00:00:00Z/2026-03-19T00:00:00Z,2026-03-18T00:00:00Z,2026-03-19T00:00:00Z,AmazonEC2,BoxUsage:c5.xlarge,RunInstances,12.3504,2.079967,2.103942,Usage,us-east-1,,,prod
c6ff52f4-9fbd-868c-5bbf-a28356c312c3,2026-03-18T00:00:00Z/2026-03-19T00:00:00Z,2026-03-18T00:00:00Z,2026-03-19T00:00:00Z,AmazonEC2,BoxUsage:c5.xlarge,RunInstances,6.2894,2.322704,2.237374,Usage,us-east-1,,,prod
7bf528ac-8c53-2575-7112-7edd714eaf26,2026-03-18T00:00:00Z/2026-03-19T00:00:00Z,2026-03-18T00:00:00Z,2026-03-19T00:00:00Z,AmazonEC2,BoxUsage:c5.xlarge,RunInstances,1.573,2.18067,2.167964,Usage,us-east-1,,,prod
14f65326-27bc-fc9c-6eda-43a721044668,2026-03-18T00:00:00Z/2026-03-19T00:00:00Z,2026-03-18T00:00:00Z,2026-03-19T00:00:00Z,AmazonEC2,BoxUsage:r5.xlarge,RunInstances,16.6229,2.48862,2.552488,Usage,us-east-1,,,prod
9af7e9d6-6f8f-eeeb-ec90-5f85d78b33d6,2026-03-18T00:00:00Z/2026-03-19T00:00:00Z,2026-03-18T00:00:00Z,2026-03-19T00:00:00Z,AmazonEC2,BoxUsage:r5.xlarge,RunInstances,9.0696,2.094624,1.99214,Usage,us-east-1,,,prod
314c8802-ae73-05a3-c0f4-340ea3876f91,2026-03-18T00:00:00Z/2026-03-19T00:00:00Z,2026-03-18T00:00:00Z,2026-03-19T00:00:00Z,AmazonEC2,BoxUsage:r5.xlarge,RunInstances,20.2851,1.997033,1.923075,Usage,us-east-1,,,prod
8c0171fb-a4e7-6fd0-41c7-b776277e2ffd,2026-03-18T00:00:00Z/2026-03-19T00:00:00Z,2026-03-18T00:00:00Z,2026-03-19T00:00:00Z,AmazonEC2,BoxUsage:r5.xlarge,RunInstances,3.8922,2.021082,2.073315,Usage,us-east-1,,,prod
fecc42fe-ec90-4157-bc5e-3435110e1e86,2026-03-18T00:00:00Z/2026-03-19T00:00:00Z,2026-03-18T00:00:00Z,2026-03-19T00:00:00Z,AmazonEC2,BoxUsage:r5.xlarge,RunInstances,12.3343,2.451841,2.523866,Usage,us-east-1,,,prod
64fd598e-4f61-d209-f5cf-c76d9089c361,2026-03-18T00:00:00Z/2026-03-19T00:00:00Z,2026-03-18T00:00:00Z,2026-03-19T00:00:00Z,AmazonEC2,Other,RunInstances,15.9834,2.294802,2.195075,Usage,us-east-1,,,prod
497a307d-1d9b-7f9e-9fee-070a8c32c16a,2026-03-18T00:00:00Z/2026-03-19T00:00:00Z,2026-03-18T00:00:00Z,2026-03-19T00:00:00Z,AmazonEC2,Other,RunInstances,15.9104,2.140242,2.244352,Usage,us-east-1,,,prod
f18458ba-56fb-ad6c-4ffe-fa8e1898cd1c,2026-03-18T00:00:00Z/2026-03-19T00:00:00Z,2026-03-18T00:00:00Z,2026-03-19T00:00:00Z,AmazonEC2,Other,RunInstances,2.9453,2.198306,2.118174,Usage,us-east-1,,,prod
a9215a0b-9a49-8f77-6861-4652f2383de2,2026-03-18T00:00:00Z/2026-03-19T00:00:00Z,2026-03-18T00:00:00Z,2026-03-19T00:00:00Z,AmazonEC2,Other,RunInstances,19.8702,2.285156,2.367926,Usage,us-east-1,,,prod
38b47354-5117-6e01-43cb-0d31f475f053,2026-03-18T00:00:00Z/2026-03-19T00:00:00Z,2026-03-18T00:00:00Z,2026-03-19T00:00:00Z,AmazonEC2,Other,RunInstances,18.0368,2.564817,2.540841,Usage,us-east-1,,,prod
542f0c7d-abb6-cb9b-d948-eb1a3b6533f3,2026-03-18T00:00:00Z/2026-03-19T00:00:00Z,2026-03-18T00:00:00Z,2026-03-19T00:00:00Z,AmazonEC2,Other,RunInstances,15.1992,2.010812,1.951885,Usage,us-east-1,,,prod
4bc6c564-0347-c4b7-b0d0-ffe6621d3126,2026-03-18T00:00:00Z/2026-03-19T00:00:00Z,2026-03-18T00:00:00Z,2026-03-19T00:00:00Z,AmazonEC2,Other,RunInstances,14.6609,2.266486,2.349576,Usage,us-east-1,,,prod
0f7080ab-57aa-50ac-2987-2a40a92de3cb,2026-03-18T00:00:00Z/2026-03-19T00:00:00Z,2026-03-18T00:00:00Z,2026-03-19T00:00:00Z,AmazonEC2,Other,RunInstances,4.0505,2.384079,2.337639,Usage,us-east-1,,,prod
1ef91205-c6b4-80f5-d154-13babc8ae60a,2026-03-18T00:00:00Z/2026-03-19T00:00:00Z,2026-03-18T00:00:00Z,2026-03-19T00:00:00Z,AmazonEC2,Other,RunInstances,10.9725,1.995184,2.027431,Usage,us-east-1,,,prod
238dbf0c-df6d-0bea-33eb-0a325025e80b,2026-03-18T00:00:00Z/2026-03-19T00:00:00Z,2026-03-18T00:00:00Z,2026-03-19T00:00:00Z,AmazonEC2,Other,RunInstances,14.8008,2.17756,2.247257,Usage,us-east-1,,,prod
a532d417-8a3d-f40d-ab0f-d063dc89d090,2026-03-18T00:00:00Z/2026-03-19T00:00:00Z,2026-03-18T00:00:00Z,2026-03-19T00:00:00Z,AmazonEC2,BoxUsage:m5.large,RunInstances,11.5603,21.203354,20.728043,Usage,us-east-1,,,prod
59e89890-7da6-9740-a254-4bc955291ed8,2026-03-18T00:00:00Z/2026-03-19T00:00:00Z,2026-03-18T00:00:00Z,2026-03-19T00:00:00Z,AmazonEC2,BoxUsage:m5.large,RunInstances,4.7951,22.687298,23.636892,Usage,us-east-1,,,prod
54d71339-dfbf-800c-ddc6-0f576e901a15,2026-03-18T00:00:00Z/2026-03-19T00:00:00Z,2026-03-18T00:00:00Z,2026-03-19T00:00:00Z,AmazonEC2,BoxUsage:m5.large,RunInstances,11.2172,21.688731,20.836339,Usage,us-east-1,,,prod
c614fc55-8343-9ec8-cb6d-2031509bb013,2026-03-18T00:00:00Z/2026-03-19T00:00:00Z,2026-03-18T00:00:00Z,2026-03-19T00:00:00Z,AmazonEC2,BoxUsage:m5.large,RunInstances,5.2476,23.56972,23.799148,Usage,us-east-1,,,prod
67a44a80-8e69-ea80-8962-2e100afee82b,2026-03-18T00:00:00Z/2026-03-19T00:00:00Z,2026-03-18T00:00:00Z,2026-03-19T00:00:00Z,AmazonEC2,BoxUsage:m5.large,RunInstances,7.8189,18.561893,18.267071,Usage,us-east-1,,,prod
5c9fd682-ddac-db80-00fc-97a2abff20f1,2026-03-18T00:00:00Z/2026-03-19T00:00:00Z,2026-03-18T00:00:00Z,2026-03-19T00:00:00Z,AmazonEC2,Other,RunInstances,5.7687,23.255926,22.664684,Usage,us-east-1,,,prod
ab61e59c-2cb9-b5c2-3129-1345b982aa91,2026-03-18T00:00:00Z/2026-03-19T00:00:00Z,2026-03-18T00:00:00Z,2026-03-19T00:00:00Z,AmazonEC2,Other,RunInstances,7.2641,23.591747,22.712067,Usage,us-east-1,,,prod
5370b41e-e6a3-720d-89a5-ccfead8ac82e,2026-03-18T00:00:00Z/2026-03-19T00:00:00Z,2026-03-18T00:00:00Z,2026-03-19T00:00:00Z,AmazonEC2,Other,RunInstances,4.6425,23.209393,23.50815,Usage,us-east-1,,,prod
fa1e3dd0-855f-f136-1a07-f24e6671d05a,2026-03-18T00:00:00Z/2026-03-19T00:00:00Z,2026-03-18T00:00:00Z,2026-03-19T00:00:00Z,AmazonEC2,Other,RunInstances,16.9122,22.640291,23.230906,Usage,us-east-1,,,prod
e65293a8-f9b0-51d2-3a72-b80ab52b6fe1,2026-03-18T00:00:00Z/2026-03-19T00:00:00Z,2026-03-18T00:00:00Z,2026-03-19T00:00:00Z,AmazonEC2,Other,RunInstances,7.2259,19.506168,20.372317,Usage,us-east-1,,,prod
